[2025-10-10 16:09:19] 
[2025-10-10 16:09:19] [ITERACION 1]
[2025-10-10 16:09:19] 
[2025-10-10 16:09:19] [TEST] Instagram Web - Feed loading
[2025-10-10 16:09:19] [OCR] (0.00s): 16:07 € @
[2025-10-10 16:09:19] no ff ull
[2025-10-10 16:09:19] 
[2025-10-10 16:09:19] 
[2025-10-10 16:09:19] [OCR] (5.11s): ro ff ll
[2025-10-10 16:09:19] 
[2025-10-10 16:09:19] < > a
[2025-10-10 16:09:19] 
[2025-10-10 16:09:19] atras adelante pestafhas inicio
[2025-10-10 16:09:19] 
[2025-10-10 16:09:19] 
[2025-10-10 16:09:19] 
[2025-10-10 16:09:19] [TEST] Instagram Web - Short video playback
[2025-10-10 16:09:19] [OCR] (0.00s): 16:07 @ © mo fe ull
[2025-10-10 16:09:19] 
[2025-10-10 16:09:19] q :
[2025-10-10 16:09:19] 
[2025-10-10 16:09:19] qnstagroum oo
[2025-10-10 16:09:19] 
[2025-10-10 16:09:19] tu historia cuartetode...
[2025-10-10 16:09:19] 
[2025-10-10 16:09:19] < > nr im
[2025-10-10 16:09:19] 
[2025-10-10 16:09:19] atras adelante alva pestafhas inicio
[2025-10-10 16:09:19] 
[2025-10-10 16:09:19] il o <
[2025-10-10 16:09:19] 
[2025-10-10 16:09:19] [OCR] (3.58s): 16:07 @ © note ul
[2025-10-10 16:09:19] 
[2025-10-10 16:09:19] q :
[2025-10-10 16:09:19] 
[2025-10-10 16:09:19] 
[2025-10-10 16:09:19] [OCR] (6.88s): 16:07 @ © note ul
[2025-10-10 16:09:19] 
[2025-10-10 16:09:19] q :
[2025-10-10 16:09:19] 
[2025-10-10 16:09:19] 
[2025-10-10 16:09:19] 
[2025-10-10 16:09:19] [TEST] Facebook Web - Feed loading
[2025-10-10 16:09:19] [OCR] (0.00s): 16:07 @ © no ff ull
[2025-10-10 16:09:19] 
[2025-10-10 16:09:19] 87> seguir
[2025-10-10 16:09:19] 
[2025-10-10 16:09:19] o#feed #viral #viral vel; sfped aye #girl # ... mas
[2025-10-10 16:09:19] 
[2025-10-10 16:09:19] _
[2025-10-10 16:09:19] 2 los gemelos de sinaloa - por nada te cambio
[2025-10-10 16:09:19] 
[2025-10-10 16:09:19] =
[2025-10-10 16:09:19] 
[2025-10-10 16:09:19] < > nr im
[2025-10-10 16:09:19] 
[2025-10-10 16:09:19] atras adelante alva pestafhas inicio
[2025-10-10 16:09:19] 
[2025-10-10 16:09:19] il o <
[2025-10-10 16:09:19] 
[2025-10-10 16:09:19] [OCR] (6.14s): ro ff ll
[2025-10-10 16:09:19] 
[2025-10-10 16:09:19] facebook q=
[2025-10-10 16:09:19] a sg © @ @ b
[2025-10-10 16:09:19] 
[2025-10-10 16:09:19] @ what's on your mind? 2
[2025-10-10 16:09:19] @e photo
[2025-10-10 16:09:19] 
[2025-10-10 16:09:19] create story
[2025-10-10 16:09:19] 
[2025-10-10 16:09:19] c) casas de campo y mas. * follow ooo x
[2025-10-10 16:09:19] 1d-®
[2025-10-10 16:09:19] 
[2025-10-10 16:09:19] eb “la casa de los suefios: elegancia natural entre
[2025-10-10 16:09:19] flores y encanto” £3
[2025-10-10 16:09:19] 
[2025-10-10 16:09:19] eb "the house of dreams: natural elegance between
[2025-10-10 16:09:19] flowers and charm" 43
[2025-10-10 16:09:19] translated from spanish
[2025-10-10 16:09:19] 
[2025-10-10 16:09:19] < > a
[2025-10-10 16:09:19] 
[2025-10-10 16:09:19] atras adelante
[2025-10-10 16:09:19] 
[2025-10-10 16:09:19] pestafhas inicio
[2025-10-10 16:09:19] 
[2025-10-10 16:09:19] 
[2025-10-10 16:09:19] [TEST] Facebook Web - Short video playback
[2025-10-10 16:09:19] [OCR] (0.00s): ro ff ll
[2025-10-10 16:09:19] 
[2025-10-10 16:09:19] facebook q=
[2025-10-10 16:09:19] a sg © @ @ b
[2025-10-10 16:09:19] 
[2025-10-10 16:09:19] @ what's on your mind? 2
[2025-10-10 16:09:19] @e photo
[2025-10-10 16:09:19] 
[2025-10-10 16:09:19] create story
[2025-10-10 16:09:19] 
[2025-10-10 16:09:19] casas de campo y mas. * follow ooo x
[2025-10-10 16:09:19] 1d-®
[2025-10-10 16:09:19] 
[2025-10-10 16:09:19] eb “la casa de los suefios: elegancia natural entre
[2025-10-10 16:09:19] flores y encanto” £3
[2025-10-10 16:09:19] 
[2025-10-10 16:09:19] eb "the house of dreams: natural elegance between
[2025-10-10 16:09:19] flowers and charm" 43
[2025-10-10 16:09:19] translated from spanish
[2025-10-10 16:09:19] 
[2025-10-10 16:09:19] < > a
[2025-10-10 16:09:19] 
[2025-10-10 16:09:19] atras adelante
[2025-10-10 16:09:19] 
[2025-10-10 16:09:19] pestafhas inicio
[2025-10-10 16:09:19] 
[2025-10-10 16:09:19] [INFO] Cerrando pestañas abiertas (fin de iteración)...
[2025-10-10 16:09:19] [INFO] Pestañas cerradas correctamente.
[2025-10-10 16:09:19] [INFO] 'Clear all' (Samsung) pulsado para cerrar las apps recientes.
[2025-10-10 16:09:19] 
[2025-10-10 16:09:19] [ITERACION 2]
[2025-10-10 16:09:19] 
[2025-10-10 16:09:19] [TEST] Instagram Web - Feed loading
[2025-10-10 16:09:19] [OCR] (0.00s): whatsapp
[2025-10-10 16:09:19] 
[2025-10-10 16:09:19] 
[2025-10-10 16:09:19] 
[2025-10-10 16:09:19] [TEST] Instagram Web - Short video playback
[2025-10-10 16:09:19] [OCR] (0.00s): 16:08 @ © ro fe ull
[2025-10-10 16:09:19] 
[2025-10-10 16:09:19] q
[2025-10-10 16:09:19] 
[2025-10-10 16:09:19] from
[2025-10-10 16:09:19] < > an @
[2025-10-10 16:09:19] atras adelante alva pestafhas inicio
[2025-10-10 16:09:19] 
[2025-10-10 16:09:19] il o <
[2025-10-10 16:09:19] 
[2025-10-10 16:09:19] [OCR] (3.24s): 16:08 @ © note ul
[2025-10-10 16:09:19] 
[2025-10-10 16:09:19] q :
[2025-10-10 16:09:19] 
[2025-10-10 16:09:19] 
[2025-10-10 16:09:19] [OCR] (6.24s): 16:08 @ © note ul
[2025-10-10 16:09:19] 
[2025-10-10 16:09:19] q :
[2025-10-10 16:09:19] 
[2025-10-10 16:09:19] 
[2025-10-10 16:09:19] 
[2025-10-10 16:09:19] [TEST] Facebook Web - Feed loading
[2025-10-10 16:09:19] [OCR] (0.00s): ro ff ll
[2025-10-10 16:09:19] 
[2025-10-10 16:09:19] q
[2025-10-10 16:09:19] 
[2025-10-10 16:09:19] todos tenemos a esa personita que
[2025-10-10 16:09:19] conocimos este afio, que sin buscarlo
[2025-10-10 16:09:19] lleg6 y en tan poco tiempo se volvié
[2025-10-10 16:09:19] tan especial. @
[2025-10-10 16:09:19] 
[2025-10-10 16:09:19] @escribiendo.paginas
[2025-10-10 16:09:19] 
[2025-10-10 16:09:19] < >
[2025-10-10 16:09:19] 
[2025-10-10 16:09:19] atras adelante pestanhas
[2025-10-10 16:09:19] 
[2025-10-10 16:09:19] il <
[2025-10-10 16:09:19] 
[2025-10-10 16:09:19] 
[2025-10-10 16:09:19] [OCR] (5.73s): ro ff ll
[2025-10-10 16:09:19] 
[2025-10-10 16:09:19] facebook q=
[2025-10-10 16:09:19] a sg © @ @ b
[2025-10-10 16:09:19] 
[2025-10-10 16:09:19] @ what's on your mind? 2
[2025-10-10 16:09:19] @e photo
[2025-10-10 16:09:19] 
[2025-10-10 16:09:19] create story
[2025-10-10 16:09:19] 
[2025-10-10 16:09:19] casas de campo y mas. * follow ooo x
[2025-10-10 16:09:19] 1d-®
[2025-10-10 16:09:19] 
[2025-10-10 16:09:19] eb “la casa de los suefios: elegancia natural entre
[2025-10-10 16:09:19] flores y encanto” £3
[2025-10-10 16:09:19] 
[2025-10-10 16:09:19] eb "the house of dreams: natural elegance between
[2025-10-10 16:09:19] flowers and charm" 43
[2025-10-10 16:09:19] translated from spanish
[2025-10-10 16:09:19] 
[2025-10-10 16:09:19] < > a
[2025-10-10 16:09:19] 
[2025-10-10 16:09:19] atras adelante
[2025-10-10 16:09:19] 
[2025-10-10 16:09:19] pestafhas inicio
[2025-10-10 16:09:19] 
[2025-10-10 16:09:19] 
[2025-10-10 16:09:19] [TEST] Facebook Web - Short video playback
[2025-10-10 16:09:19] [OCR] (0.00s): ro ff ll
[2025-10-10 16:09:19] 
[2025-10-10 16:09:19] facebook q=
[2025-10-10 16:09:19] a sg © @ @ b
[2025-10-10 16:09:19] 
[2025-10-10 16:09:19] @ what's on your mind? 2
[2025-10-10 16:09:19] @e photo
[2025-10-10 16:09:19] 
[2025-10-10 16:09:19] create story
[2025-10-10 16:09:19] 
[2025-10-10 16:09:19] casas de campo y mas. * follow ooo x
[2025-10-10 16:09:19] 1d-®
[2025-10-10 16:09:19] 
[2025-10-10 16:09:19] eb “la casa de los suefios: elegancia natural entre
[2025-10-10 16:09:19] flores y encanto” £3
[2025-10-10 16:09:19] 
[2025-10-10 16:09:19] eb "the house of dreams: natural elegance between
[2025-10-10 16:09:19] flowers and charm" 43
[2025-10-10 16:09:19] translated from spanish
[2025-10-10 16:09:19] 
[2025-10-10 16:09:19] < > a
[2025-10-10 16:09:19] 
[2025-10-10 16:09:19] atras adelante
[2025-10-10 16:09:19] 
[2025-10-10 16:09:19] pestafhas inicio
[2025-10-10 16:09:19] 
[2025-10-10 16:09:19] [INFO] Cerrando pestañas abiertas (fin de iteración)...
[2025-10-10 16:09:19] [INFO] Pestañas cerradas correctamente.
[2025-10-10 16:09:19] [INFO] 'Clear all' (Samsung) pulsado para cerrar las apps recientes.
[2025-10-10 16:09:19] 
[2025-10-10 16:09:19] [ITERACION 3]
[2025-10-10 16:09:19] 
[2025-10-10 16:09:19] [TEST] Instagram Web - Feed loading
[2025-10-10 16:09:19] [OCR] (0.00s): 16:08 @ © no ff ull
[2025-10-10 16:09:19] 
[2025-10-10 16:09:19] @ buscar o escribir url
[2025-10-10 16:09:19] 
[2025-10-10 16:09:19] a a rn (0) oo
[2025-10-10 16:09:19] 
[2025-10-10 16:09:19] perfil alva pestanas apps
[2025-10-10 16:09:19] 
[2025-10-10 16:09:19] iii o <
[2025-10-10 16:09:19] 
[2025-10-10 16:09:19] [OCR] (5.79s): ro ff ll
[2025-10-10 16:09:19] 
[2025-10-10 16:09:19] < > a
[2025-10-10 16:09:19] 
[2025-10-10 16:09:19] atras adelante pestafhas inicio
[2025-10-10 16:09:19] 
[2025-10-10 16:09:19] 
[2025-10-10 16:09:19] 
[2025-10-10 16:09:19] [TEST] Instagram Web - Short video playback
[2025-10-10 16:09:19] [OCR] (0.00s): 16:09 @ © ro fe ull
[2025-10-10 16:09:19] 
[2025-10-10 16:09:19] q
[2025-10-10 16:09:19] 
[2025-10-10 16:09:19] from
[2025-10-10 16:09:19] < > an @
[2025-10-10 16:09:19] atras adelante alva pestafhas inicio
[2025-10-10 16:09:19] 
[2025-10-10 16:09:19] il o <
[2025-10-10 16:09:19] 
[2025-10-10 16:09:19] [OCR] (3.31s): 16:09 no ye ull 72% i
[2025-10-10 16:09:19] 
[2025-10-10 16:09:19] vie., 10 de oct. o 8
[2025-10-10 16:09:19] —~s 4 ale
[2025-10-10 16:09:19] es ® $ o 4a yf
[2025-10-10 16:09:19] © multimedia $3 dispositivos
[2025-10-10 16:09:19] @ appium settings 16:07 %
[2025-10-10 16:09:19] 
[2025-10-10 16:09:19] keep this service running, so appium for andr.. @
[2025-10-10 16:09:19] 
[2025-10-10 16:09:19] @® viva_gps service 16:07
[2025-10-10 16:09:19] 
[2025-10-10 16:09:19] gps service
[2025-10-10 16:09:19] servicio de ubicacidn activo
[2025-10-10 16:09:19] 
[2025-10-10 16:09:19] notificaciones silenciosas
[2025-10-10 16:09:19] 
[2025-10-10 16:09:19] ® sistema android usb para transferir archivos v
[2025-10-10 16:09:19] % ajustes carga lenta en curso v
[2025-10-10 16:09:19] 
[2025-10-10 16:09:19] ajustes notificaciones
[2025-10-10 16:09:19] 
[2025-10-10 16:09:19] viva
[2025-10-10 16:09:19] 
[2025-10-10 16:09:19] il o <
[2025-10-10 16:09:19] 
[2025-10-10 16:09:19] 
[2025-10-10 16:09:19] [TEST] Facebook Web - Feed loading
[2025-10-10 16:09:19] [OCR] (0.00s): 16:09 @ © note ul
[2025-10-10 16:09:19] 
[2025-10-10 16:09:19] q :
[2025-10-10 16:09:19] 
[2025-10-10 16:09:19] 
[2025-10-10 16:09:19] [OCR] (2.99s): 16:09 @ © no ff ull
[2025-10-10 16:09:19] 
[2025-10-10 16:09:19] q
[2025-10-10 16:09:19] 
[2025-10-10 16:09:19] < > nr im
[2025-10-10 16:09:19] 
[2025-10-10 16:09:19] atras adelante alva pestafhas inicio
[2025-10-10 16:09:19] 
[2025-10-10 16:09:19] il o <
[2025-10-10 16:09:19] 
[2025-10-10 16:09:19] [OCR] (6.35s): rog ll
[2025-10-10 16:09:19] 
[2025-10-10 16:11:30] facebook q=
[2025-10-10 16:11:30] a sg © @ @ b
[2025-10-10 16:11:30] 
[2025-10-10 16:11:30] @ what's on your mind? 2
[2025-10-10 16:11:30] @e photo
[2025-10-10 16:11:30] 
[2025-10-10 16:11:30] create story
[2025-10-10 16:11:30] 
[2025-10-10 16:11:30] < > a
[2025-10-10 16:11:30] 
[2025-10-10 16:11:30] atras adelante pestafhas inicio
[2025-10-10 16:11:30] 
[2025-10-10 16:11:30] 
[2025-10-10 16:11:30] 
[2025-10-10 16:11:30] [TEST] Facebook Web - Short video playback
[2025-10-10 16:11:30] [OCR] (0.00s): q
[2025-10-10 16:11:30] facebook q=
[2025-10-10 16:11:30] a sg © @ @ b
[2025-10-10 16:11:30] 
[2025-10-10 16:11:30] @ what's on your mind?
[2025-10-10 16:11:30] 
[2025-10-10 16:11:30] create story
[2025-10-10 16:11:30] 
[2025-10-10 16:11:30] opinion bolivia + follow ooo x
[2025-10-10 16:11:30] 2h: ©
[2025-10-10 16:11:30] 
[2025-10-10 16:11:30] golazo de robson matheus la verde vencio a
[2025-10-10 16:11:30] la mundialista jordania (1-0).
[2025-10-10 16:11:30] 
[2025-10-10 16:11:30] goal by robson matheus, the verde beat the
[2025-10-10 16:11:30] world team jordan (1-0).
[2025-10-10 16:11:30] translated from spanish
[2025-10-10 16:11:30] 
[2025-10-10 16:11:30] el lider de los deportes
[2025-10-10 16:11:30] 2h: ©
[2025-10-10 16:11:30] 
[2025-10-10 16:11:30] s29 #laultima | jiijgano bolivia!!! con
[2025-10-10 16:11:30] 
[2025-10-10 16:11:30] <
[2025-10-10 16:11:30] 
[2025-10-10 16:11:30] atras adelante pestafhas inicio
[2025-10-10 16:11:30] 
[2025-10-10 16:11:30] 
[2025-10-10 16:11:30] [INFO] Cerrando pestañas abiertas (fin de iteración)...
[2025-10-10 16:11:30] [INFO] Pestañas cerradas correctamente.
[2025-10-10 16:11:30] [INFO] 'Clear all' (Samsung) pulsado para cerrar las apps recientes.
[2025-10-10 16:11:30] 
[2025-10-10 16:11:30] [ITERACION 4]
[2025-10-10 16:11:30] 
[2025-10-10 16:11:30] [TEST] Instagram Web - Feed loading
[2025-10-10 16:11:30] [OCR] (0.00s): whatsapp
[2025-10-10 16:11:30] 
[2025-10-10 16:11:30] 
[2025-10-10 16:11:30] 
[2025-10-10 16:11:30] [TEST] Instagram Web - Short video playback
[2025-10-10 16:11:30] [OCR] (0.00s): 16:09 @ © no ff ull
[2025-10-10 16:11:30] 
[2025-10-10 16:11:30] q
[2025-10-10 16:11:30] 
[2025-10-10 16:11:30] < > nr im
[2025-10-10 16:11:30] 
[2025-10-10 16:11:30] atras adelante alva pestafhas inicio
[2025-10-10 16:11:30] 
[2025-10-10 16:11:30] il o <
[2025-10-10 16:11:30] 
[2025-10-10 16:11:30] [OCR] (3.89s): rog ll
[2025-10-10 16:11:30] 
[2025-10-10 16:11:30] < > a
[2025-10-10 16:11:30] 
[2025-10-10 16:11:30] atras adelante pestafhas inicio
[2025-10-10 16:11:30] 
[2025-10-10 16:11:30] 
[2025-10-10 16:11:30] 
[2025-10-10 16:11:30] [TEST] Facebook Web - Feed loading
[2025-10-10 16:11:30] [OCR] (0.00s): 16:09 @ © ro te!
[2025-10-10 16:11:30] 
[2025-10-10 16:11:30] q
[2025-10-10 16:11:30] 
[2025-10-10 16:11:30] from
[2025-10-10 16:11:30] < > an @
[2025-10-10 16:11:30] atras adelante alva pestafhas inicio
[2025-10-10 16:11:30] 
[2025-10-10 16:11:30] il o <
[2025-10-10 16:11:30] 
[2025-10-10 16:11:30] [OCR] (3.30s): rog ll
[2025-10-10 16:11:30] 
[2025-10-10 16:11:30] < > a
[2025-10-10 16:11:30] 
[2025-10-10 16:11:30] atras adelante pestafhas inicio
[2025-10-10 16:11:30] 
[2025-10-10 16:11:30] 
[2025-10-10 16:11:30] [OCR] (6.39s): 4 lte -
[2025-10-10 16:11:30] rn vt tll i
[2025-10-10 16:11:30] 
[2025-10-10 16:11:30] s © @®© @ 8
[2025-10-10 16:11:30] 
[2025-10-10 16:11:30] @ what's on your mind?
[2025-10-10 16:11:30] photo
[2025-10-10 16:11:30] create story
[2025-10-10 16:11:30] futbolmania bolivia - eco x
[2025-10-10 16:11:30] the ©
[2025-10-10 16:11:30] verde esperanza
[2025-10-10 16:11:30] 
[2025-10-10 16:11:30] la seleccién consiguio otro triunfo, esta vez ante
[2025-10-10 16:11:30] jordania y con gol de robson matheus la... see more
[2025-10-10 16:11:30] 
[2025-10-10 16:11:30] green hope
[2025-10-10 16:11:30] 
[2025-10-10 16:11:30] the national team got another victory, this time
[2025-10-10 16:11:30] against jordan and with a goal from robson mathe...
[2025-10-10 16:11:30] translated from spanish
[2025-10-10 16:11:30] 
[2025-10-10 16:11:30] < | im
[2025-10-10 16:11:30] 
[2025-10-10 16:11:30] atras adelante pestafhas inicio
[2025-10-10 16:11:30] 
[2025-10-10 16:11:30] 
[2025-10-10 16:11:30] 
[2025-10-10 16:11:30] [TEST] Facebook Web - Short video playback
[2025-10-10 16:11:30] [OCR] (0.00s): 4 lte -
[2025-10-10 16:11:30] rn vt tll i
[2025-10-10 16:11:30] 
[2025-10-10 16:11:30] s © @®© @ 8
[2025-10-10 16:11:30] 
[2025-10-10 16:11:30] @ what's on your mind?
[2025-10-10 16:11:30] photo
[2025-10-10 16:11:30] create story
[2025-10-10 16:11:30] futbolmania bolivia - eco x
[2025-10-10 16:11:30] the ©
[2025-10-10 16:11:30] verde esperanza
[2025-10-10 16:11:30] 
[2025-10-10 16:11:30] la seleccién consiguio otro triunfo, esta vez ante
[2025-10-10 16:11:30] jordania y con gol de robson matheus la... see more
[2025-10-10 16:11:30] 
[2025-10-10 16:11:30] green hope
[2025-10-10 16:11:30] 
[2025-10-10 16:11:30] the national team got another victory, this time
[2025-10-10 16:11:30] against jordan and with a goal from robson mathe...
[2025-10-10 16:11:30] translated from spanish
[2025-10-10 16:11:30] 
[2025-10-10 16:11:30] < | im
[2025-10-10 16:11:30] 
[2025-10-10 16:11:30] atras adelante pestafhas inicio
[2025-10-10 16:11:30] 
[2025-10-10 16:11:30] 
[2025-10-10 16:11:30] [OCR] (4.70s): 16:10 @ no ff ull
[2025-10-10 16:11:30] 
[2025-10-10 16:11:30] < reels q @
[2025-10-10 16:11:30] 
[2025-10-10 16:11:30] @« tap to unmute
[2025-10-10 16:11:30] 
[2025-10-10 16:11:30] 0
[2025-10-10 16:11:30] <
[2025-10-10 16:11:30] 
[2025-10-10 16:11:30] = duende ©__| follow mu
[2025-10-10 16:11:30] 
[2025-10-10 16:11:30] < > nr im
[2025-10-10 16:11:30] 
[2025-10-10 16:11:30] atras adelante alva pestafhas inicio
[2025-10-10 16:11:30] 
[2025-10-10 16:11:30] 
[2025-10-10 16:11:30] [INFO] Cerrando pestañas abiertas (fin de iteración)...
[2025-10-10 16:11:30] [INFO] Pestañas cerradas correctamente.
[2025-10-10 16:11:30] [INFO] 'Clear all' (Samsung) pulsado para cerrar las apps recientes.
[2025-10-10 16:11:30] 
[2025-10-10 16:11:30] [ITERACION 5]
[2025-10-10 16:11:30] 
[2025-10-10 16:11:30] [TEST] Instagram Web - Feed loading
[2025-10-10 16:11:30] [OCR] (0.00s): whatsapp
[2025-10-10 16:11:30] 
[2025-10-10 16:11:30] 
[2025-10-10 16:11:30] 
[2025-10-10 16:11:30] [TEST] Instagram Web - Short video playback
[2025-10-10 16:11:30] [OCR] (0.00s): 16:10 @ © nro gf ull a
[2025-10-10 16:11:30] 
[2025-10-10 16:11:30] q :
[2025-10-10 16:11:30] 
[2025-10-10 16:11:30] 
[2025-10-10 16:11:30] [OCR] (3.39s): 16:10 @ © no ff ull
[2025-10-10 16:11:30] 
[2025-10-10 16:11:30] q
[2025-10-10 16:11:30] 
[2025-10-10 16:11:30] < > nr im
[2025-10-10 16:11:30] 
[2025-10-10 16:11:30] atras adelante alva pestafhas inicio
[2025-10-10 16:11:30] 
[2025-10-10 16:11:30] il o <
[2025-10-10 16:11:30] 
[2025-10-10 16:11:30] [OCR] (6.46s): 16:10 @ © nro gf ull a
[2025-10-10 16:11:30] 
[2025-10-10 16:11:30] q :
[2025-10-10 16:11:30] 
[2025-10-10 16:11:30] 
[2025-10-10 16:11:30] 
[2025-10-10 16:11:30] [TEST] Facebook Web - Feed loading
[2025-10-10 16:11:30] [OCR] (0.00s): 16:10 @ © nro gf ull a
[2025-10-10 16:11:30] 
[2025-10-10 16:11:30] q :
[2025-10-10 16:11:30] 
[2025-10-10 16:11:30] 
[2025-10-10 16:11:30] [OCR] (3.21s): ro fe ll
[2025-10-10 16:11:30] 
[2025-10-10 16:11:30] facebook q=
[2025-10-10 16:11:30] a s&s © @ @ b
[2025-10-10 16:11:30] 
[2025-10-10 16:11:30] @ what's on your mind? 2
[2025-10-10 16:11:30] @e photo
[2025-10-10 16:11:30] 
[2025-10-10 16:11:30] < > a
[2025-10-10 16:11:30] 
[2025-10-10 16:11:30] atras adelante pestafhas inicio
[2025-10-10 16:11:30] 
[2025-10-10 16:11:30] 
[2025-10-10 16:11:30] 
[2025-10-10 16:11:30] [TEST] Facebook Web - Short video playback
[2025-10-10 16:11:30] [OCR] (0.00s): ro fe ll
[2025-10-10 16:11:30] 
[2025-10-10 16:11:30] facebook q=
[2025-10-10 16:11:30] 6 & )
[2025-10-10 16:11:30] 
[2025-10-10 16:11:30] g
[2025-10-10 16:11:30] 7
[2025-10-10 16:11:30] 
[2025-10-10 16:11:30] @ what's on your mind? 2
[2025-10-10 16:11:30] @e photo
[2025-10-10 16:11:30] 
[2025-10-10 16:11:30] create story
[2025-10-10 16:11:30] 
[2025-10-10 16:11:30] gt axl ° follow coo x
[2025-10-10 16:11:30] the ©
[2025-10-10 16:11:30] 
[2025-10-10 16:11:30] estoy con una hambre feroz provecho juventud ©
[2025-10-10 16:11:30] 
[2025-10-10 16:11:30] i'm with a fierce hunger, take advantage of youth ©
[2025-10-10 16:11:30] translated from spanish
[2025-10-10 16:11:30] 
[2025-10-10 16:11:30] si
[2025-10-10 16:11:30] 
[2025-10-10 16:11:30] <
[2025-10-10 16:11:30] 
[2025-10-10 16:11:30] atras adelante
[2025-10-10 16:11:30] 
[2025-10-10 16:11:30] pestafhas inicio
[2025-10-10 16:11:30] 
[2025-10-10 16:11:30] li o <
[2025-10-10 16:11:30] 
[2025-10-10 16:11:30] [INFO] Cerrando pestañas abiertas (fin de iteración)...
[2025-10-10 16:11:30] [INFO] Pestañas cerradas correctamente.
[2025-10-10 16:11:30] [INFO] 'Clear all' (Samsung) pulsado para cerrar las apps recientes.
[2025-10-10 16:11:30] 
[2025-10-10 16:11:30] [ITERACION 6]
[2025-10-10 16:11:30] 
[2025-10-10 16:11:30] [TEST] Instagram Web - Feed loading
[2025-10-10 16:11:30] [OCR] (0.00s): whatsapp
[2025-10-10 16:11:30] 
[2025-10-10 16:11:30] 
[2025-10-10 16:11:30] 
[2025-10-10 16:11:30] [TEST] Instagram Web - Short video playback
[2025-10-10 16:11:30] [OCR] (0.00s): 16:11 @ © no ff ull
[2025-10-10 16:11:30] 
[2025-10-10 16:11:30] q
[2025-10-10 16:11:30] 
[2025-10-10 16:11:30] from
[2025-10-10 16:11:30] < > an @
[2025-10-10 16:11:30] atras adelante alva pestafhas inicio
[2025-10-10 16:11:30] 
[2025-10-10 16:11:30] il o <
[2025-10-10 16:11:30] 
[2025-10-10 16:11:30] [OCR] (3.20s): 16:11 @ © no ff ull
[2025-10-10 16:11:30] 
[2025-10-10 16:11:30] q
[2025-10-10 16:11:30] 
[2025-10-10 16:11:30] < > nr im
[2025-10-10 16:11:30] 
[2025-10-10 16:11:30] atras adelante alva pestafhas inicio
[2025-10-10 16:11:30] 
[2025-10-10 16:11:30] il o <
[2025-10-10 16:11:30] 
[2025-10-10 16:11:30] [OCR] (6.52s): 16:
[2025-10-10 16:11:30] 6:11 @ © nro gf ul a
[2025-10-10 16:11:30] 
[2025-10-10 16:11:30] q :
[2025-10-10 16:11:30] 
[2025-10-10 16:11:30] 
[2025-10-10 16:11:30] 
[2025-10-10 16:11:30] [TEST] Facebook Web - Feed loading
[2025-10-10 16:11:30] [OCR] (0.00s): 16:11 @ @ kot ul
[2025-10-10 16:11:30] 
[2025-10-10 16:11:30] q
[2025-10-10 16:11:30] 
[2025-10-10 16:11:30] o
[2025-10-10 16:11:30] ras
[2025-10-10 16:11:30] bsbe&eases b
[2025-10-10 16:11:30] 
[2025-10-10 16:11:30] [OCR] (3.17s): rog ll
[2025-10-10 16:11:30] 
[2025-10-10 16:11:30] facebook q=
[2025-10-10 16:11:30] a s&s © @ @ b
[2025-10-10 16:11:30] 
[2025-10-10 16:11:30] @ what's on your mind? 2
[2025-10-10 16:11:30] @e photo
[2025-10-10 16:11:30] 
[2025-10-10 16:11:30] < > a
[2025-10-10 16:11:30] 
[2025-10-10 16:11:30] atras adelante pestafhas inicio
[2025-10-10 16:11:30] 
[2025-10-10 16:11:30] 
[2025-10-10 16:11:30] 
[2025-10-10 16:13:43] [TEST] Facebook Web - Short video playback
[2025-10-10 16:13:43] [OCR] (0.00s): rog ll
[2025-10-10 16:13:43] 
[2025-10-10 16:13:43] facebook q=
[2025-10-10 16:13:43] a sg © @ @ b
[2025-10-10 16:13:43] 
[2025-10-10 16:13:43] @ what's on your mind? 2
[2025-10-10 16:13:43] @e photo
[2025-10-10 16:13:43] 
[2025-10-10 16:13:43] create story
[2025-10-10 16:13:43] 
[2025-10-10 16:13:43] < > a
[2025-10-10 16:13:43] 
[2025-10-10 16:13:43] atras adelante pestafhas inicio
[2025-10-10 16:13:43] 
[2025-10-10 16:13:43] 
[2025-10-10 16:13:43] [OCR] (3.35s): 16:11 @ no ff ull
[2025-10-10 16:13:43] 
[2025-10-10 16:13:43] < reels q @
[2025-10-10 16:13:43] 
[2025-10-10 16:13:43] @« tap to unmute
[2025-10-10 16:13:43] 
[2025-10-10 16:13:43] &
[2025-10-10 16:13:43] 2
[2025-10-10 16:13:43] a
[2025-10-10 16:13:43] 
[2025-10-10 16:13:43] 27k
[2025-10-10 16:13:43] 
[2025-10-10 16:13:43] deliier luna diaz © follow
[2025-10-10 16:13:43] 
[2025-10-10 16:13:43] < > nr im
[2025-10-10 16:13:43] 
[2025-10-10 16:13:43] atras adelante alva pestafhas inicio
[2025-10-10 16:13:43] 
[2025-10-10 16:13:43] [INFO] Cerrando pestañas abiertas (fin de iteración)...
[2025-10-10 16:13:43] [INFO] Pestañas cerradas correctamente.
[2025-10-10 16:13:43] [INFO] 'Clear all' (Samsung) pulsado para cerrar las apps recientes.
[2025-10-10 16:13:43] 
[2025-10-10 16:13:43] [ITERACION 7]
[2025-10-10 16:13:43] 
[2025-10-10 16:13:43] [TEST] Instagram Web - Feed loading
[2025-10-10 16:13:43] [OCR] (0.00s): 16:11 @ © no ff ull
[2025-10-10 16:13:43] 
[2025-10-10 16:13:43] @ buscar o escribir url
[2025-10-10 16:13:43] 
[2025-10-10 16:13:43] a a rn (0) oo
[2025-10-10 16:13:43] 
[2025-10-10 16:13:43] perfil alva pestanas apps
[2025-10-10 16:13:43] 
[2025-10-10 16:13:43] iii o <
[2025-10-10 16:13:43] 
[2025-10-10 16:13:43] [OCR] (5.70s): ro fe ll
[2025-10-10 16:13:43] 
[2025-10-10 16:13:43] < > a
[2025-10-10 16:13:43] 
[2025-10-10 16:13:43] atras adelante pestafhas inicio
[2025-10-10 16:13:43] 
[2025-10-10 16:13:43] 
[2025-10-10 16:13:43] 
[2025-10-10 16:13:43] [TEST] Instagram Web - Short video playback
[2025-10-10 16:13:43] [OCR] (0.00s): 16:11 @ © no ff ull
[2025-10-10 16:13:43] 
[2025-10-10 16:13:43] q
[2025-10-10 16:13:43] 
[2025-10-10 16:13:43] from
[2025-10-10 16:13:43] < > an @
[2025-10-10 16:13:43] atras adelante alva pestafhas inicio
[2025-10-10 16:13:43] 
[2025-10-10 16:13:43] il o <
[2025-10-10 16:13:43] 
[2025-10-10 16:13:43] [OCR] (3.11s): 16:
[2025-10-10 16:13:43] 6:12 @ © no gf ul @
[2025-10-10 16:13:43] 
[2025-10-10 16:13:43] q :
[2025-10-10 16:13:43] 
[2025-10-10 16:13:43] 
[2025-10-10 16:13:43] [OCR] (6.12s): 16:
[2025-10-10 16:13:43] 6:12 @ © no gf ul @
[2025-10-10 16:13:43] 
[2025-10-10 16:13:43] q :
[2025-10-10 16:13:43] 
[2025-10-10 16:13:43] 
[2025-10-10 16:13:43] 
[2025-10-10 16:13:43] [TEST] Facebook Web - Feed loading
[2025-10-10 16:13:43] [OCR] (0.00s): 16:12 @ © no ff ull
[2025-10-10 16:13:43] 
[2025-10-10 16:13:43] q
[2025-10-10 16:13:43] 
[2025-10-10 16:13:43] gracias por hacer que cada dia
[2025-10-10 16:13:43] valga la pena, no importa si solo .
[2025-10-10 16:13:43] conversamos un ratito o todo el dia,
[2025-10-10 16:13:43] soy feliz de formar parte de tu vida.
[2025-10-10 16:13:43] . ”
[2025-10-10 16:13:43] 
[2025-10-10 16:13:43] 17,3 mil
[2025-10-10 16:13:43] 45
[2025-10-10 16:13:43] _jordanrobles_ + seguir
[2025-10-10 16:13:43] gracias wm#amigos #foryou #viralreels #ho .. mas
[2025-10-10 16:13:43] fa _jordanrobles_- audio original |
[2025-10-10 16:13:43] < > zn a
[2025-10-10 16:13:43] atras adelante alva pestanas inicio
[2025-10-10 16:13:43] 
[2025-10-10 16:13:43] il o <
[2025-10-10 16:13:43] 
[2025-10-10 16:13:43] [OCR] (4.99s): rog ll
[2025-10-10 16:13:43] 
[2025-10-10 16:13:43] facebook q=
[2025-10-10 16:13:43] a sg © @ @ b
[2025-10-10 16:13:43] 
[2025-10-10 16:13:43] @ what's on your mind? 2
[2025-10-10 16:13:43] @e photo
[2025-10-10 16:13:43] 
[2025-10-10 16:13:43] create story
[2025-10-10 16:13:43] 
[2025-10-10 16:13:43] a ‘ el ranchero parrandero cos... © join °°: x
[2025-10-10 16:13:43] a y hector liam rosas + 1d > ©
[2025-10-10 16:13:43] 
[2025-10-10 16:13:43] maquilas en la puente california
[2025-10-10 16:13:43] 
[2025-10-10 16:13:43] < >
[2025-10-10 16:13:43] 
[2025-10-10 16:13:43] atras adelante
[2025-10-10 16:13:43] 
[2025-10-10 16:13:43] pestafhas inicio
[2025-10-10 16:13:43] 
[2025-10-10 16:13:43] 
[2025-10-10 16:13:43] [TEST] Facebook Web - Short video playback
[2025-10-10 16:13:43] [OCR] (0.00s): rog ll
[2025-10-10 16:13:43] 
[2025-10-10 16:13:43] facebook q=
[2025-10-10 16:13:43] a sg © @ @ b
[2025-10-10 16:13:43] 
[2025-10-10 16:13:43] @ what's on your mind? 2
[2025-10-10 16:13:43] @e photo
[2025-10-10 16:13:43] 
[2025-10-10 16:13:43] create story
[2025-10-10 16:13:43] 
[2025-10-10 16:13:43] a _ i el ranchero parrandero cos... * join °** x
[2025-10-10 16:13:43] 
[2025-10-10 16:13:43] a hector liam rosas + 1d > ©
[2025-10-10 16:13:43] 
[2025-10-10 16:13:43] maquilas en la puente california
[2025-10-10 16:13:43] 
[2025-10-10 16:13:43] < >
[2025-10-10 16:13:43] 
[2025-10-10 16:13:43] atras adelante
[2025-10-10 16:13:43] 
[2025-10-10 16:13:43] pestafhas inicio
[2025-10-10 16:13:43] 
[2025-10-10 16:13:43] [OCR] (4.01s): 16:12 @
[2025-10-10 16:13:43] 
[2025-10-10 16:13:43] < reels
[2025-10-10 16:13:43] 
[2025-10-10 16:13:43] @« tap to unmute
[2025-10-10 16:13:43] 
[2025-10-10 16:13:43] nexo snorts. ©
[2025-10-10 16:13:43] 
[2025-10-10 16:13:43] < >
[2025-10-10 16:13:43] 
[2025-10-10 16:13:43] atras adelante
[2025-10-10 16:13:43] 
[2025-10-10 16:13:43] follow
[2025-10-10 16:13:43] 
[2025-10-10 16:13:43] an
[2025-10-10 16:13:43] 
[2025-10-10 16:13:43] alva
[2025-10-10 16:13:43] 
[2025-10-10 16:13:43] 4 lte
[2025-10-10 16:13:43] x vt ull id
[2025-10-10 16:13:43] 
[2025-10-10 16:13:43] i)
[2025-10-10 16:13:43] 
[2025-10-10 16:13:43] ¢
[2025-10-10 16:13:43] aw
[2025-10-10 16:13:43] 
[2025-10-10 16:13:43] a)
[2025-10-10 16:13:43] 
[2025-10-10 16:13:43] pestafhas inicio
[2025-10-10 16:13:43] 
[2025-10-10 16:13:43] 
[2025-10-10 16:13:43] [INFO] Cerrando pestañas abiertas (fin de iteración)...
[2025-10-10 16:13:43] [INFO] Pestañas cerradas correctamente.
[2025-10-10 16:13:43] [INFO] 'Clear all' (Samsung) pulsado para cerrar las apps recientes.
[2025-10-10 16:13:43] 
[2025-10-10 16:13:43] [ITERACION 8]
[2025-10-10 16:13:43] 
[2025-10-10 16:13:43] [TEST] Instagram Web - Feed loading
[2025-10-10 16:13:43] [OCR] (0.00s): whatsapp
[2025-10-10 16:13:43] 
[2025-10-10 16:13:43] 
[2025-10-10 16:13:43] 
[2025-10-10 16:13:43] [TEST] Instagram Web - Short video playback
[2025-10-10 16:13:43] [OCR] (0.00s): 16:
[2025-10-10 16:13:43] 6:12 @ © ko gf ul a
[2025-10-10 16:13:43] 
[2025-10-10 16:13:43] q :
[2025-10-10 16:13:43] 
[2025-10-10 16:13:43] 
[2025-10-10 16:13:43] [OCR] (3.27s): 16:
[2025-10-10 16:13:43] 6:12 @ © ko gf ul a
[2025-10-10 16:13:43] 
[2025-10-10 16:13:43] q :
[2025-10-10 16:13:43] 
[2025-10-10 16:13:43] 
[2025-10-10 16:13:43] [OCR] (6.24s): 16:12 @ @ ko full
[2025-10-10 16:13:43] 
[2025-10-10 16:13:43] q
[2025-10-10 16:13:43] 
[2025-10-10 16:13:43] 
[2025-10-10 16:13:43] 
[2025-10-10 16:13:43] [TEST] Facebook Web - Feed loading
[2025-10-10 16:13:43] [OCR] (0.00s): 16:12 @ © no ff ull
[2025-10-10 16:13:43] 
[2025-10-10 16:13:43] sayz.04 +. seguir
[2025-10-10 16:13:43] 
[2025-10-10 16:13:43] ... mas
[2025-10-10 16:13:43] 
[2025-10-10 16:13:43] fa sayz.04 - audio original [|
[2025-10-10 16:13:43] < > a @
[2025-10-10 16:13:43] atras adelante alva pestafhas inicio
[2025-10-10 16:13:43] 
[2025-10-10 16:13:43] il o <
[2025-10-10 16:13:43] 
[2025-10-10 16:13:43] 
[2025-10-10 16:13:43] [TEST] Facebook Web - Short video playback
[2025-10-10 16:13:43] [OCR] (0.00s): ro fe ll
[2025-10-10 16:13:43] 
[2025-10-10 16:13:43] s © @®© @ 8
[2025-10-10 16:13:43] 
[2025-10-10 16:13:43] @ what's on your mind?
[2025-10-10 16:13:43] photo
[2025-10-10 16:13:43] create story
[2025-10-10 16:13:43] futbolmania bolivia - eco x
[2025-10-10 16:13:43] the ©
[2025-10-10 16:13:43] verde esperanza
[2025-10-10 16:13:43] 
[2025-10-10 16:13:43] la seleccién consiguio otro triunfo, esta vez ante
[2025-10-10 16:13:43] jordania y con gol de robson matheus la... see more
[2025-10-10 16:13:43] 
[2025-10-10 16:13:43] green hope
[2025-10-10 16:13:43] 
[2025-10-10 16:13:43] the national team got another victory, this time
[2025-10-10 16:13:43] against jordan and with a goal from robson mathe...
[2025-10-10 16:13:43] translated from spanish
[2025-10-10 16:13:43] 
[2025-10-10 16:13:43] < | im
[2025-10-10 16:13:43] 
[2025-10-10 16:13:43] atras adelante pestafhas inicio
[2025-10-10 16:13:43] 
[2025-10-10 16:13:43] 
[2025-10-10 16:13:43] [OCR] (4.14s): 16:13 @ no ff ull
[2025-10-10 16:13:43] 
[2025-10-10 16:13:43] < reels q @
[2025-10-10 16:13:43] 
[2025-10-10 16:13:43] @« tap to unmute
[2025-10-10 16:13:43] 
[2025-10-10 16:13:43] nha pep © follow 246
[2025-10-10 16:13:43] < > ms 9 @
[2025-10-10 16:13:43] atras adelante alva pestafhas inicio
[2025-10-10 16:13:43] 
[2025-10-10 16:13:43] [INFO] Cerrando pestañas abiertas (fin de iteración)...
[2025-10-10 16:13:43] [INFO] Pestañas cerradas correctamente.
[2025-10-10 16:13:43] [INFO] 'Clear all' (Samsung) pulsado para cerrar las apps recientes.
[2025-10-10 16:13:43] 
[2025-10-10 16:13:43] [ITERACION 9]
[2025-10-10 16:13:43] 
[2025-10-10 16:13:43] [TEST] Instagram Web - Feed loading
[2025-10-10 16:13:43] [OCR] (0.00s): whatsapp
[2025-10-10 16:13:43] 
[2025-10-10 16:13:43] 
[2025-10-10 16:13:43] 
[2025-10-10 16:13:43] [TEST] Instagram Web - Short video playback
[2025-10-10 16:13:43] [OCR] (0.00s): 16:13 @ © ro te ul
[2025-10-10 16:13:43] 
[2025-10-10 16:13:43] q
[2025-10-10 16:13:43] 
[2025-10-10 16:13:43] from
[2025-10-10 16:13:43] < > an @
[2025-10-10 16:13:43] atras adelante alva pestafhas inicio
[2025-10-10 16:13:43] 
[2025-10-10 16:13:43] il o <
[2025-10-10 16:13:43] 
[2025-10-10 16:13:43] [OCR] (3.35s): 16:13 @ © no ff ull
[2025-10-10 16:13:43] 
[2025-10-10 16:13:43] q
[2025-10-10 16:13:43] 
[2025-10-10 16:13:43] < > nr im
[2025-10-10 16:13:43] 
[2025-10-10 16:13:43] atras adelante alva pestafhas inicio
[2025-10-10 16:13:43] 
[2025-10-10 16:13:43] il o <
[2025-10-10 16:13:43] 
[2025-10-10 16:13:43] [OCR] (6.49s): 16:13 @ © no ff ull
[2025-10-10 16:13:43] 
[2025-10-10 16:13:43] q
[2025-10-10 16:13:43] 
[2025-10-10 16:13:43] < > nr im
[2025-10-10 16:13:43] 
[2025-10-10 16:13:43] atras adelante alva pestafhas inicio
[2025-10-10 16:13:43] 
[2025-10-10 16:13:43] il o <
[2025-10-10 16:13:43] 
[2025-10-10 16:13:43] 
[2025-10-10 16:13:43] [TEST] Facebook Web - Feed loading
[2025-10-10 16:13:43] [OCR] (0.00s): 16:13 @ © no ff ull
[2025-10-10 16:13:43] 
[2025-10-10 16:13:43] q
[2025-10-10 16:13:43] 
[2025-10-10 16:13:43] < > nr im
[2025-10-10 16:13:43] 
[2025-10-10 16:13:43] atras adelante alva pestafhas inicio
[2025-10-10 16:13:43] 
[2025-10-10 16:13:43] il o <
[2025-10-10 16:13:43] 
[2025-10-10 16:13:43] [OCR] (3.12s): rog ll
[2025-10-10 16:13:43] 
[2025-10-10 16:13:43] facebook q=
[2025-10-10 16:13:43] ©@se © odo @ b
[2025-10-10 16:13:43] 
[2025-10-10 16:15:53] @ what's on your mind? 2
[2025-10-10 16:15:53] @e photo
[2025-10-10 16:15:53] 
[2025-10-10 16:15:53] < > a
[2025-10-10 16:15:53] 
[2025-10-10 16:15:53] atras adelante pestafhas inicio
[2025-10-10 16:15:53] 
[2025-10-10 16:15:53] 
[2025-10-10 16:15:53] 
[2025-10-10 16:15:53] [TEST] Facebook Web - Short video playback
[2025-10-10 16:15:53] [OCR] (0.00s): ro fe ll
[2025-10-10 16:15:53] 
[2025-10-10 16:15:53] facebook q=
[2025-10-10 16:15:53] ©eze © oo @ b
[2025-10-10 16:15:53] 
[2025-10-10 16:15:53] @ what's on your mind? 2
[2025-10-10 16:15:53] @e photo
[2025-10-10 16:15:53] 
[2025-10-10 16:15:53] create story
[2025-10-10 16:15:53] 
[2025-10-10 16:15:53] c) casas de campo y mas. * follow ooo x
[2025-10-10 16:15:53] 1d-®
[2025-10-10 16:15:53] 
[2025-10-10 16:15:53] eb “la casa de los suefios: elegancia natural entre
[2025-10-10 16:15:53] flores y encanto” £3
[2025-10-10 16:15:53] 
[2025-10-10 16:15:53] eb "the house of dreams: natural elegance between
[2025-10-10 16:15:53] flowers and charm" 43
[2025-10-10 16:15:53] translated from spanish
[2025-10-10 16:15:53] 
[2025-10-10 16:15:53] < > a
[2025-10-10 16:15:53] 
[2025-10-10 16:15:53] atras adelante
[2025-10-10 16:15:53] 
[2025-10-10 16:15:53] pestafhas inicio
[2025-10-10 16:15:53] 
[2025-10-10 16:15:53] [INFO] Cerrando pestañas abiertas (fin de iteración)...
[2025-10-10 16:15:53] [INFO] Pestañas cerradas correctamente.
[2025-10-10 16:15:53] [INFO] 'Clear all' (Samsung) pulsado para cerrar las apps recientes.
[2025-10-10 16:15:53] 
[2025-10-10 16:15:53] [ITERACION 10]
[2025-10-10 16:15:53] 
[2025-10-10 16:15:53] [TEST] Instagram Web - Feed loading
[2025-10-10 16:15:53] [OCR] (0.00s): whatsapp
[2025-10-10 16:15:53] 
[2025-10-10 16:15:53] 
[2025-10-10 16:15:53] 
[2025-10-10 16:15:53] [TEST] Instagram Web - Short video playback
[2025-10-10 16:15:53] [OCR] (0.00s): ro fe ll
[2025-10-10 16:15:53] 
[2025-10-10 16:15:53] < > a
[2025-10-10 16:15:53] 
[2025-10-10 16:15:53] atras adelante pestafhas inicio
[2025-10-10 16:15:53] 
[2025-10-10 16:15:53] 
[2025-10-10 16:15:53] [OCR] (3.03s): 16:
[2025-10-10 16:15:53] 6:14 @ © nro gf ull a
[2025-10-10 16:15:53] 
[2025-10-10 16:15:53] q :
[2025-10-10 16:15:53] 
[2025-10-10 16:15:53] 
[2025-10-10 16:15:53] [OCR] (6.00s): 16:14 @ © no ff ull
[2025-10-10 16:15:53] 
[2025-10-10 16:15:53] q
[2025-10-10 16:15:53] 
[2025-10-10 16:15:53] from
[2025-10-10 16:15:53] < > an @
[2025-10-10 16:15:53] atras adelante alva pestafhas inicio
[2025-10-10 16:15:53] 
[2025-10-10 16:15:53] il o <
[2025-10-10 16:15:53] 
[2025-10-10 16:15:53] 
[2025-10-10 16:15:53] [TEST] Facebook Web - Feed loading
[2025-10-10 16:15:53] [OCR] (0.00s): 16:
[2025-10-10 16:15:53] 6:14 @ © nro gf ull a
[2025-10-10 16:15:53] 
[2025-10-10 16:15:53] q :
[2025-10-10 16:15:53] 
[2025-10-10 16:15:53] 
[2025-10-10 16:15:53] [OCR] (3.07s): ro fe ll
[2025-10-10 16:15:53] 
[2025-10-10 16:15:53] facebook q=
[2025-10-10 16:15:53] a s&s © @ @ b
[2025-10-10 16:15:53] 
[2025-10-10 16:15:53] @ what's on your mind? 2
[2025-10-10 16:15:53] @e photo
[2025-10-10 16:15:53] 
[2025-10-10 16:15:53] < > a
[2025-10-10 16:15:53] 
[2025-10-10 16:15:53] atras adelante pestafhas inicio
[2025-10-10 16:15:53] 
[2025-10-10 16:15:53] 
[2025-10-10 16:15:53] 
[2025-10-10 16:15:53] [TEST] Facebook Web - Short video playback
[2025-10-10 16:15:53] [OCR] (0.00s): ro fe ll
[2025-10-10 16:15:53] 
[2025-10-10 16:15:53] facebook q=
[2025-10-10 16:15:53] a sg © @ @ b
[2025-10-10 16:15:53] 
[2025-10-10 16:15:53] @ what's on your mind? 2
[2025-10-10 16:15:53] @e photo
[2025-10-10 16:15:53] 
[2025-10-10 16:15:53] create story
[2025-10-10 16:15:53] 
[2025-10-10 16:15:53] c) casas de campo y mas. * follow ooo x
[2025-10-10 16:15:53] 1d-®
[2025-10-10 16:15:53] 
[2025-10-10 16:15:53] eb “la casa de los suefios: elegancia natural entre
[2025-10-10 16:15:53] flores y encanto” £3
[2025-10-10 16:15:53] 
[2025-10-10 16:15:53] eb "the house of dreams: natural elegance between
[2025-10-10 16:15:53] flowers and charm" 43
[2025-10-10 16:15:53] translated from spanish
[2025-10-10 16:15:53] 
[2025-10-10 16:15:53] < > a
[2025-10-10 16:15:53] 
[2025-10-10 16:15:53] atras adelante
[2025-10-10 16:15:53] 
[2025-10-10 16:15:53] pestafhas inicio
[2025-10-10 16:15:53] 
[2025-10-10 16:15:53] [INFO] Cerrando pestañas abiertas (fin de iteración)...
[2025-10-10 16:15:53] [INFO] Pestañas cerradas correctamente.
[2025-10-10 16:15:53] [INFO] 'Clear all' (Samsung) pulsado para cerrar las apps recientes.
[2025-10-10 16:15:53] 
[2025-10-10 16:15:53] [ITERACION 11]
[2025-10-10 16:15:53] 
[2025-10-10 16:15:53] [TEST] Instagram Web - Feed loading
[2025-10-10 16:15:53] [OCR] (0.00s): whatsapp
[2025-10-10 16:15:53] 
[2025-10-10 16:15:53] 
[2025-10-10 16:15:53] 
[2025-10-10 16:15:53] [TEST] Instagram Web - Short video playback
[2025-10-10 16:15:53] [OCR] (0.00s): 16:14 @ © no ff ull
[2025-10-10 16:15:53] 
[2025-10-10 16:15:53] q
[2025-10-10 16:15:53] 
[2025-10-10 16:15:53] from
[2025-10-10 16:15:53] < > an @
[2025-10-10 16:15:53] atras adelante alva pestafhas inicio
[2025-10-10 16:15:53] 
[2025-10-10 16:15:53] il o <
[2025-10-10 16:15:53] 
[2025-10-10 16:15:53] [OCR] (3.17s): 16:14 @ © no ff ull
[2025-10-10 16:15:53] 
[2025-10-10 16:15:53] q
[2025-10-10 16:15:53] 
[2025-10-10 16:15:53] < > nr im
[2025-10-10 16:15:53] 
[2025-10-10 16:15:53] atras adelante alva pestafhas inicio
[2025-10-10 16:15:53] 
[2025-10-10 16:15:53] il o <
[2025-10-10 16:15:53] 
[2025-10-10 16:15:53] [OCR] (6.42s): 16:14 @ © no ff ull
[2025-10-10 16:15:53] 
[2025-10-10 16:15:53] q
[2025-10-10 16:15:53] 
[2025-10-10 16:15:53] < > nr im
[2025-10-10 16:15:53] 
[2025-10-10 16:15:53] atras adelante alva pestafhas inicio
[2025-10-10 16:15:53] 
[2025-10-10 16:15:53] il o <
[2025-10-10 16:15:53] 
[2025-10-10 16:15:53] 
[2025-10-10 16:15:53] [TEST] Facebook Web - Feed loading
[2025-10-10 16:15:53] [OCR] (0.00s): 16:15 @ © no ff ull
[2025-10-10 16:15:53] 
[2025-10-10 16:15:53] q
[2025-10-10 16:15:53] 
[2025-10-10 16:15:53] < > nr im
[2025-10-10 16:15:53] 
[2025-10-10 16:15:53] atras adelante alva pestafhas inicio
[2025-10-10 16:15:53] 
[2025-10-10 16:15:53] il o <
[2025-10-10 16:15:53] 
[2025-10-10 16:15:53] [OCR] (3.28s): rog ll
[2025-10-10 16:15:53] 
[2025-10-10 16:15:53] facebook q=
[2025-10-10 16:15:53] a s&s © @ @ b
[2025-10-10 16:15:53] 
[2025-10-10 16:15:53] @ what's on your mind? 2
[2025-10-10 16:15:53] @e photo
[2025-10-10 16:15:53] 
[2025-10-10 16:15:53] < > a
[2025-10-10 16:15:53] 
[2025-10-10 16:15:53] atras adelante pestafhas inicio
[2025-10-10 16:15:53] 
[2025-10-10 16:15:53] 
[2025-10-10 16:15:53] 
[2025-10-10 16:15:53] [TEST] Facebook Web - Short video playback
[2025-10-10 16:15:53] [OCR] (0.00s): rog ll
[2025-10-10 16:15:53] 
[2025-10-10 16:15:53] facebook q=
[2025-10-10 16:15:53] a s&s © @ @ b
[2025-10-10 16:15:53] 
[2025-10-10 16:15:53] @ what's on your mind? 2
[2025-10-10 16:15:53] @e photo
[2025-10-10 16:15:53] 
[2025-10-10 16:15:53] < > a
[2025-10-10 16:15:53] 
[2025-10-10 16:15:53] atras adelante pestafhas inicio
[2025-10-10 16:15:53] 
[2025-10-10 16:15:53] 
[2025-10-10 16:15:53] [OCR] (3.34s): 16:15 @ © no ff ull
[2025-10-10 16:15:53] 
[2025-10-10 16:15:53] q
[2025-10-10 16:15:53] 
[2025-10-10 16:15:53] < > nr im
[2025-10-10 16:15:53] 
[2025-10-10 16:15:53] atras adelante alva pestafhas inicio
[2025-10-10 16:15:53] 
[2025-10-10 16:15:53] il o <
[2025-10-10 16:15:53] 
[2025-10-10 16:15:53] [OCR] (6.43s): ro fe ll
[2025-10-10 16:15:53] 
[2025-10-10 16:15:53] < > a
[2025-10-10 16:15:53] 
[2025-10-10 16:15:53] atras adelante pestafhas inicio
[2025-10-10 16:15:53] 
[2025-10-10 16:15:53] 
[2025-10-10 16:15:53] [INFO] Cerrando pestañas abiertas (fin de iteración)...
[2025-10-10 16:15:53] [INFO] Pestañas cerradas correctamente.
[2025-10-10 16:15:53] [INFO] 'Clear all' (Samsung) pulsado para cerrar las apps recientes.
[2025-10-10 16:15:53] 
[2025-10-10 16:15:53] [ITERACION 12]
[2025-10-10 16:15:53] 
[2025-10-10 16:15:53] [TEST] Instagram Web - Feed loading
[2025-10-10 16:15:53] [OCR] (0.00s): whatsapp
[2025-10-10 16:15:53] 
[2025-10-10 16:15:53] 
[2025-10-10 16:15:53] 
[2025-10-10 16:15:53] [TEST] Instagram Web - Short video playback
[2025-10-10 16:15:53] [OCR] (0.00s): 16:15 @ © no tf ull i
[2025-10-10 16:15:53] 
[2025-10-10 16:15:53] q
[2025-10-10 16:15:53] 
[2025-10-10 16:15:53] < > nr im
[2025-10-10 16:15:53] 
[2025-10-10 16:15:53] atras adelante alva pestafhas inicio
[2025-10-10 16:15:53] 
[2025-10-10 16:15:53] il o <
[2025-10-10 16:15:53] 
[2025-10-10 16:15:53] [OCR] (3.19s): 16:15 @ © ro ull ia
[2025-10-10 16:15:53] 
[2025-10-10 16:15:53] < > nr im
[2025-10-10 16:15:53] 
[2025-10-10 16:15:53] atras adelante alva pestafhas inicio
[2025-10-10 16:15:53] 
[2025-10-10 16:15:53] iii o <
[2025-10-10 16:15:53] 
[2025-10-10 16:15:53] [OCR] (6.24s): 16:15 @ © mo hol
[2025-10-10 16:15:53] 
[2025-10-10 16:15:53] q
[2025-10-10 16:15:53] 
[2025-10-10 16:15:53] bs
[2025-10-10 16:15:53] 
[2025-10-10 16:15:53] se interrumpio la conexion
[2025-10-10 16:15:53] 
[2025-10-10 16:15:53] se detect6 un cambio de red.
[2025-10-10 16:15:53] 
[2025-10-10 16:15:53] err_network_changed
[2025-10-10 16:15:53] 
[2025-10-10 16:15:53] < > nr im
[2025-10-10 16:15:53] 
[2025-10-10 16:15:53] atras adelante alva pestafhas inicio
[2025-10-10 16:15:53] 
[2025-10-10 16:15:53] iii o <
[2025-10-10 16:15:53] 
[2025-10-10 16:15:53] 
[2025-10-10 16:15:53] [TEST] Facebook Web - Feed loading
[2025-10-10 16:15:53] [OCR] (0.00s): 16:15 @ © no full
[2025-10-10 16:15:53] 
[2025-10-10 16:15:53] q
[2025-10-10 16:15:53] 
[2025-10-10 16:15:53] 
[2025-10-10 16:15:53] [OCR] (3.06s): no full
[2025-10-10 16:15:53] 
[2025-10-10 16:15:53] facebook q=
[2025-10-10 16:15:53] a s&s © @ @ b
[2025-10-10 16:15:53] 
[2025-10-10 16:15:53] @ what's on your mind? 2
[2025-10-10 16:15:53] @e photo
[2025-10-10 16:15:53] 
[2025-10-10 16:15:53] < > a
[2025-10-10 16:15:53] 
[2025-10-10 16:15:53] atras adelante pestafhas inicio
[2025-10-10 16:15:53] 
[2025-10-10 16:15:53] 
[2025-10-10 16:15:53] 
[2025-10-10 16:15:53] [TEST] Facebook Web - Short video playback
[2025-10-10 16:15:53] [OCR] (0.00s): no full
[2025-10-10 16:15:53] 
[2025-10-10 16:15:53] q
[2025-10-10 16:15:53] facebook qe=
[2025-10-10 16:15:53] as © © @ 8
[2025-10-10 16:15:53] @ what's on your mind? 2
[2025-10-10 16:15:53] 
[2025-10-10 16:15:53] create story
[2025-10-10 16:15:53] 
[2025-10-10 16:15:53] opinion bolivia + follow ooo x
[2025-10-10 16:15:53] 2h: ©
[2025-10-10 16:15:53] 
[2025-10-10 16:15:53] golazo de robson matheus la verde vencio a
[2025-10-10 16:15:53] la mundialista jordania (1-0).
[2025-10-10 16:15:53] 
[2025-10-10 16:15:53] goal by robson matheus, the verde beat the
[2025-10-10 16:15:53] world team jordan (1-0).
[2025-10-10 16:15:53] translated from spanish
[2025-10-10 16:15:53] 
[2025-10-10 16:15:53] el lider de los deportes
[2025-10-10 16:15:53] 2h: ©
[2025-10-10 16:15:53] 
[2025-10-10 16:15:53] s29 #laultima | jiijgano bolivia!!! con
[2025-10-10 16:15:53] 
[2025-10-10 16:15:53] <
[2025-10-10 16:15:53] 
[2025-10-10 16:17:39] atras adelante pestafhas inicio
[2025-10-10 16:17:39] 
[2025-10-10 16:17:39] 
[2025-10-10 16:17:39] [INFO] Cerrando pestañas abiertas (fin de iteración)...
[2025-10-10 16:17:39] [INFO] Pestañas cerradas correctamente.
[2025-10-10 16:17:39] [INFO] 'Clear all' (Samsung) pulsado para cerrar las apps recientes.
[2025-10-10 16:17:39] 
[2025-10-10 16:17:39] [ITERACION 13]
[2025-10-10 16:17:39] 
[2025-10-10 16:17:39] [TEST] Instagram Web - Feed loading
[2025-10-10 16:17:39] [OCR] (0.00s): whatsapp
[2025-10-10 16:17:39] 
[2025-10-10 16:17:39] 
[2025-10-10 16:17:39] 
[2025-10-10 16:17:39] [TEST] Instagram Web - Short video playback
[2025-10-10 16:17:39] [OCR] (0.00s): 16:16 @ © ro hull a
[2025-10-10 16:17:39] 
[2025-10-10 16:17:39] q :
[2025-10-10 16:17:39] 
[2025-10-10 16:17:39] 
[2025-10-10 16:17:39] [OCR] (2.96s): 16:16 @ © ro hull a
[2025-10-10 16:17:39] 
[2025-10-10 16:17:39] q :
[2025-10-10 16:17:39] 
[2025-10-10 16:17:39] 
[2025-10-10 16:17:39] [OCR] (5.91s): 16:16 @ © no full
[2025-10-10 16:17:39] 
[2025-10-10 16:17:39] q
[2025-10-10 16:17:39] 
[2025-10-10 16:17:39] o
[2025-10-10 16:17:39] ras
[2025-10-10 16:17:39] be&easss b
[2025-10-10 16:17:39] 
[2025-10-10 16:17:39] 
[2025-10-10 16:17:39] [TEST] Facebook Web - Feed loading
[2025-10-10 16:17:39] [OCR] (0.00s): 16:16 @ © nro full
[2025-10-10 16:17:39] 
[2025-10-10 16:17:39] nunca olvides que mientras
[2025-10-10 16:17:39] me tengas a mi, siempre
[2025-10-10 16:17:39] tendras a una persona en la
[2025-10-10 16:17:39] cual puedes confiar
[2025-10-10 16:17:39] 
[2025-10-10 16:17:39] plenamente y sobre todo
[2025-10-10 16:17:39] puede escucharte y
[2025-10-10 16:17:39] ayudarte en lo que pueda...
[2025-10-10 16:17:39] ”
[2025-10-10 16:17:39] 31,6 mil
[2025-10-10 16:17:39] 54
[2025-10-10 16:17:39] 
[2025-10-10 16:17:39] (> tweets.deprimido + seguir
[2025-10-10 16:17:39] créditos: @maare__ 04 en tik tok
[2025-10-10 16:17:39] 
[2025-10-10 16:17:39] fi tweets.deprimido - audio original 9
[2025-10-10 16:17:39] 
[2025-10-10 16:17:39] < > an @
[2025-10-10 16:17:39] atras adelante alva pestanas inicio
[2025-10-10 16:17:39] 
[2025-10-10 16:17:39] il o <
[2025-10-10 16:17:39] 
[2025-10-10 16:17:39] [OCR] (5.93s): no full
[2025-10-10 16:17:39] 
[2025-10-10 16:17:39] facebook q=
[2025-10-10 16:17:39] ra | & ) ce he ir
[2025-10-10 16:17:39] 
[2025-10-10 16:17:39] @ what's on your mind? 2
[2025-10-10 16:17:39] @e photo
[2025-10-10 16:17:39] 
[2025-10-10 16:17:39] create story
[2025-10-10 16:17:39] 
[2025-10-10 16:17:39] bf julian hernandez @ + follow coe x
[2025-10-10 16:17:39] 2d-@®
[2025-10-10 16:17:39] 
[2025-10-10 16:17:39] ss
[2025-10-10 16:17:39] 
[2025-10-10 16:17:39] la columna vertebral depende de la energia del rifion
[2025-10-10 16:17:39] que nutre huesos y la médula, en él alberga el miedo,
[2025-10-10 16:17:39] cuando hay un desequilibrio de esta emoci... see more
[2025-10-10 16:17:39] 
[2025-10-10 16:17:39] the spine depends on the energy of the kidney that
[2025-10-10 16:17:39] nourishes bones and the marrow, in it houses fear,
[2025-10-10 16:17:39] when there is an imbalance of this emotion, it can g...
[2025-10-10 16:17:39] translated from spanish
[2025-10-10 16:17:39] 
[2025-10-10 16:17:39] exceso de
[2025-10-10 16:17:39] 
[2025-10-10 16:17:39] atras adelante pestafhas inicio
[2025-10-10 16:17:39] 
[2025-10-10 16:17:39] 
[2025-10-10 16:17:39] 
[2025-10-10 16:17:39] [TEST] Facebook Web - Short video playback
[2025-10-10 16:17:39] [OCR] (0.00s): no full
[2025-10-10 16:17:39] 
[2025-10-10 16:17:39] facebook q=
[2025-10-10 16:17:39] ra | & ) ce he ir
[2025-10-10 16:17:39] 
[2025-10-10 16:17:39] @ what's on your mind? 2
[2025-10-10 16:17:39] @e photo
[2025-10-10 16:17:39] 
[2025-10-10 16:17:39] create story
[2025-10-10 16:17:39] 
[2025-10-10 16:17:39] bf julian hernandez @ + follow coe x
[2025-10-10 16:17:39] 2d-@®
[2025-10-10 16:17:39] 
[2025-10-10 16:17:39] ss
[2025-10-10 16:17:39] 
[2025-10-10 16:17:39] la columna vertebral depende de la energia del rifion
[2025-10-10 16:17:39] que nutre huesos y la médula, en él alberga el miedo,
[2025-10-10 16:17:39] cuando hay un desequilibrio de esta emoci... see more
[2025-10-10 16:17:39] 
[2025-10-10 16:17:39] the spine depends on the energy of the kidney that
[2025-10-10 16:17:39] nourishes bones and the marrow, in it houses fear,
[2025-10-10 16:17:39] when there is an imbalance of this emotion, it can g...
[2025-10-10 16:17:39] translated from spanish
[2025-10-10 16:17:39] 
[2025-10-10 16:17:39] exceso de
[2025-10-10 16:17:39] 
[2025-10-10 16:17:39] atras adelante pestafhas inicio
[2025-10-10 16:17:39] 
[2025-10-10 16:17:39] 
[2025-10-10 16:17:39] [INFO] Cerrando pestañas abiertas (fin de iteración)...
[2025-10-10 16:17:39] [INFO] Pestañas cerradas correctamente.
[2025-10-10 16:17:39] [INFO] 'Clear all' (Samsung) pulsado para cerrar las apps recientes.
[2025-10-10 16:17:39] 
[2025-10-10 16:17:39] [ITERACION 14]
[2025-10-10 16:17:39] 
[2025-10-10 16:17:39] [TEST] Instagram Web - Feed loading
[2025-10-10 16:17:39] [OCR] (0.00s): 16:16 @ © nro full
[2025-10-10 16:17:39] 
[2025-10-10 16:17:39] @ buscar o escribir url
[2025-10-10 16:17:39] 
[2025-10-10 16:17:39] a a rn (0) oo
[2025-10-10 16:17:39] 
[2025-10-10 16:17:39] perfil alva pestanas apps
[2025-10-10 16:17:39] 
[2025-10-10 16:17:39] iii o <
[2025-10-10 16:17:39] 
[2025-10-10 16:17:39] [OCR] (6.65s): no full
[2025-10-10 16:17:39] 
[2025-10-10 16:17:39] < > a
[2025-10-10 16:17:39] 
[2025-10-10 16:17:39] atras adelante pestafhas inicio
[2025-10-10 16:17:39] 
[2025-10-10 16:17:39] 
[2025-10-10 16:17:39] 
[2025-10-10 16:17:39] [TEST] Instagram Web - Short video playback
[2025-10-10 16:17:39] [OCR] (0.00s): 16:17 @ © ro hall
[2025-10-10 16:17:39] 
[2025-10-10 16:17:39] q :
[2025-10-10 16:17:39] 
[2025-10-10 16:17:39] 
[2025-10-10 16:17:39] [OCR] (3.13s): 16:17 @ © ro hall
[2025-10-10 16:17:39] 
[2025-10-10 16:17:39] q :
[2025-10-10 16:17:39] 
[2025-10-10 16:17:39] 
[2025-10-10 16:17:39] [OCR] (6.15s): 16:17 @ © nro full
[2025-10-10 16:17:39] 
[2025-10-10 16:17:39] q
[2025-10-10 16:17:39] 
[2025-10-10 16:17:39] 15,1 mil
[2025-10-10 16:17:39] 
[2025-10-10 16:17:39] eri_ickg - seguir
[2025-10-10 16:17:39] 
[2025-10-10 16:17:39] ws .. mas
[2025-10-10 16:17:39] 
[2025-10-10 16:17:39] £7 julien marchal, izzamuzzic, rach - say yes to heaven > aha
[2025-10-10 16:17:39] 
[2025-10-10 16:17:39] < > nr im
[2025-10-10 16:17:39] 
[2025-10-10 16:17:39] atras adelante alva pestafhas inicio
[2025-10-10 16:17:39] 
[2025-10-10 16:17:39] il o <
[2025-10-10 16:17:39] 
[2025-10-10 16:17:39] 
[2025-10-10 16:17:39] [TEST] Facebook Web - Feed loading
[2025-10-10 16:17:39] [OCR] (0.00s): 16:17 @ © nro full
[2025-10-10 16:17:39] 
[2025-10-10 16:17:39] q :
[2025-10-10 16:17:39] 
[2025-10-10 16:17:39] = ? “
[2025-10-10 16:17:39] no siempre tengo alg a
[2025-10-10 16:17:39] interesante que contarte,
[2025-10-10 16:17:39] pero siempre:tengo ga
[2025-10-10 16:17:39] de hablar contigo. ¥
[2025-10-10 16:17:39] 
[2025-10-10 16:17:39] j
[2025-10-10 16:17:39] 
[2025-10-10 16:17:39] iv)
[2025-10-10 16:17:39] 
[2025-10-10 16:17:39] 15,1 mil
[2025-10-10 16:17:39] 
[2025-10-10 16:17:39] ea eri_ickg + seguir
[2025-10-10 16:17:39] 
[2025-10-10 16:17:39] ws .. mas
[2025-10-10 16:17:39] 
[2025-10-10 16:17:39] £4 marchal, izzamuzzic, rach - say yes to heaven x shor aha
[2025-10-10 16:17:39] 
[2025-10-10 16:17:39] < > ay im
[2025-10-10 16:17:39] 
[2025-10-10 16:17:39] atras adelante alva pestafhas talted{e)
[2025-10-10 16:17:39] 
[2025-10-10 16:17:39] hi o <
[2025-10-10 16:17:39] 
[2025-10-10 16:17:39] [OCR] (5.71s): no full
[2025-10-10 16:17:39] 
[2025-10-10 16:17:39] facebook q=
[2025-10-10 16:17:39] a sg © @ @ b
[2025-10-10 16:17:39] 
[2025-10-10 16:17:39] @ what's on your mind? 2
[2025-10-10 16:17:39] @e photo
[2025-10-10 16:17:39] 
[2025-10-10 16:17:39] create story
[2025-10-10 16:17:39] 
[2025-10-10 16:17:39] casas de campo y mas. * follow ooo x
[2025-10-10 16:17:39] 1d-®
[2025-10-10 16:17:39] 
[2025-10-10 16:17:39] eb “la casa de los suefios: elegancia natural entre
[2025-10-10 16:17:39] flores y encanto” £3
[2025-10-10 16:17:39] 
[2025-10-10 16:17:39] eb "the house of dreams: natural elegance between
[2025-10-10 16:17:39] flowers and charm" 43
[2025-10-10 16:17:39] translated from spanish
[2025-10-10 16:17:39] 
[2025-10-10 16:17:39] < > a
[2025-10-10 16:17:39] 
[2025-10-10 16:17:39] atras adelante
[2025-10-10 16:17:39] 
[2025-10-10 16:17:39] pestafhas inicio
[2025-10-10 16:17:39] 
[2025-10-10 16:17:39] 
[2025-10-10 16:17:39] [TEST] Facebook Web - Short video playback
[2025-10-10 16:17:39] [OCR] (0.00s): no full
[2025-10-10 16:17:39] 
[2025-10-10 16:17:39] facebook q=
[2025-10-10 16:17:39] a sg © @ @ b
[2025-10-10 16:17:39] 
[2025-10-10 16:17:39] @ what's on your mind? 2
[2025-10-10 16:17:39] @e photo
[2025-10-10 16:17:39] 
[2025-10-10 16:17:39] create story
[2025-10-10 16:17:39] 
[2025-10-10 16:17:39] casas de campo y mas. * follow ooo x
[2025-10-10 16:17:39] 1d-®
[2025-10-10 16:17:39] 
[2025-10-10 16:17:39] eb “la casa de los suefios: elegancia natural entre
[2025-10-10 16:17:39] flores y encanto” £3
[2025-10-10 16:17:39] 
[2025-10-10 16:17:39] eb "the house of dreams: natural elegance between
[2025-10-10 16:17:39] flowers and charm" 43
[2025-10-10 16:17:39] translated from spanish
[2025-10-10 16:17:39] 
[2025-10-10 16:17:39] < > a
[2025-10-10 16:17:39] 
[2025-10-10 16:17:39] atras adelante
[2025-10-10 16:17:39] 
[2025-10-10 16:17:39] pestafhas inicio
[2025-10-10 16:17:39] 
[2025-10-10 16:17:39] [INFO] Cerrando pestañas abiertas (fin de iteración)...
[2025-10-10 16:17:39] [INFO] Pestañas cerradas correctamente.
[2025-10-10 16:17:39] [INFO] 'Clear all' (Samsung) pulsado para cerrar las apps recientes.
[2025-10-10 16:17:39] 
[2025-10-10 16:17:39] [ITERACION 15]
[2025-10-10 16:17:39] 
[2025-10-10 16:17:39] [TEST] Instagram Web - Feed loading
[2025-10-10 16:19:35] [OCR] (0.00s): whatsapp
[2025-10-10 16:19:35] 
[2025-10-10 16:19:35] 
[2025-10-10 16:19:35] 
[2025-10-10 16:19:35] [TEST] Instagram Web - Short video playback
[2025-10-10 16:19:35] [OCR] (0.00s): 16:17 @ © ro hall
[2025-10-10 16:19:35] 
[2025-10-10 16:19:35] q :
[2025-10-10 16:19:35] 
[2025-10-10 16:19:35] 
[2025-10-10 16:19:35] [OCR] (2.99s): 16:17 @ © ro hall
[2025-10-10 16:19:35] 
[2025-10-10 16:19:35] q :
[2025-10-10 16:19:35] 
[2025-10-10 16:19:35] 
[2025-10-10 16:19:35] [OCR] (5.89s): 16:17 @ © ro hall
[2025-10-10 16:19:35] 
[2025-10-10 16:19:35] q :
[2025-10-10 16:19:35] 
[2025-10-10 16:19:35] 
[2025-10-10 16:19:35] 
[2025-10-10 16:19:35] [TEST] Facebook Web - Feed loading
[2025-10-10 16:19:35] [OCR] (0.00s): 16:17 @ © nro full
[2025-10-10 16:19:35] 
[2025-10-10 16:19:35] q
[2025-10-10 16:19:35] 
[2025-10-10 16:19:35] gracias por ser como eres,
[2025-10-10 16:19:35] por tu amistad y por
[2025-10-10 16:19:35] demostrarme que en este
[2025-10-10 16:19:35] mundo atin hay personas
[2025-10-10 16:19:35] bonitas en las que podemos
[2025-10-10 16:19:35] confiar, te quiero.
[2025-10-10 16:19:35] 
[2025-10-10 16:19:35] ee iets ate ans ace snes od.
[2025-10-10 16:19:35] can — ae 1
[2025-10-10 16:19:35] bat 7
[2025-10-10 16:19:35] |
[2025-10-10 16:19:35] 49,7 mil
[2025-10-10 16:19:35] 258
[2025-10-10 16:19:35] 1
[2025-10-10 16:19:35] ri
[2025-10-10 16:19:35] 
[2025-10-10 16:19:35] ©! aldotrejo2 - seguir
[2025-10-10 16:19:35] gracias, gracias etiqueta a esa curita @ ..mas
[2025-10-10 16:19:35] 
[2025-10-10 16:19:35] £1 dayglow - can | call you tonight?
[2025-10-10 16:19:35] 
[2025-10-10 16:19:35] < > nr im
[2025-10-10 16:19:35] 
[2025-10-10 16:19:35] atras adelante alva pestafhas inicio
[2025-10-10 16:19:35] 
[2025-10-10 16:19:35] il o <
[2025-10-10 16:19:35] 
[2025-10-10 16:19:35] [OCR] (5.42s): no full
[2025-10-10 16:19:35] 
[2025-10-10 16:19:35] facebook q=
[2025-10-10 16:19:35] 6 & )
[2025-10-10 16:19:35] 
[2025-10-10 16:19:35] g
[2025-10-10 16:19:35] ~
[2025-10-10 16:19:35] 
[2025-10-10 16:19:35] @ what's on your mind? 2
[2025-10-10 16:19:35] @e photo
[2025-10-10 16:19:35] 
[2025-10-10 16:19:35] create story
[2025-10-10 16:19:35] 
[2025-10-10 16:19:35] fers dream house story : gav.. ° follow sss x
[2025-10-10 16:19:35] sy reels > sep 28> &
[2025-10-10 16:19:35] 
[2025-10-10 16:19:35] cozy garden house.
[2025-10-10 16:19:35] 
[2025-10-10 16:19:35] )
[2025-10-10 16:19:35] 
[2025-10-10 16:19:35] pestafhas inicio
[2025-10-10 16:19:35] 
[2025-10-10 16:19:35] atras adelante
[2025-10-10 16:19:35] 
[2025-10-10 16:19:35] 
[2025-10-10 16:19:35] 
[2025-10-10 16:19:35] [TEST] Facebook Web - Short video playback
[2025-10-10 16:19:35] [OCR] (0.00s): no full
[2025-10-10 16:19:35] 
[2025-10-10 16:19:35] facebook q=
[2025-10-10 16:19:35] 6 & ) ce he ir
[2025-10-10 16:19:35] 
[2025-10-10 16:19:35] @ what's on your mind? 2
[2025-10-10 16:19:35] @e photo
[2025-10-10 16:19:35] 
[2025-10-10 16:19:35] create story
[2025-10-10 16:19:35] 
[2025-10-10 16:19:35] ge dream house story : gav... » follow
[2025-10-10 16:19:35] 
[2025-10-10 16:19:35] eco ><
[2025-10-10 16:19:35] reels * sep 28* @
[2025-10-10 16:19:35] 
[2025-10-10 16:19:35] cozy garden house.
[2025-10-10 16:19:35] 
[2025-10-10 16:19:35] <
[2025-10-10 16:19:35] 
[2025-10-10 16:19:35] atras adelante
[2025-10-10 16:19:35] 
[2025-10-10 16:19:35] pestafhas inicio
[2025-10-10 16:19:35] 
[2025-10-10 16:19:35] [INFO] Cerrando pestañas abiertas (fin de iteración)...
[2025-10-10 16:19:35] [INFO] Pestañas cerradas correctamente.
[2025-10-10 16:19:35] [INFO] 'Clear all' (Samsung) pulsado para cerrar las apps recientes.
[2025-10-10 16:19:35] 
[2025-10-10 16:19:35] [ITERACION 16]
[2025-10-10 16:19:35] 
[2025-10-10 16:19:35] [TEST] Instagram Web - Feed loading
[2025-10-10 16:19:35] [OCR] (0.00s): whatsapp
[2025-10-10 16:19:35] 
[2025-10-10 16:19:35] 
[2025-10-10 16:19:35] 
[2025-10-10 16:19:35] [TEST] Instagram Web - Short video playback
[2025-10-10 16:19:35] [OCR] (0.00s): 16:18 @ © ro hull a
[2025-10-10 16:19:35] 
[2025-10-10 16:19:35] q :
[2025-10-10 16:19:35] 
[2025-10-10 16:19:35] 
[2025-10-10 16:19:35] [OCR] (3.09s): 16:18 @ © ro hull a
[2025-10-10 16:19:35] 
[2025-10-10 16:19:35] q :
[2025-10-10 16:19:35] 
[2025-10-10 16:19:35] 
[2025-10-10 16:19:35] [OCR] (6.01s): 16:18 @ © ro hull a
[2025-10-10 16:19:35] 
[2025-10-10 16:19:35] q :
[2025-10-10 16:19:35] 
[2025-10-10 16:19:35] 
[2025-10-10 16:19:35] 
[2025-10-10 16:19:35] [TEST] Facebook Web - Feed loading
[2025-10-10 16:19:35] [OCR] (0.00s): 16:18 @ © nro full
[2025-10-10 16:19:35] 
[2025-10-10 16:19:35] q
[2025-10-10 16:19:35] 
[2025-10-10 16:19:35] eee f
[2025-10-10 16:19:35] gracias por hacer queicada dia
[2025-10-10 16:19:35] valga la pena, noimporta si solo
[2025-10-10 16:19:35] conversemos un ratito 0 todo el dia,
[2025-10-10 16:19:35] soy feliz de formar parte de tu vida.
[2025-10-10 16:19:35] 
[2025-10-10 16:19:35] 7899
[2025-10-10 16:19:35] 38
[2025-10-10 16:19:35] is) _jordanrobles_ + seguir
[2025-10-10 16:19:35] gracias wo m#amigos #foryou #viralreels #homt ... mas
[2025-10-10 16:19:35] fa _jordanrobles_- audio original
[2025-10-10 16:19:35] < > zn a
[2025-10-10 16:19:35] atras adelante alva pestanas inicio
[2025-10-10 16:19:35] 
[2025-10-10 16:19:35] il o <
[2025-10-10 16:19:35] 
[2025-10-10 16:19:35] [OCR] (5.12s): no full
[2025-10-10 16:19:35] 
[2025-10-10 16:19:35] facebook q=
[2025-10-10 16:19:35] a sg © @ @ b
[2025-10-10 16:19:35] 
[2025-10-10 16:19:35] @ what's on your mind? 2
[2025-10-10 16:19:35] @e photo
[2025-10-10 16:19:35] 
[2025-10-10 16:19:35] create story
[2025-10-10 16:19:35] 
[2025-10-10 16:19:35] casas de campo y mas. * follow ooo x
[2025-10-10 16:19:35] 1d-®
[2025-10-10 16:19:35] 
[2025-10-10 16:19:35] eb “la casa de los suefios: elegancia natural entre
[2025-10-10 16:19:35] flores y encanto” £3
[2025-10-10 16:19:35] 
[2025-10-10 16:19:35] eb "the house of dreams: natural elegance between
[2025-10-10 16:19:35] flowers and charm" 43
[2025-10-10 16:19:35] translated from spanish
[2025-10-10 16:19:35] 
[2025-10-10 16:19:35] < > a
[2025-10-10 16:19:35] 
[2025-10-10 16:19:35] atras adelante
[2025-10-10 16:19:35] 
[2025-10-10 16:19:35] pestafhas inicio
[2025-10-10 16:19:35] 
[2025-10-10 16:19:35] 
[2025-10-10 16:19:35] [TEST] Facebook Web - Short video playback
[2025-10-10 16:19:35] [OCR] (0.00s): no full
[2025-10-10 16:19:35] 
[2025-10-10 16:19:35] facebook q=
[2025-10-10 16:19:35] a sg © @ @ b
[2025-10-10 16:19:35] 
[2025-10-10 16:19:35] @ what's on your mind? 2
[2025-10-10 16:19:35] @e photo
[2025-10-10 16:19:35] 
[2025-10-10 16:19:35] create story
[2025-10-10 16:19:35] 
[2025-10-10 16:19:35] casas de campo y mas. * follow ooo x
[2025-10-10 16:19:35] 1d-®
[2025-10-10 16:19:35] 
[2025-10-10 16:19:35] eb “la casa de los suefios: elegancia natural entre
[2025-10-10 16:19:35] flores y encanto” £3
[2025-10-10 16:19:35] 
[2025-10-10 16:19:35] eb "the house of dreams: natural elegance between
[2025-10-10 16:19:35] flowers and charm" 43
[2025-10-10 16:19:35] translated from spanish
[2025-10-10 16:19:35] 
[2025-10-10 16:19:35] < > a
[2025-10-10 16:19:35] 
[2025-10-10 16:19:35] atras adelante
[2025-10-10 16:19:35] 
[2025-10-10 16:19:35] pestafhas inicio
[2025-10-10 16:19:35] 
[2025-10-10 16:19:35] [INFO] Cerrando pestañas abiertas (fin de iteración)...
[2025-10-10 16:19:35] [INFO] Pestañas cerradas correctamente.
[2025-10-10 16:19:35] [INFO] 'Clear all' (Samsung) pulsado para cerrar las apps recientes.
[2025-10-10 16:19:35] 
[2025-10-10 16:19:35] [ITERACION 17]
[2025-10-10 16:19:35] 
[2025-10-10 16:19:35] [TEST] Instagram Web - Feed loading
[2025-10-10 16:19:35] [OCR] (0.00s): 16:19 @ © nro full
[2025-10-10 16:19:35] 
[2025-10-10 16:19:35] @ buscar o escribir url
[2025-10-10 16:19:35] 
[2025-10-10 16:19:35] a a rn (0) oo
[2025-10-10 16:19:35] 
[2025-10-10 16:19:35] perfil alva pestanas apps
[2025-10-10 16:19:35] 
[2025-10-10 16:19:35] iii o <
[2025-10-10 16:19:35] 
[2025-10-10 16:19:35] [OCR] (5.73s): no full
[2025-10-10 16:19:35] 
[2025-10-10 16:19:35] < > a
[2025-10-10 16:19:35] 
[2025-10-10 16:19:35] atras adelante pestafhas inicio
[2025-10-10 16:19:35] 
[2025-10-10 16:19:35] 
[2025-10-10 16:19:35] 
[2025-10-10 16:19:35] [TEST] Instagram Web - Short video playback
[2025-10-10 16:19:35] [OCR] (0.00s): 16:19 @ ©
[2025-10-10 16:19:35] 
[2025-10-10 16:19:35] tu historia
[2025-10-10 16:19:35] 
[2025-10-10 16:19:35] <
[2025-10-10 16:19:35] 
[2025-10-10 16:19:35] atras
[2025-10-10 16:19:35] 
[2025-10-10 16:19:35] cuartetode...
[2025-10-10 16:19:35] 
[2025-10-10 16:19:35] >
[2025-10-10 16:19:35] 
[2025-10-10 16:19:35] adelante
[2025-10-10 16:19:35] 
[2025-10-10 16:19:35] alva
[2025-10-10 16:19:35] 
[2025-10-10 16:19:35] pestanhas
[2025-10-10 16:19:35] 
[2025-10-10 16:19:35] nro full
[2025-10-10 16:19:35] 
[2025-10-10 16:19:35] a
[2025-10-10 16:19:35] 
[2025-10-10 16:19:35] inicio
[2025-10-10 16:19:35] 
[2025-10-10 16:19:35] <
[2025-10-10 16:19:35] 
[2025-10-10 16:19:35] [OCR] (3.33s): 16:19 @ © ro hall
[2025-10-10 16:19:35] 
[2025-10-10 16:19:35] q :
[2025-10-10 16:19:35] 
[2025-10-10 16:19:35] 
[2025-10-10 16:19:35] [OCR] (6.30s): 16:19 @ © ro hall
[2025-10-10 16:19:35] 
[2025-10-10 16:19:35] q :
[2025-10-10 16:19:35] 
[2025-10-10 16:19:35] 
[2025-10-10 16:19:35] 
[2025-10-10 16:19:35] [TEST] Facebook Web - Feed loading
[2025-10-10 16:19:35] [OCR] (0.00s): 16:19 @ © nro full
[2025-10-10 16:19:35] 
[2025-10-10 16:19:35] q :
[2025-10-10 16:19:35] 
[2025-10-10 16:19:35] gracias por ser la personita
[2025-10-10 16:19:35] que hace mis dias tan
[2025-10-10 16:19:35] lindos. *
[2025-10-10 16:19:35] 
[2025-10-10 16:19:35] |
[2025-10-10 16:19:35] 
[2025-10-10 16:19:35] - —
[2025-10-10 16:19:35] 
[2025-10-10 16:19:35] ‘
[2025-10-10 16:19:35] 
[2025-10-10 16:19:35] 54
[2025-10-10 16:19:35] ad _kevfrases + seguir a
[2025-10-10 16:19:35] i
[2025-10-10 16:19:35] envia@®
[2025-10-10 16:19:35] fl .kev - audio original fra: @ usa |
[2025-10-10 16:19:35] < > an im
[2025-10-10 16:19:35] atras adelante alva pestafhas inicio
[2025-10-10 16:19:35] 
[2025-10-10 16:19:35] il o <
[2025-10-10 16:19:35] 
[2025-10-10 16:19:35] [OCR] (5.53s): no full
[2025-10-10 16:19:35] 
[2025-10-10 16:19:35] facebook
[2025-10-10 16:19:35] 
[2025-10-10 16:19:35] a s ®h w&§#* bs
[2025-10-10 16:19:35] 
[2025-10-10 16:19:35] @ what's on your mind?
[2025-10-10 16:19:35] @e
[2025-10-10 16:19:35] 
[2025-10-10 16:19:35] create story
[2025-10-10 16:19:35] 
[2025-10-10 16:19:35] &2 a@awpasion porlos cab... + join
[2025-10-10 16:19:35] 
[2025-10-10 16:19:35] ricardo carrazco * 1d > ©
[2025-10-10 16:19:35] 
[2025-10-10 16:19:35] atras adelante pestafhas
[2025-10-10 16:19:35] 
[2025-10-10 16:19:35] q
[2025-10-10 16:19:35] q
[2025-10-10 16:19:35] 
[2025-10-10 16:19:35] inicio
[2025-10-10 16:19:35] 
[2025-10-10 16:19:35] x
[2025-10-10 16:19:35] 
[2025-10-10 16:19:35] 
[2025-10-10 16:19:35] 
[2025-10-10 16:19:35] [TEST] Facebook Web - Short video playback
[2025-10-10 16:19:35] [OCR] (0.00s): no full
[2025-10-10 16:19:35] 
[2025-10-10 16:19:35] facebook
[2025-10-10 16:19:35] 
[2025-10-10 16:19:35] a s ®h w&§#* bs
[2025-10-10 16:19:35] 
[2025-10-10 16:19:35] @ what's on your mind?
[2025-10-10 16:19:35] @e
[2025-10-10 16:19:35] 
[2025-10-10 16:19:35] create story
[2025-10-10 16:19:35] 
[2025-10-10 16:19:35] &2 a@awpasion porlos cab... + join
[2025-10-10 16:19:35] 
[2025-10-10 16:19:35] ricardo carrazco * 1d > ©
[2025-10-10 16:19:35] 
[2025-10-10 16:19:35] atras adelante pestafhas
[2025-10-10 16:19:35] 
[2025-10-10 16:19:35] q
[2025-10-10 16:19:35] q
[2025-10-10 16:19:35] 
[2025-10-10 16:22:01] inicio
[2025-10-10 16:22:01] 
[2025-10-10 16:22:01] x
[2025-10-10 16:22:01] 
[2025-10-10 16:22:01] 
[2025-10-10 16:22:01] [OCR] (5.07s): 16:19 @ © nro full
[2025-10-10 16:22:01] 
[2025-10-10 16:22:01] q
[2025-10-10 16:22:01] “s s \%s ) *e"
[2025-10-10 16:22:01] sees so -q. i
[2025-10-10 16:22:01] 
[2025-10-10 16:22:01] « tap to unmute (
[2025-10-10 16:22:01] 
[2025-10-10 16:22:01] \ ave an phu ane
[2025-10-10 16:22:01] 
[2025-10-10 16:22:01] si al ee
[2025-10-10 16:22:01] 
[2025-10-10 16:22:01] _ mm — i ese
[2025-10-10 16:22:01] 
[2025-10-10 16:22:01] < > a a
[2025-10-10 16:22:01] 
[2025-10-10 16:22:01] atras adelante alva pestanhas inicio
[2025-10-10 16:22:01] 
[2025-10-10 16:22:01] [INFO] Cerrando pestañas abiertas (fin de iteración)...
[2025-10-10 16:22:01] [INFO] Pestañas cerradas correctamente.
[2025-10-10 16:22:01] [INFO] 'Clear all' (Samsung) pulsado para cerrar las apps recientes.
[2025-10-10 16:22:01] 
[2025-10-10 16:22:01] [ITERACION 18]
[2025-10-10 16:22:01] 
[2025-10-10 16:22:01] [TEST] Instagram Web - Feed loading
[2025-10-10 16:22:01] [OCR] (0.00s): whatsapp
[2025-10-10 16:22:01] 
[2025-10-10 16:22:01] 
[2025-10-10 16:22:01] 
[2025-10-10 16:22:01] [TEST] Instagram Web - Short video playback
[2025-10-10 16:22:01] [OCR] (0.00s): 16:20 @ @ roe ull
[2025-10-10 16:22:01] 
[2025-10-10 16:22:01] q :
[2025-10-10 16:22:01] 
[2025-10-10 16:22:01] 
[2025-10-10 16:22:01] [OCR] (3.05s): 16:20 @ @ roe ull
[2025-10-10 16:22:01] 
[2025-10-10 16:22:01] q :
[2025-10-10 16:22:01] 
[2025-10-10 16:22:01] 
[2025-10-10 16:22:01] [OCR] (6.03s): 16:20 @ @ ro full
[2025-10-10 16:22:01] 
[2025-10-10 16:22:01] q
[2025-10-10 16:22:01] 
[2025-10-10 16:22:01] o
[2025-10-10 16:22:01] ras
[2025-10-10 16:22:01] bsbe&eases b
[2025-10-10 16:22:01] 
[2025-10-10 16:22:01] 
[2025-10-10 16:22:01] [TEST] Facebook Web - Feed loading
[2025-10-10 16:22:01] [OCR] (0.00s): 16:20 @ ©
[2025-10-10 16:22:01] 
[2025-10-10 16:22:01] es bonito tener aalguien —
[2025-10-10 16:22:01] como tu en mi vida,
[2025-10-10 16:22:01] porque me sacas sonrisas
[2025-10-10 16:22:01] atin estando lejos de mi.
[2025-10-10 16:22:01] oq ronaldo189316 * seguir
[2025-10-10 16:22:01] sigueme para mas contenidos w¥# ... mas
[2025-10-10 16:22:01] fa othapa_jn - audio original
[2025-10-10 16:22:01] < > nw
[2025-10-10 16:22:01] atras adelante alva pestanas
[2025-10-10 16:22:01] 
[2025-10-10 16:22:01] il o <
[2025-10-10 16:22:01] 
[2025-10-10 16:22:01] no full
[2025-10-10 16:22:01] 
[2025-10-10 16:22:01] 1366
[2025-10-10 16:22:01] 
[2025-10-10 16:22:01] 
[2025-10-10 16:22:01] [OCR] (6.29s): an ot ll ia
[2025-10-10 16:22:01] 
[2025-10-10 16:22:01] q
[2025-10-10 16:22:01] 
[2025-10-10 16:22:01] facebook q=
[2025-10-10 16:22:01] a sg © @ @ b
[2025-10-10 16:22:01] 
[2025-10-10 16:22:01] @ what's on your mind?
[2025-10-10 16:22:01] @& photo
[2025-10-10 16:22:01] 
[2025-10-10 16:22:01] create story
[2025-10-10 16:22:01] 
[2025-10-10 16:22:01] planos de casas « follow coo x
[2025-10-10 16:22:01] 3d°-®
[2025-10-10 16:22:01] 
[2025-10-10 16:22:01] qué casa tan chula.
[2025-10-10 16:22:01] 
[2025-10-10 16:22:01] what a cool house.
[2025-10-10 16:22:01] translated from spanish
[2025-10-10 16:22:01] 
[2025-10-10 16:22:01] >
[2025-10-10 16:22:01] 
[2025-10-10 16:22:01] adelante pestanhas
[2025-10-10 16:22:01] 
[2025-10-10 16:22:01] inicio
[2025-10-10 16:22:01] 
[2025-10-10 16:22:01] 
[2025-10-10 16:22:01] 
[2025-10-10 16:22:01] [TEST] Facebook Web - Short video playback
[2025-10-10 16:22:01] [OCR] (0.00s): an ot ll ia
[2025-10-10 16:22:01] 
[2025-10-10 16:22:01] q
[2025-10-10 16:22:01] 
[2025-10-10 16:22:01] facebook q=
[2025-10-10 16:22:01] a sg © @ @ b
[2025-10-10 16:22:01] 
[2025-10-10 16:22:01] @ what's on your mind?
[2025-10-10 16:22:01] @& photo
[2025-10-10 16:22:01] 
[2025-10-10 16:22:01] create story
[2025-10-10 16:22:01] 
[2025-10-10 16:22:01] planos de casas « follow coo x
[2025-10-10 16:22:01] 3d°-®
[2025-10-10 16:22:01] 
[2025-10-10 16:22:01] qué casa tan chula.
[2025-10-10 16:22:01] 
[2025-10-10 16:22:01] what a cool house.
[2025-10-10 16:22:01] translated from spanish
[2025-10-10 16:22:01] 
[2025-10-10 16:22:01] >
[2025-10-10 16:22:01] 
[2025-10-10 16:22:01] adelante pestanhas
[2025-10-10 16:22:01] 
[2025-10-10 16:22:01] inicio
[2025-10-10 16:22:01] 
[2025-10-10 16:22:01] 
[2025-10-10 16:22:01] [INFO] Cerrando pestañas abiertas (fin de iteración)...
[2025-10-10 16:22:01] [INFO] Pestañas cerradas correctamente.
[2025-10-10 16:22:01] [INFO] 'Clear all' (Samsung) pulsado para cerrar las apps recientes.
[2025-10-10 16:22:01] 
[2025-10-10 16:22:01] [ITERACION 19]
[2025-10-10 16:22:01] 
[2025-10-10 16:22:01] [TEST] Instagram Web - Feed loading
[2025-10-10 16:22:01] [OCR] (0.00s): whatsapp
[2025-10-10 16:22:01] 
[2025-10-10 16:22:01] 
[2025-10-10 16:22:01] 
[2025-10-10 16:22:01] [TEST] Instagram Web - Short video playback
[2025-10-10 16:22:01] [OCR] (0.00s): 16:20 @ @ roe ull
[2025-10-10 16:22:01] 
[2025-10-10 16:22:01] q :
[2025-10-10 16:22:01] 
[2025-10-10 16:22:01] 
[2025-10-10 16:22:01] [OCR] (2.96s): 16:20 @ @ roe ull
[2025-10-10 16:22:01] 
[2025-10-10 16:22:01] q :
[2025-10-10 16:22:01] 
[2025-10-10 16:22:01] 
[2025-10-10 16:22:01] [OCR] (5.94s): 16:20 @ @ roe ull
[2025-10-10 16:22:01] 
[2025-10-10 16:22:01] q :
[2025-10-10 16:22:01] 
[2025-10-10 16:22:01] 
[2025-10-10 16:22:01] 
[2025-10-10 16:22:01] [TEST] Facebook Web - Feed loading
[2025-10-10 16:22:01] [OCR] (0.00s): 16:20 @ © ro ull
[2025-10-10 16:22:01] 
[2025-10-10 16:22:01] @
[2025-10-10 16:22:01] 
[2025-10-10 16:22:01] adelante pestafhas inicio
[2025-10-10 16:22:01] 
[2025-10-10 16:22:01] il <
[2025-10-10 16:22:01] 
[2025-10-10 16:22:01] 
[2025-10-10 16:22:01] [OCR] (4.57s): no full
[2025-10-10 16:22:01] 
[2025-10-10 16:22:01] facebook q=
[2025-10-10 16:22:01] a s&s © @ @ b
[2025-10-10 16:22:01] 
[2025-10-10 16:22:01] @ what's on your mind? 2
[2025-10-10 16:22:01] @e photo
[2025-10-10 16:22:01] 
[2025-10-10 16:22:01] < > a
[2025-10-10 16:22:01] 
[2025-10-10 16:22:01] atras adelante pestafhas inicio
[2025-10-10 16:22:01] 
[2025-10-10 16:22:01] 
[2025-10-10 16:22:01] 
[2025-10-10 16:22:01] [TEST] Facebook Web - Short video playback
[2025-10-10 16:22:01] [OCR] (0.00s): no full
[2025-10-10 16:22:01] 
[2025-10-10 16:22:01] facebook q=
[2025-10-10 16:22:01] ae ss © @ ® gs
[2025-10-10 16:22:01] 
[2025-10-10 16:22:01] @ what's on your mind?
[2025-10-10 16:22:01] photo
[2025-10-10 16:22:01] 
[2025-10-10 16:22:01] create story
[2025-10-10 16:22:01] 
[2025-10-10 16:22:01] .» natur curiosities + follow coo x
[2025-10-10 16:22:01] 18h- @
[2025-10-10 16:22:01] 
[2025-10-10 16:22:01] "en lo que pienso todo el dia" & @l}w
[2025-10-10 16:22:01] 
[2025-10-10 16:22:01] "what | think about all day" & @ jw
[2025-10-10 16:22:01] translated from spanish
[2025-10-10 16:22:01] 
[2025-10-10 16:22:01] atras adelante
[2025-10-10 16:22:01] 
[2025-10-10 16:22:01] pestanas ttaltette)
[2025-10-10 16:22:01] 
[2025-10-10 16:22:01] [INFO] Cerrando pestañas abiertas (fin de iteración)...
[2025-10-10 16:22:01] [INFO] Pestañas cerradas correctamente.
[2025-10-10 16:22:01] [INFO] 'Clear all' (Samsung) pulsado para cerrar las apps recientes.
[2025-10-10 16:22:01] 
[2025-10-10 16:22:01] [ITERACION 20]
[2025-10-10 16:22:01] 
[2025-10-10 16:22:01] [TEST] Instagram Web - Feed loading
[2025-10-10 16:22:01] [OCR] (0.00s): 16:21 @ © nro full
[2025-10-10 16:22:01] 
[2025-10-10 16:22:01] @ buscar o escribir url
[2025-10-10 16:22:01] 
[2025-10-10 16:22:01] a a rn (0) oo
[2025-10-10 16:22:01] 
[2025-10-10 16:22:01] perfil alva pestanas apps
[2025-10-10 16:22:01] 
[2025-10-10 16:22:01] iii o <
[2025-10-10 16:22:01] 
[2025-10-10 16:22:01] [OCR] (5.95s): no full
[2025-10-10 16:22:01] 
[2025-10-10 16:22:01] < > a
[2025-10-10 16:22:01] 
[2025-10-10 16:22:01] atras adelante pestafhas inicio
[2025-10-10 16:22:01] 
[2025-10-10 16:22:01] 
[2025-10-10 16:22:01] 
[2025-10-10 16:22:01] [TEST] Instagram Web - Short video playback
[2025-10-10 16:22:01] [OCR] (0.00s): 16:21 @ ©
[2025-10-10 16:22:01] 
[2025-10-10 16:22:01] qustagroun
[2025-10-10 16:22:01] 
[2025-10-10 16:22:01] tu historia cuartetode...
[2025-10-10 16:22:01] 
[2025-10-10 16:22:01] < >
[2025-10-10 16:22:01] 
[2025-10-10 16:22:01] atras adelante
[2025-10-10 16:22:01] 
[2025-10-10 16:22:01] an
[2025-10-10 16:22:01] 
[2025-10-10 16:22:01] alva
[2025-10-10 16:22:01] 
[2025-10-10 16:22:01] o
[2025-10-10 16:22:01] 
[2025-10-10 16:22:01] pestafhas
[2025-10-10 16:22:01] 
[2025-10-10 16:22:01] ro ul
[2025-10-10 16:22:01] 
[2025-10-10 16:22:01] a
[2025-10-10 16:22:01] 
[2025-10-10 16:22:01] inicio
[2025-10-10 16:22:01] 
[2025-10-10 16:22:01] <
[2025-10-10 16:22:01] 
[2025-10-10 16:22:01] [OCR] (3.37s): 16:21 @ © ro hall
[2025-10-10 16:22:01] 
[2025-10-10 16:22:01] q :
[2025-10-10 16:22:01] 
[2025-10-10 16:22:01] 
[2025-10-10 16:22:01] [OCR] (6.38s): 16:21 @ ©
[2025-10-10 16:22:01] 
[2025-10-10 16:22:01] c.g waldir_oficial - seguir
[2025-10-10 16:22:01] 
[2025-10-10 16:22:01] me sigues para. mas contenido@® ... mas
[2025-10-10 16:22:01] 
[2025-10-10 16:22:01] £1 waldir_oficial - audio original
[2025-10-10 16:22:01] 
[2025-10-10 16:22:01] < > nk
[2025-10-10 16:22:01] 
[2025-10-10 16:22:01] atras adelante alva pestanhas
[2025-10-10 16:22:01] 
[2025-10-10 16:22:01] il o <
[2025-10-10 16:22:01] 
[2025-10-10 16:22:01] nro full
[2025-10-10 16:22:01] 
[2025-10-10 16:22:01] q
[2025-10-10 16:22:01] 
[2025-10-10 16:22:01] 7906
[2025-10-10 16:22:01] 
[2025-10-10 16:22:01] 
[2025-10-10 16:22:01] 
[2025-10-10 16:22:01] [TEST] Facebook Web - Feed loading
[2025-10-10 16:22:01] [OCR] (0.00s): 16:21 @ © nro full
[2025-10-10 16:22:01] 
[2025-10-10 16:22:01] ..
[2025-10-10 16:22:01] “4 - -
[2025-10-10 16:22:01] " ins ik oe
[2025-10-10 16:22:01] ‘ k ) %
[2025-10-10 16:22:01] ir be! , s
[2025-10-10 16:22:01] " el | . , . :
[2025-10-10 16:22:01] _ ~ ° =,
[2025-10-10 16:22:01] . . :
[2025-10-10 16:22:01] 
[2025-10-10 16:22:01] ; solo quiero que sepas, que
[2025-10-10 16:22:01] 
[2025-10-10 16:22:01] hablar contigo, aunque sea...
[2025-10-10 16:22:01] 
[2025-10-10 16:22:01] un minuto, hace cien veces mo
[2025-10-10 16:22:01] “mejor mi dia.
[2025-10-10 16:22:01] 
[2025-10-10 16:22:01] = =,
[2025-10-10 16:22:01] 
[2025-10-10 16:22:01] ih.
[2025-10-10 16:22:01] ® waldir_oficial - seguir
[2025-10-10 16:22:01] 
[2025-10-10 16:22:01] me sigues para. mas contenido@® ... mas
[2025-10-10 16:22:01] 
[2025-10-10 16:22:01] eke,0.0..
[2025-10-10 16:22:01] 
[2025-10-10 16:22:01] fi waldir_oficial - audio original
[2025-10-10 16:22:01] 
[2025-10-10 16:22:01] < > nr im
[2025-10-10 16:22:01] 
[2025-10-10 16:22:01] atras adelante alva pestafhas inicio
[2025-10-10 16:22:01] 
[2025-10-10 16:22:01] il o <
[2025-10-10 16:22:01] 
[2025-10-10 16:22:01] [OCR] (6.36s): no full
[2025-10-10 16:22:01] 
[2025-10-10 16:22:01] facebook q=
[2025-10-10 16:22:01] a s&s © @ @ b
[2025-10-10 16:22:01] 
[2025-10-10 16:22:01] @ what's on your mind? 2
[2025-10-10 16:22:01] @e photo
[2025-10-10 16:22:01] 
[2025-10-10 16:22:01] create story
[2025-10-10 16:22:01] 
[2025-10-10 16:22:01] add friends to see more
[2025-10-10 16:22:01] 
[2025-10-10 16:22:01] < > a
[2025-10-10 16:22:01] 
[2025-10-10 16:22:01] atras adelante
[2025-10-10 16:22:01] 
[2025-10-10 16:22:01] pestafhas inicio
[2025-10-10 16:22:01] 
[2025-10-10 16:22:01] 
[2025-10-10 16:22:01] [TEST] Facebook Web - Short video playback
[2025-10-10 16:22:01] [OCR] (0.00s): no full
[2025-10-10 16:22:01] 
[2025-10-10 16:22:01] facebook q=
[2025-10-10 16:22:01] a s&s © @ @ b
[2025-10-10 16:22:01] 
[2025-10-10 16:22:01] @ what's on your mind? 2
[2025-10-10 16:22:01] @e photo
[2025-10-10 16:22:01] 
[2025-10-10 16:22:01] create story
[2025-10-10 16:22:01] 
[2025-10-10 16:22:01] add friends to see more
[2025-10-10 16:22:01] 
[2025-10-10 16:22:01] < > a
[2025-10-10 16:22:01] 
[2025-10-10 16:22:01] atras adelante
[2025-10-10 16:22:01] 
[2025-10-10 16:22:01] pestafhas inicio
[2025-10-10 16:22:01] 
[2025-10-10 16:24:00] [OCR] (3.51s): no full
[2025-10-10 16:24:00] 
[2025-10-10 16:24:00] 16:21 @
[2025-10-10 16:24:00] 
[2025-10-10 16:24:00] < reels
[2025-10-10 16:24:00] 
[2025-10-10 16:24:00] @« tap to unmute
[2025-10-10 16:24:00] 
[2025-10-10 16:24:00] adelante alva pestafhas inicio
[2025-10-10 16:24:00] 
[2025-10-10 16:24:00] atras
[2025-10-10 16:24:00] 
[2025-10-10 16:24:00] 
[2025-10-10 16:24:00] [INFO] Cerrando pestañas abiertas (fin de iteración)...
[2025-10-10 16:24:00] [INFO] Pestañas cerradas correctamente.
[2025-10-10 16:24:00] [INFO] 'Clear all' (Samsung) pulsado para cerrar las apps recientes.
[2025-10-10 16:24:00] 
[2025-10-10 16:24:00] [ITERACION 21]
[2025-10-10 16:24:00] 
[2025-10-10 16:24:00] [TEST] Instagram Web - Feed loading
[2025-10-10 16:24:00] [OCR] (0.00s): whatsapp
[2025-10-10 16:24:00] 
[2025-10-10 16:24:00] 
[2025-10-10 16:24:00] 
[2025-10-10 16:24:00] [TEST] Instagram Web - Short video playback
[2025-10-10 16:24:00] [OCR] (0.00s): 16:22 @ © roe ull
[2025-10-10 16:24:00] 
[2025-10-10 16:24:00] q :
[2025-10-10 16:24:00] 
[2025-10-10 16:24:00] 
[2025-10-10 16:24:00] [OCR] (3.04s): 16:22 @ © roe ull
[2025-10-10 16:24:00] 
[2025-10-10 16:24:00] q :
[2025-10-10 16:24:00] 
[2025-10-10 16:24:00] 
[2025-10-10 16:24:00] [OCR] (6.16s): 16:22 @ © ro full
[2025-10-10 16:24:00] 
[2025-10-10 16:24:00] q
[2025-10-10 16:24:00] 
[2025-10-10 16:24:00] o
[2025-10-10 16:24:00] ras
[2025-10-10 16:24:00] bsbe&eases b
[2025-10-10 16:24:00] 
[2025-10-10 16:24:00] 
[2025-10-10 16:24:00] [TEST] Facebook Web - Feed loading
[2025-10-10 16:24:00] [OCR] (0.00s): 16:22 @ © nro full
[2025-10-10 16:24:00] 
[2025-10-10 16:24:00] °
[2025-10-10 16:24:00] ~ rd he
[2025-10-10 16:24:00] me hiciste reir'en esos
[2025-10-10 16:24:00] momentos, donde solo
[2025-10-10 16:24:00] q lloraf eso siempre
[2025-10-10 16:24:00] e lo voy agradecer..
[2025-10-10 16:24:00] —~ :
[2025-10-10 16:24:00] - 7 j
[2025-10-10 16:24:00] 646 mil
[2025-10-10 16:24:00] 1413
[2025-10-10 16:24:00] 
[2025-10-10 16:24:00] a soymiquilenaeduar_ + seguir
[2025-10-10 16:24:00] sigueme % #parati #fyp> #adolecentes #ansiedad
[2025-10-10 16:24:00] 
[2025-10-10 16:24:00] £7 israel_dg19 - audio original
[2025-10-10 16:24:00] 
[2025-10-10 16:24:00] < > nr im
[2025-10-10 16:24:00] 
[2025-10-10 16:24:00] atras adelante alva pestafhas inicio
[2025-10-10 16:24:00] 
[2025-10-10 16:24:00] il o <
[2025-10-10 16:24:00] 
[2025-10-10 16:24:00] [OCR] (5.46s): no full
[2025-10-10 16:24:00] 
[2025-10-10 16:24:00] q
[2025-10-10 16:24:00] facebook q=
[2025-10-10 16:24:00] a sg © @ @ b
[2025-10-10 16:24:00] 
[2025-10-10 16:24:00] @ what's on your mind? 2
[2025-10-10 16:24:00] @e
[2025-10-10 16:24:00] 
[2025-10-10 16:24:00] create story
[2025-10-10 16:24:00] 
[2025-10-10 16:24:00] opinion bolivia + follow ooo x
[2025-10-10 16:24:00] 59m - ©
[2025-10-10 16:24:00] 
[2025-10-10 16:24:00] =z12) 4 jpara mirarlo una y otra vez! asi fue el
[2025-10-10 16:24:00] golazo de robson matheus para dar el triunfo a
[2025-10-10 16:24:00] bolivia ante jordania en su primer amistoso.
[2025-10-10 16:24:00] 2219) 4 to watch it again and again! this was
[2025-10-10 16:24:00] robson matheus' goalazo to give bolivia the victory
[2025-10-10 16:24:00] 
[2025-10-10 16:24:00] against jordan in their first friendly.
[2025-10-10 16:24:00] translated from spanish
[2025-10-10 16:24:00] 
[2025-10-10 16:24:00] el lider de los deportes
[2025-10-10 16:24:00] th: ©
[2025-10-10 16:24:00] 
[2025-10-10 16:24:00] boa
[2025-10-10 16:24:00] 
[2025-10-10 16:24:00] jes para cerrar el estadio! revive
[2025-10-10 16:24:00] 
[2025-10-10 16:24:00] <
[2025-10-10 16:24:00] 
[2025-10-10 16:24:00] atras adelante pestafhas
[2025-10-10 16:24:00] 
[2025-10-10 16:24:00] inicio
[2025-10-10 16:24:00] 
[2025-10-10 16:24:00] 
[2025-10-10 16:24:00] [TEST] Facebook Web - Short video playback
[2025-10-10 16:24:00] [OCR] (0.00s): no full
[2025-10-10 16:24:00] 
[2025-10-10 16:24:00] q
[2025-10-10 16:24:00] facebook q=
[2025-10-10 16:24:00] a sg © @ @ b
[2025-10-10 16:24:00] 
[2025-10-10 16:24:00] @ what's on your mind? 2
[2025-10-10 16:24:00] @e
[2025-10-10 16:24:00] 
[2025-10-10 16:24:00] create story
[2025-10-10 16:24:00] 
[2025-10-10 16:24:00] opinion bolivia + follow ooo x
[2025-10-10 16:24:00] 59m - ©
[2025-10-10 16:24:00] 
[2025-10-10 16:24:00] =z12) 4 jpara mirarlo una y otra vez! asi fue el
[2025-10-10 16:24:00] golazo de robson matheus para dar el triunfo a
[2025-10-10 16:24:00] bolivia ante jordania en su primer amistoso.
[2025-10-10 16:24:00] 2219) 4 to watch it again and again! this was
[2025-10-10 16:24:00] robson matheus' goalazo to give bolivia the victory
[2025-10-10 16:24:00] 
[2025-10-10 16:24:00] against jordan in their first friendly.
[2025-10-10 16:24:00] translated from spanish
[2025-10-10 16:24:00] 
[2025-10-10 16:24:00] el lider de los deportes
[2025-10-10 16:24:00] th: ©
[2025-10-10 16:24:00] 
[2025-10-10 16:24:00] boa
[2025-10-10 16:24:00] 
[2025-10-10 16:24:00] jes para cerrar el estadio! revive
[2025-10-10 16:24:00] 
[2025-10-10 16:24:00] <
[2025-10-10 16:24:00] 
[2025-10-10 16:24:00] atras adelante pestafhas
[2025-10-10 16:24:00] 
[2025-10-10 16:24:00] inicio
[2025-10-10 16:24:00] 
[2025-10-10 16:24:00] [INFO] Cerrando pestañas abiertas (fin de iteración)...
[2025-10-10 16:24:00] [INFO] Pestañas cerradas correctamente.
[2025-10-10 16:24:00] [INFO] 'Clear all' (Samsung) pulsado para cerrar las apps recientes.
[2025-10-10 16:24:00] 
[2025-10-10 16:24:00] [ITERACION 22]
[2025-10-10 16:24:00] 
[2025-10-10 16:24:00] [TEST] Instagram Web - Feed loading
[2025-10-10 16:24:00] [OCR] (0.00s): 16:22 @ © nro full
[2025-10-10 16:24:00] 
[2025-10-10 16:24:00] @ buscar o escribir url
[2025-10-10 16:24:00] 
[2025-10-10 16:24:00] a a rn (0) oo
[2025-10-10 16:24:00] 
[2025-10-10 16:24:00] perfil alva pestanas apps
[2025-10-10 16:24:00] 
[2025-10-10 16:24:00] iii o <
[2025-10-10 16:24:00] 
[2025-10-10 16:24:00] [OCR] (5.65s): no full
[2025-10-10 16:24:00] 
[2025-10-10 16:24:00] < > a
[2025-10-10 16:24:00] 
[2025-10-10 16:24:00] atras adelante pestafhas inicio
[2025-10-10 16:24:00] 
[2025-10-10 16:24:00] 
[2025-10-10 16:24:00] 
[2025-10-10 16:24:00] [TEST] Instagram Web - Short video playback
[2025-10-10 16:24:00] [OCR] (0.00s): 16:23 @ nro full
[2025-10-10 16:24:00] 
[2025-10-10 16:24:00] q :
[2025-10-10 16:24:00] 
[2025-10-10 16:24:00] nstagroun me)
[2025-10-10 16:24:00] 
[2025-10-10 16:24:00] tu historia cuartetode...
[2025-10-10 16:24:00] 
[2025-10-10 16:24:00] fundacion.viva y 2 personas mas
[2025-10-10 16:24:00] 
[2025-10-10 16:24:00] alianza
[2025-10-10 16:24:00] sanamente
[2025-10-10 16:24:00] 
[2025-10-10 16:24:00] sh
[2025-10-10 16:24:00] a :
[2025-10-10 16:24:00] 
[2025-10-10 16:24:00] salud mental
[2025-10-10 16:24:00] y productividad
[2025-10-10 16:24:00] 
[2025-10-10 16:24:00] m3
[2025-10-10 16:24:00] 
[2025-10-10 16:24:00] '  reduco
[2025-10-10 16:24:00] 
[2025-10-10 16:24:00] py qa vv w
[2025-10-10 16:24:00] 
[2025-10-10 16:24:00] < > a a
[2025-10-10 16:24:00] 
[2025-10-10 16:24:00] atras adelante alva pestafhas inicio
[2025-10-10 16:24:00] 
[2025-10-10 16:24:00] il o <
[2025-10-10 16:24:00] 
[2025-10-10 16:24:00] [OCR] (4.64s): 16:23 @ @ ro full
[2025-10-10 16:24:00] 
[2025-10-10 16:24:00] q
[2025-10-10 16:24:00] 
[2025-10-10 16:24:00] o
[2025-10-10 16:24:00] ras
[2025-10-10 16:24:00] bsbe&eases b
[2025-10-10 16:24:00] 
[2025-10-10 16:24:00] 
[2025-10-10 16:24:00] [TEST] Facebook Web - Feed loading
[2025-10-10 16:24:00] [OCR] (0.00s): 16:23 @ © ro full
[2025-10-10 16:24:00] 
[2025-10-10 16:24:00] a pesar de todo® ... mas
[2025-10-10 16:24:00] 
[2025-10-10 16:24:00] fa giovanni.jech - audio original
[2025-10-10 16:24:00] 
[2025-10-10 16:24:00] >
[2025-10-10 16:24:00] 
[2025-10-10 16:24:00] adelante pestafhas inicio
[2025-10-10 16:24:00] 
[2025-10-10 16:24:00] hi <
[2025-10-10 16:24:00] 
[2025-10-10 16:24:00] 
[2025-10-10 16:24:00] [OCR] (5.06s): no full
[2025-10-10 16:24:00] 
[2025-10-10 16:24:00] facebook q=
[2025-10-10 16:24:00] a sg © @ @ b
[2025-10-10 16:24:00] 
[2025-10-10 16:24:00] @ what's on your mind? 2
[2025-10-10 16:24:00] @e photo
[2025-10-10 16:24:00] 
[2025-10-10 16:24:00] create story
[2025-10-10 16:24:00] 
[2025-10-10 16:24:00] < > a
[2025-10-10 16:24:00] 
[2025-10-10 16:24:00] atras adelante pestafhas inicio
[2025-10-10 16:24:00] 
[2025-10-10 16:24:00] 
[2025-10-10 16:24:00] 
[2025-10-10 16:24:00] [TEST] Facebook Web - Short video playback
[2025-10-10 16:24:00] [OCR] (0.00s): no full
[2025-10-10 16:24:00] 
[2025-10-10 16:24:00] s © @®© @ 8
[2025-10-10 16:24:00] 
[2025-10-10 16:24:00] @ what's on your mind?
[2025-10-10 16:24:00] photo
[2025-10-10 16:24:00] create story
[2025-10-10 16:24:00] futbolmania bolivia - eco x
[2025-10-10 16:24:00] the ©
[2025-10-10 16:24:00] verde esperanza
[2025-10-10 16:24:00] 
[2025-10-10 16:24:00] la seleccién consiguio otro triunfo, esta vez ante
[2025-10-10 16:24:00] jordania y con gol de robson matheus la... see more
[2025-10-10 16:24:00] 
[2025-10-10 16:24:00] green hope
[2025-10-10 16:24:00] 
[2025-10-10 16:24:00] the national team got another victory, this time
[2025-10-10 16:24:00] against jordan and with a goal from robson mathe...
[2025-10-10 16:24:00] translated from spanish
[2025-10-10 16:24:00] 
[2025-10-10 16:24:00] < a
[2025-10-10 16:24:00] 
[2025-10-10 16:24:00] atras adelante pestafhas inicio
[2025-10-10 16:24:00] 
[2025-10-10 16:24:00] 
[2025-10-10 16:24:00] [OCR] (4.07s): 16:23 @ © nro full
[2025-10-10 16:24:00] 
[2025-10-10 16:24:00] si. 4 tap tounmute ~~
[2025-10-10 16:24:00] ~ a ae th
[2025-10-10 16:24:00] 
[2025-10-10 16:24:00] pestanhas inicio
[2025-10-10 16:24:00] 
[2025-10-10 16:24:00] 
[2025-10-10 16:24:00] [INFO] Cerrando pestañas abiertas (fin de iteración)...
[2025-10-10 16:24:00] [INFO] Pestañas cerradas correctamente.
[2025-10-10 16:24:00] [INFO] 'Clear all' (Samsung) pulsado para cerrar las apps recientes.
[2025-10-10 16:24:00] 
[2025-10-10 16:24:00] [ITERACION 23]
[2025-10-10 16:24:00] 
[2025-10-10 16:24:00] [TEST] Instagram Web - Feed loading
[2025-10-10 16:24:00] [OCR] (0.00s): whatsapp
[2025-10-10 16:24:00] 
[2025-10-10 16:24:00] 
[2025-10-10 16:24:00] 
[2025-10-10 16:24:00] [TEST] Instagram Web - Short video playback
[2025-10-10 16:24:00] [OCR] (0.00s): 16:23 @ @ roe ull
[2025-10-10 16:24:00] 
[2025-10-10 16:24:00] q :
[2025-10-10 16:24:00] 
[2025-10-10 16:24:00] 
[2025-10-10 16:24:00] [OCR] (3.04s): 16:23 @ @ roe ull
[2025-10-10 16:24:00] 
[2025-10-10 16:24:00] q :
[2025-10-10 16:24:00] 
[2025-10-10 16:24:00] 
[2025-10-10 16:24:00] [OCR] (5.96s): 16:23 @ @ roe ull
[2025-10-10 16:24:00] 
[2025-10-10 16:24:00] q :
[2025-10-10 16:24:00] 
[2025-10-10 16:24:00] 
[2025-10-10 16:24:00] 
[2025-10-10 16:26:10] [TEST] Facebook Web - Feed loading
[2025-10-10 16:26:10] [OCR] (0.00s): 16:24 @ © ro full
[2025-10-10 16:26:10] 
[2025-10-10 16:26:10] q :
[2025-10-10 16:26:10] 
[2025-10-10 16:26:10] | a mal , ; oe
[2025-10-10 16:26:10] 
[2025-10-10 16:26:10] é : fr y
[2025-10-10 16:26:10] 
[2025-10-10 16:26:10] s »
[2025-10-10 16:26:10] 
[2025-10-10 16:26:10] 4
[2025-10-10 16:26:10] le r
[2025-10-10 16:26:10] 
[2025-10-10 16:26:10] w ih z
[2025-10-10 16:26:10] 
[2025-10-10 16:26:10] “tt y/ ra i
[2025-10-10 16:26:10] 
[2025-10-10 16:26:10] lh} ~&
[2025-10-10 16:26:10] 
[2025-10-10 16:26:10] } m
[2025-10-10 16:26:10] > ake
[2025-10-10 16:26:10] 
[2025-10-10 16:26:10] © va orl ss
[2025-10-10 16:26:10] tenerte en mi vida se sient
[2025-10-10 16:26:10] ; tan| do oe ; ‘i
[2025-10-10 16:26:10] 
[2025-10-10 16:26:10] re) exploraconcaal + seguir
[2025-10-10 16:26:10] 
[2025-10-10 16:26:10] #paradedicar® #amor #teamo
[2025-10-10 16:26:10] 
[2025-10-10 16:26:10] fi exploraconcaal : audio original
[2025-10-10 16:26:10] 
[2025-10-10 16:26:10] < > on a
[2025-10-10 16:26:10] 
[2025-10-10 16:26:10] adelante alva pestanhas inicio
[2025-10-10 16:26:10] 
[2025-10-10 16:26:10] atras
[2025-10-10 16:26:10] 
[2025-10-10 16:26:10] hi o <
[2025-10-10 16:26:10] 
[2025-10-10 16:26:10] [OCR] (6.52s): no full
[2025-10-10 16:26:10] 
[2025-10-10 16:26:10] q
[2025-10-10 16:26:10] 
[2025-10-10 16:26:10] facebook qe=
[2025-10-10 16:26:10] a 8s he ww y 8b
[2025-10-10 16:26:10] @ what's on your mind? 2
[2025-10-10 16:26:10] 
[2025-10-10 16:26:10] @e photo
[2025-10-10 16:26:10] 
[2025-10-10 16:26:10] create story
[2025-10-10 16:26:10] 
[2025-10-10 16:26:10] ¢
[2025-10-10 16:26:10] a
[2025-10-10 16:26:10] 
[2025-10-10 16:26:10] maquilas en la puente california
[2025-10-10 16:26:10] 
[2025-10-10 16:26:10] _ i el ranchero parrandero cos... * join °** x
[2025-10-10 16:26:10] hector liam rosas + 1d > ©
[2025-10-10 16:26:10] 
[2025-10-10 16:26:10] pestafhas inicio
[2025-10-10 16:26:10] 
[2025-10-10 16:26:10] li o <
[2025-10-10 16:26:10] 
[2025-10-10 16:26:10] 
[2025-10-10 16:26:10] [TEST] Facebook Web - Short video playback
[2025-10-10 16:26:10] [OCR] (0.00s): no full
[2025-10-10 16:26:10] 
[2025-10-10 16:26:10] q
[2025-10-10 16:26:10] 
[2025-10-10 16:26:10] facebook qe=
[2025-10-10 16:26:10] a 8s he ww y 8b
[2025-10-10 16:26:10] @ what's on your mind? 2
[2025-10-10 16:26:10] 
[2025-10-10 16:26:10] @e photo
[2025-10-10 16:26:10] 
[2025-10-10 16:26:10] create story
[2025-10-10 16:26:10] 
[2025-10-10 16:26:10] ¢
[2025-10-10 16:26:10] a
[2025-10-10 16:26:10] 
[2025-10-10 16:26:10] maquilas en la puente california
[2025-10-10 16:26:10] 
[2025-10-10 16:26:10] _ i el ranchero parrandero cos... * join °** x
[2025-10-10 16:26:10] hector liam rosas + 1d > ©
[2025-10-10 16:26:10] 
[2025-10-10 16:26:10] pestafhas inicio
[2025-10-10 16:26:10] 
[2025-10-10 16:26:10] li o <
[2025-10-10 16:26:10] 
[2025-10-10 16:26:10] [OCR] (5.18s): 16:24 © nro full
[2025-10-10 16:26:10] 
[2025-10-10 16:26:10] < reels “q-@
[2025-10-10 16:26:10] 
[2025-10-10 16:26:10] @ tap to unmute
[2025-10-10 16:26:10] 
[2025-10-10 16:26:10] o =
[2025-10-10 16:26:10] 
[2025-10-10 16:26:10] . a
[2025-10-10 16:26:10] a. jorae tuto i... a2 © ollaw _ 787
[2025-10-10 16:26:10] < > a a
[2025-10-10 16:26:10] 
[2025-10-10 16:26:10] atras adelante alva pestafhas inicio
[2025-10-10 16:26:10] 
[2025-10-10 16:26:10] [INFO] Cerrando pestañas abiertas (fin de iteración)...
[2025-10-10 16:26:10] [INFO] Pestañas cerradas correctamente.
[2025-10-10 16:26:10] [INFO] 'Clear all' (Samsung) pulsado para cerrar las apps recientes.
[2025-10-10 16:26:10] 
[2025-10-10 16:26:10] [ITERACION 24]
[2025-10-10 16:26:10] 
[2025-10-10 16:26:10] [TEST] Instagram Web - Feed loading
[2025-10-10 16:26:10] [OCR] (0.00s): 16:24 @ © nro full
[2025-10-10 16:26:10] 
[2025-10-10 16:26:10] @ buscar o escribir url
[2025-10-10 16:26:10] 
[2025-10-10 16:26:10] a a rn (0) oo
[2025-10-10 16:26:10] 
[2025-10-10 16:26:10] perfil alva pestanas apps
[2025-10-10 16:26:10] 
[2025-10-10 16:26:10] iii o <
[2025-10-10 16:26:10] 
[2025-10-10 16:26:10] [OCR] (5.59s): no full
[2025-10-10 16:26:10] 
[2025-10-10 16:26:10] < > a
[2025-10-10 16:26:10] 
[2025-10-10 16:26:10] atras adelante pestafhas inicio
[2025-10-10 16:26:10] 
[2025-10-10 16:26:10] 
[2025-10-10 16:26:10] 
[2025-10-10 16:26:10] [TEST] Instagram Web - Short video playback
[2025-10-10 16:26:10] [OCR] (0.00s): 16:24 @ © nro full
[2025-10-10 16:26:10] 
[2025-10-10 16:26:10] q
[2025-10-10 16:26:10] 
[2025-10-10 16:26:10] from
[2025-10-10 16:26:10] < > an @
[2025-10-10 16:26:10] atras adelante alva pestafhas inicio
[2025-10-10 16:26:10] 
[2025-10-10 16:26:10] il o <
[2025-10-10 16:26:10] 
[2025-10-10 16:26:10] [OCR] (3.63s): 16:24 @ © ro hall
[2025-10-10 16:26:10] 
[2025-10-10 16:26:10] q :
[2025-10-10 16:26:10] 
[2025-10-10 16:26:10] 
[2025-10-10 16:26:10] [OCR] (6.66s): 16:24 @ © ro full
[2025-10-10 16:26:10] 
[2025-10-10 16:26:10] q
[2025-10-10 16:26:10] 
[2025-10-10 16:26:10] o
[2025-10-10 16:26:10] ras
[2025-10-10 16:26:10] be&easss b
[2025-10-10 16:26:10] 
[2025-10-10 16:26:10] 
[2025-10-10 16:26:10] [TEST] Facebook Web - Feed loading
[2025-10-10 16:26:10] [OCR] (0.00s): 16:24 @ © nro full
[2025-10-10 16:26:10] 
[2025-10-10 16:26:10] q
[2025-10-10 16:26:10] 
[2025-10-10 16:26:10] gracias por ser la personita
[2025-10-10 16:26:10] que hace mis dias tan ,
[2025-10-10 16:26:10] lindos. ¥
[2025-10-10 16:26:10] 
[2025-10-10 16:26:10] 16 mil
[2025-10-10 16:26:10] 
[2025-10-10 16:26:10] s anthuan_121licona + seguir
[2025-10-10 16:26:10] 
[2025-10-10 16:26:10] @ ..mas
[2025-10-10 16:26:10] 
[2025-10-10 16:26:10] £2 anthuan_121licona - audio original
[2025-10-10 16:26:10] 
[2025-10-10 16:26:10] < > nr im
[2025-10-10 16:26:10] 
[2025-10-10 16:26:10] atras adelante alva pestafhas inicio
[2025-10-10 16:26:10] 
[2025-10-10 16:26:10] il o <
[2025-10-10 16:26:10] 
[2025-10-10 16:26:10] [OCR] (4.62s): facebook
[2025-10-10 16:26:10] 
[2025-10-10 16:26:10] x
[2025-10-10 16:26:10] 
[2025-10-10 16:26:10] ot ll ia
[2025-10-10 16:26:10] 
[2025-10-10 16:26:10] a 8: he yy yy 8b
[2025-10-10 16:26:10] 
[2025-10-10 16:26:10] @ what's on your mind?
[2025-10-10 16:26:10] @e
[2025-10-10 16:26:10] 
[2025-10-10 16:26:10] create story
[2025-10-10 16:26:10] 
[2025-10-10 16:26:10] planos de casas «+ follow
[2025-10-10 16:26:10] reels * 1d * {&keith thomas producer - ©
[2025-10-10 16:26:10] 
[2025-10-10 16:26:10] pronto tendras tu casa propia. amén @3/
[2025-10-10 16:26:10] soon you will have your own house. amen
[2025-10-10 16:26:10] w623
[2025-10-10 16:26:10] ppe
[2025-10-10 16:26:10] translated from spanish
[2025-10-10 16:26:10] rian. eae
[2025-10-10 16:26:10] ae eal
[2025-10-10 16:26:10] 
[2025-10-10 16:26:10] atras adelante
[2025-10-10 16:26:10] 
[2025-10-10 16:26:10] pestanhas
[2025-10-10 16:26:10] 
[2025-10-10 16:26:10] li o <
[2025-10-10 16:26:10] 
[2025-10-10 16:26:10] a> @&
[2025-10-10 16:26:10] 
[2025-10-10 16:26:10] photo
[2025-10-10 16:26:10] 
[2025-10-10 16:26:10] inicio
[2025-10-10 16:26:10] 
[2025-10-10 16:26:10] 
[2025-10-10 16:26:10] 
[2025-10-10 16:26:10] [TEST] Facebook Web - Short video playback
[2025-10-10 16:26:10] [OCR] (0.00s): facebook
[2025-10-10 16:26:10] 
[2025-10-10 16:26:10] x
[2025-10-10 16:26:10] 
[2025-10-10 16:26:10] ot ll ia
[2025-10-10 16:26:10] 
[2025-10-10 16:26:10] a 8: he yy yy 8b
[2025-10-10 16:26:10] 
[2025-10-10 16:26:10] @ what's on your mind?
[2025-10-10 16:26:10] @e
[2025-10-10 16:26:10] 
[2025-10-10 16:26:10] create story
[2025-10-10 16:26:10] 
[2025-10-10 16:26:10] planos de casas «+ follow
[2025-10-10 16:26:10] reels * 1d * {&keith thomas producer - ©
[2025-10-10 16:26:10] 
[2025-10-10 16:26:10] pronto tendras tu casa propia. amén @3/
[2025-10-10 16:26:10] soon you will have your own house. amen
[2025-10-10 16:26:10] w623
[2025-10-10 16:26:10] ppe
[2025-10-10 16:26:10] translated from spanish
[2025-10-10 16:26:10] rian. eae
[2025-10-10 16:26:10] ae eal
[2025-10-10 16:26:10] 
[2025-10-10 16:26:10] atras adelante
[2025-10-10 16:26:10] 
[2025-10-10 16:26:10] pestanhas
[2025-10-10 16:26:10] 
[2025-10-10 16:26:10] li o <
[2025-10-10 16:26:10] 
[2025-10-10 16:26:10] a> @&
[2025-10-10 16:26:10] 
[2025-10-10 16:26:10] photo
[2025-10-10 16:26:10] 
[2025-10-10 16:26:10] inicio
[2025-10-10 16:26:10] 
[2025-10-10 16:26:10] 
[2025-10-10 16:26:10] [INFO] Cerrando pestañas abiertas (fin de iteración)...
[2025-10-10 16:26:10] [INFO] Pestañas cerradas correctamente.
[2025-10-10 16:26:10] [INFO] 'Clear all' (Samsung) pulsado para cerrar las apps recientes.
[2025-10-10 16:26:10] 
[2025-10-10 16:26:10] [ITERACION 25]
[2025-10-10 16:26:10] 
[2025-10-10 16:26:10] [TEST] Instagram Web - Feed loading
[2025-10-10 16:26:10] [OCR] (0.00s): whatsapp
[2025-10-10 16:26:10] 
[2025-10-10 16:26:10] 
[2025-10-10 16:26:10] 
[2025-10-10 16:26:10] [TEST] Instagram Web - Short video playback
[2025-10-10 16:26:10] [OCR] (0.00s): 16:25 @ © ro oul
[2025-10-10 16:26:10] 
[2025-10-10 16:26:10] q
[2025-10-10 16:26:10] 
[2025-10-10 16:26:10] from
[2025-10-10 16:26:10] < > an @
[2025-10-10 16:26:10] atras adelante alva pestafhas inicio
[2025-10-10 16:26:10] 
[2025-10-10 16:26:10] il o <
[2025-10-10 16:26:10] 
[2025-10-10 16:26:10] [OCR] (3.23s): 16:25 @ © roe ull
[2025-10-10 16:26:10] 
[2025-10-10 16:26:10] q :
[2025-10-10 16:26:10] 
[2025-10-10 16:26:10] 
[2025-10-10 16:26:10] [OCR] (6.25s): 16:25 @ © ro full
[2025-10-10 16:26:10] 
[2025-10-10 16:26:10] q
[2025-10-10 16:26:10] 
[2025-10-10 16:26:10] o
[2025-10-10 16:26:10] ras
[2025-10-10 16:26:10] bsbe&eases b
[2025-10-10 16:26:10] 
[2025-10-10 16:26:10] 
[2025-10-10 16:26:10] [TEST] Facebook Web - Feed loading
[2025-10-10 16:26:10] [OCR] (0.00s): 16:25 @ © nro full
[2025-10-10 16:26:10] 
[2025-10-10 16:26:10] q
[2025-10-10 16:26:10] 
[2025-10-10 16:26:10] < > nr im
[2025-10-10 16:26:10] 
[2025-10-10 16:26:10] atras adelante alva pestafhas inicio
[2025-10-10 16:26:10] 
[2025-10-10 16:26:10] il o <
[2025-10-10 16:26:10] 
[2025-10-10 16:26:10] [OCR] (3.49s): no full
[2025-10-10 16:26:10] 
[2025-10-10 16:26:10] facebook q=
[2025-10-10 16:26:10] a s&s © @ @ b
[2025-10-10 16:26:10] 
[2025-10-10 16:26:10] @ what's on your mind? 2
[2025-10-10 16:26:10] @e photo
[2025-10-10 16:26:10] 
[2025-10-10 16:26:10] < > a
[2025-10-10 16:26:10] 
[2025-10-10 16:26:10] atras adelante pestafhas inicio
[2025-10-10 16:26:10] 
[2025-10-10 16:26:10] 
[2025-10-10 16:26:10] 
[2025-10-10 16:26:10] [TEST] Facebook Web - Short video playback
[2025-10-10 16:26:10] [OCR] (0.00s): no full
[2025-10-10 16:26:10] 
[2025-10-10 16:26:10] facebook q=
[2025-10-10 16:26:10] a s&s © @ @ b
[2025-10-10 16:26:10] 
[2025-10-10 16:26:10] @ what's on your mind? 2
[2025-10-10 16:26:10] @e photo
[2025-10-10 16:26:10] 
[2025-10-10 16:26:10] < > a
[2025-10-10 16:26:10] 
[2025-10-10 16:26:10] atras adelante pestafhas inicio
[2025-10-10 16:26:10] 
[2025-10-10 16:26:10] 
[2025-10-10 16:26:10] [OCR] (3.29s): 16:25 @ © nro full
[2025-10-10 16:26:10] 
[2025-10-10 16:26:10] q
[2025-10-10 16:26:10] 
[2025-10-10 16:26:10] < > nr im
[2025-10-10 16:26:10] 
[2025-10-10 16:26:10] atras adelante alva pestafhas inicio
[2025-10-10 16:26:10] 
[2025-10-10 16:26:10] il o <
[2025-10-10 16:26:10] 
[2025-10-10 16:26:10] [OCR] (6.47s): no full
[2025-10-10 16:26:10] 
[2025-10-10 16:26:10] < > a
[2025-10-10 16:26:10] 
[2025-10-10 16:26:10] atras adelante pestafhas inicio
[2025-10-10 16:26:10] 
[2025-10-10 16:26:10] 
[2025-10-10 16:26:10] [INFO] Cerrando pestañas abiertas (fin de iteración)...
[2025-10-10 16:26:10] [INFO] Pestañas cerradas correctamente.
[2025-10-10 16:26:10] [INFO] 'Clear all' (Samsung) pulsado para cerrar las apps recientes.
[2025-10-10 16:26:10] 
[2025-10-10 16:26:10] [ITERACION 26]
[2025-10-10 16:26:10] 
[2025-10-10 16:26:10] [TEST] Instagram Web - Feed loading
[2025-10-10 16:26:10] [OCR] (0.00s): 16:26 @ © nro full
[2025-10-10 16:26:10] 
[2025-10-10 16:28:26] @ buscar o escribir url
[2025-10-10 16:28:26] 
[2025-10-10 16:28:26] a a rn (0) oo
[2025-10-10 16:28:26] 
[2025-10-10 16:28:26] perfil alva pestanas apps
[2025-10-10 16:28:26] 
[2025-10-10 16:28:26] iii o <
[2025-10-10 16:28:26] 
[2025-10-10 16:28:26] [OCR] (5.52s): no full
[2025-10-10 16:28:26] 
[2025-10-10 16:28:26] < > a
[2025-10-10 16:28:26] 
[2025-10-10 16:28:26] atras adelante pestafhas inicio
[2025-10-10 16:28:26] 
[2025-10-10 16:28:26] 
[2025-10-10 16:28:26] 
[2025-10-10 16:28:26] [TEST] Instagram Web - Short video playback
[2025-10-10 16:28:26] [OCR] (0.00s): 16:26 @ © roe ull
[2025-10-10 16:28:26] 
[2025-10-10 16:28:26] q :
[2025-10-10 16:28:26] 
[2025-10-10 16:28:26] 
[2025-10-10 16:28:26] [OCR] (2.94s): 16:26 @ © roe ull
[2025-10-10 16:28:26] 
[2025-10-10 16:28:26] q :
[2025-10-10 16:28:26] 
[2025-10-10 16:28:26] 
[2025-10-10 16:28:26] [OCR] (5.90s): 16:26 @ © roe ull
[2025-10-10 16:28:26] 
[2025-10-10 16:28:26] q :
[2025-10-10 16:28:26] 
[2025-10-10 16:28:26] 
[2025-10-10 16:28:26] 
[2025-10-10 16:28:26] [TEST] Facebook Web - Feed loading
[2025-10-10 16:28:26] [OCR] (0.00s): 16:26 @ © nro full
[2025-10-10 16:28:26] 
[2025-10-10 16:28:26] q
[2025-10-10 16:28:26] 
[2025-10-10 16:28:26] < > nr im
[2025-10-10 16:28:26] 
[2025-10-10 16:28:26] atras adelante alva pestafhas inicio
[2025-10-10 16:28:26] 
[2025-10-10 16:28:26] il o <
[2025-10-10 16:28:26] 
[2025-10-10 16:28:26] [OCR] (3.47s): no full
[2025-10-10 16:28:26] 
[2025-10-10 16:28:26] facebook q=
[2025-10-10 16:28:26] a s&s © @ @ b
[2025-10-10 16:28:26] 
[2025-10-10 16:28:26] @ what's on your mind? 2
[2025-10-10 16:28:26] @e photo
[2025-10-10 16:28:26] 
[2025-10-10 16:28:26] < > a
[2025-10-10 16:28:26] 
[2025-10-10 16:28:26] atras adelante pestafhas inicio
[2025-10-10 16:28:26] 
[2025-10-10 16:28:26] 
[2025-10-10 16:28:26] 
[2025-10-10 16:28:26] [TEST] Facebook Web - Short video playback
[2025-10-10 16:28:26] [OCR] (0.00s): no full
[2025-10-10 16:28:26] 
[2025-10-10 16:28:26] q
[2025-10-10 16:28:26] 
[2025-10-10 16:28:26] facebook qe=
[2025-10-10 16:28:26] a 838 bf ww yy 8b
[2025-10-10 16:28:26] @ what's on your mind? 2
[2025-10-10 16:28:26] 
[2025-10-10 16:28:26] @e photo
[2025-10-10 16:28:26] 
[2025-10-10 16:28:26] create story
[2025-10-10 16:28:26] 
[2025-10-10 16:28:26] blackehinas in yo... * follow es x
[2025-10-10 16:28:26] ‘ ah e ®
[2025-10-10 16:28:26] 
[2025-10-10 16:28:26] el video musical de ‘eyes closed’ ha ilegado a 5.6
[2025-10-10 16:28:26] millones de vistas en 12 hrs y cuenta con mas de 1.1
[2025-10-10 16:28:26] millones de likes en youtube!... see more
[2025-10-10 16:28:26] 
[2025-10-10 16:28:26] the ‘eyes closed’ music video has reached 5.6
[2025-10-10 16:28:26] 
[2025-10-10 16:28:26] million views in 12 hrs and has over 1.1 million likes
[2025-10-10 16:28:26] on youtubel...
[2025-10-10 16:28:26] 
[2025-10-10 16:28:26] translated from spanish
[2025-10-10 16:28:26] 
[2025-10-10 16:28:26] < > a
[2025-10-10 16:28:26] 
[2025-10-10 16:28:26] atras adelante pestafhas
[2025-10-10 16:28:26] 
[2025-10-10 16:28:26] inicio
[2025-10-10 16:28:26] 
[2025-10-10 16:28:26] [INFO] Cerrando pestañas abiertas (fin de iteración)...
[2025-10-10 16:28:26] [INFO] Pestañas cerradas correctamente.
[2025-10-10 16:28:26] [INFO] 'Clear all' (Samsung) pulsado para cerrar las apps recientes.
[2025-10-10 16:28:26] 
[2025-10-10 16:28:26] [ITERACION 27]
[2025-10-10 16:28:26] 
[2025-10-10 16:28:26] [TEST] Instagram Web - Feed loading
[2025-10-10 16:28:26] [OCR] (0.00s): whatsapp
[2025-10-10 16:28:26] 
[2025-10-10 16:28:26] 
[2025-10-10 16:28:26] 
[2025-10-10 16:28:26] [TEST] Instagram Web - Short video playback
[2025-10-10 16:28:26] [OCR] (0.00s): 16:26 @ © ro oul
[2025-10-10 16:28:26] 
[2025-10-10 16:28:26] q
[2025-10-10 16:28:26] 
[2025-10-10 16:28:26] from
[2025-10-10 16:28:26] < > an @
[2025-10-10 16:28:26] atras adelante alva pestafhas inicio
[2025-10-10 16:28:26] 
[2025-10-10 16:28:26] il o <
[2025-10-10 16:28:26] 
[2025-10-10 16:28:26] [OCR] (3.11s): 16:26 @ © ro oh ll i
[2025-10-10 16:28:26] 
[2025-10-10 16:28:26] q
[2025-10-10 16:28:26] 
[2025-10-10 16:28:26] < > nr im
[2025-10-10 16:28:26] 
[2025-10-10 16:28:26] atras adelante alva pestafhas inicio
[2025-10-10 16:28:26] 
[2025-10-10 16:28:26] il o <
[2025-10-10 16:28:26] 
[2025-10-10 16:28:26] [OCR] (6.41s): 16:27 @ © ro hall
[2025-10-10 16:28:26] 
[2025-10-10 16:28:26] q :
[2025-10-10 16:28:26] 
[2025-10-10 16:28:26] 
[2025-10-10 16:28:26] 
[2025-10-10 16:28:26] [TEST] Facebook Web - Feed loading
[2025-10-10 16:28:26] [OCR] (0.00s): 16:27 @ © ro hall
[2025-10-10 16:28:26] 
[2025-10-10 16:28:26] q :
[2025-10-10 16:28:26] 
[2025-10-10 16:28:26] 
[2025-10-10 16:28:26] [OCR] (3.08s): no full
[2025-10-10 16:28:26] 
[2025-10-10 16:28:26] facebook q=
[2025-10-10 16:28:26] a sg © @ @ b
[2025-10-10 16:28:26] 
[2025-10-10 16:28:26] @ what's on your mind? 2
[2025-10-10 16:28:26] @e photo
[2025-10-10 16:28:26] 
[2025-10-10 16:28:26] create story
[2025-10-10 16:28:26] 
[2025-10-10 16:28:26] < > a
[2025-10-10 16:28:26] 
[2025-10-10 16:28:26] atras adelante pestafhas inicio
[2025-10-10 16:28:26] 
[2025-10-10 16:28:26] 
[2025-10-10 16:28:26] 
[2025-10-10 16:28:26] [TEST] Facebook Web - Short video playback
[2025-10-10 16:28:26] [OCR] (0.00s): 16:27 @ nro full
[2025-10-10 16:28:26] 
[2025-10-10 16:28:26] q :
[2025-10-10 16:28:26] 
[2025-10-10 16:28:26] < > nr im
[2025-10-10 16:28:26] 
[2025-10-10 16:28:26] atras adelante alva pestafhas inicio
[2025-10-10 16:28:26] 
[2025-10-10 16:28:26] [OCR] (3.47s): 16:27 @ nro full
[2025-10-10 16:28:26] 
[2025-10-10 16:28:26] < reels q @
[2025-10-10 16:28:26] 
[2025-10-10 16:28:26] @« tap to unmute
[2025-10-10 16:28:26] 
[2025-10-10 16:28:26] pad
[2025-10-10 16:28:26] & _relaxinawithraine_ © 308
[2025-10-10 16:28:26] 
[2025-10-10 16:28:26] < > nr im
[2025-10-10 16:28:26] 
[2025-10-10 16:28:26] atras adelante alva pestafhas inicio
[2025-10-10 16:28:26] 
[2025-10-10 16:28:26] [INFO] Cerrando pestañas abiertas (fin de iteración)...
[2025-10-10 16:28:26] [INFO] Pestañas cerradas correctamente.
[2025-10-10 16:28:26] [INFO] 'Clear all' (Samsung) pulsado para cerrar las apps recientes.
[2025-10-10 16:28:26] 
[2025-10-10 16:28:26] [ITERACION 28]
[2025-10-10 16:28:26] 
[2025-10-10 16:28:26] [TEST] Instagram Web - Feed loading
[2025-10-10 16:28:26] [OCR] (0.00s): 16:27 @ © nro full
[2025-10-10 16:28:26] 
[2025-10-10 16:28:26] @ buscar o escribir url
[2025-10-10 16:28:26] 
[2025-10-10 16:28:26] a a rn (0) oo
[2025-10-10 16:28:26] 
[2025-10-10 16:28:26] perfil alva pestanas apps
[2025-10-10 16:28:26] 
[2025-10-10 16:28:26] iii o <
[2025-10-10 16:28:26] 
[2025-10-10 16:28:26] [OCR] (6.19s): 16:27 @ © nro full
[2025-10-10 16:28:26] 
[2025-10-10 16:28:26] q
[2025-10-10 16:28:26] 
[2025-10-10 16:28:26] < > nr im
[2025-10-10 16:28:26] 
[2025-10-10 16:28:26] atras adelante alva pestafhas inicio
[2025-10-10 16:28:26] 
[2025-10-10 16:28:26] il o <
[2025-10-10 16:28:26] 
[2025-10-10 16:28:26] 
[2025-10-10 16:28:26] [TEST] Instagram Web - Short video playback
[2025-10-10 16:28:26] [OCR] (0.00s): 16:27 @ © ro hall
[2025-10-10 16:28:26] 
[2025-10-10 16:28:26] q :
[2025-10-10 16:28:26] 
[2025-10-10 16:28:26] 
[2025-10-10 16:28:26] [OCR] (3.00s): 16:27 @ © ro hall
[2025-10-10 16:28:26] 
[2025-10-10 16:28:26] q :
[2025-10-10 16:28:26] 
[2025-10-10 16:28:26] 
[2025-10-10 16:28:26] [OCR] (6.16s): 16:27 @ © ro full
[2025-10-10 16:28:26] 
[2025-10-10 16:28:26] q
[2025-10-10 16:28:26] 
[2025-10-10 16:28:26] o
[2025-10-10 16:28:26] ras
[2025-10-10 16:28:26] bsbe&eases b
[2025-10-10 16:28:26] 
[2025-10-10 16:28:26] 
[2025-10-10 16:28:26] [TEST] Facebook Web - Feed loading
[2025-10-10 16:28:26] [OCR] (0.00s): 16:27 @ © nro full
[2025-10-10 16:28:26] 
[2025-10-10 16:28:26] q
[2025-10-10 16:28:26] 
[2025-10-10 16:28:26] / mi ojos volvieron a brillar y
[2025-10-10 16:28:26] j mi tu tienes mucho que ver
[2025-10-10 16:28:26] 2
[2025-10-10 16:28:26] ly ip con eso. ¥
[2025-10-10 16:28:26] f-"
[2025-10-10 16:28:26] _ .
[2025-10-10 16:28:26] ’ 37,9 mil
[2025-10-10 16:28:26] j =
[2025-10-10 16:28:26] » ~~~
[2025-10-10 16:28:26] ay * >
[2025-10-10 16:28:26] a 57
[2025-10-10 16:28:26] o
[2025-10-10 16:28:26] ¢) escobarhy2004 - seguir _
[2025-10-10 16:28:26] fa escobarhy2004 - audio original
[2025-10-10 16:28:26] < > an @
[2025-10-10 16:28:26] atras adelante alva pestanas inicio
[2025-10-10 16:28:26] 
[2025-10-10 16:28:26] il o <
[2025-10-10 16:28:26] 
[2025-10-10 16:28:26] [OCR] (5.23s): no full
[2025-10-10 16:28:26] 
[2025-10-10 16:28:26] facebook q=
[2025-10-10 16:28:26] a sg © @ @ b
[2025-10-10 16:28:26] 
[2025-10-10 16:28:26] @ what's on your mind? 2
[2025-10-10 16:28:26] @e photo
[2025-10-10 16:28:26] 
[2025-10-10 16:28:26] create story
[2025-10-10 16:28:26] 
[2025-10-10 16:28:26] vumax mm design - thiét ké kié.. + follow ess x
[2025-10-10 16:28:26] reels * sep 25+ ©
[2025-10-10 16:28:26] 
[2025-10-10 16:28:26] noi dé tro vé #minmaxhouse
[2025-10-10 16:28:26] 
[2025-10-10 16:28:26] a place to come back #minmaxhouse
[2025-10-10 16:28:26] translated from vietnamese
[2025-10-10 16:28:26] 
[2025-10-10 16:28:26] < > a
[2025-10-10 16:28:26] 
[2025-10-10 16:28:26] atras adelante
[2025-10-10 16:28:26] 
[2025-10-10 16:28:26] pestafhas inicio
[2025-10-10 16:28:26] 
[2025-10-10 16:28:26] 
[2025-10-10 16:28:26] [TEST] Facebook Web - Short video playback
[2025-10-10 16:28:26] [OCR] (0.00s): no full
[2025-10-10 16:28:26] 
[2025-10-10 16:28:26] facebook q=
[2025-10-10 16:28:26] a sg © @ @ b
[2025-10-10 16:28:26] 
[2025-10-10 16:28:26] @ what's on your mind? 2
[2025-10-10 16:28:26] @e photo
[2025-10-10 16:28:26] 
[2025-10-10 16:28:26] create story
[2025-10-10 16:28:26] 
[2025-10-10 16:28:26] vumax mm design - thiét ké kié.. + follow ess x
[2025-10-10 16:28:26] reels * sep 25+ ©
[2025-10-10 16:28:26] 
[2025-10-10 16:28:26] noi dé tro vé #minmaxhouse
[2025-10-10 16:28:26] 
[2025-10-10 16:28:26] a place to come back #minmaxhouse
[2025-10-10 16:28:26] translated from vietnamese
[2025-10-10 16:28:26] 
[2025-10-10 16:28:26] < > a
[2025-10-10 16:28:26] 
[2025-10-10 16:28:26] atras adelante
[2025-10-10 16:28:26] 
[2025-10-10 16:28:26] pestafhas inicio
[2025-10-10 16:28:26] 
[2025-10-10 16:28:26] [INFO] Cerrando pestañas abiertas (fin de iteración)...
[2025-10-10 16:28:26] [INFO] Pestañas cerradas correctamente.
[2025-10-10 16:28:26] [INFO] 'Clear all' (Samsung) pulsado para cerrar las apps recientes.
[2025-10-10 16:28:26] 
[2025-10-10 16:28:26] [ITERACION 29]
[2025-10-10 16:28:26] 
[2025-10-10 16:28:26] [TEST] Instagram Web - Feed loading
[2025-10-10 16:28:26] [OCR] (0.00s): whatsapp
[2025-10-10 16:28:26] 
[2025-10-10 16:28:26] 
[2025-10-10 16:28:26] 
[2025-10-10 16:28:26] [TEST] Instagram Web - Short video playback
[2025-10-10 16:28:26] [OCR] (0.00s): 16:28 @ @ roe ull
[2025-10-10 16:28:26] 
[2025-10-10 16:28:26] q :
[2025-10-10 16:28:26] 
[2025-10-10 16:28:26] 
[2025-10-10 16:28:26] [OCR] (3.00s): 16:28 @ @ roe ull
[2025-10-10 16:28:26] 
[2025-10-10 16:28:26] q :
[2025-10-10 16:28:26] 
[2025-10-10 16:28:26] 
[2025-10-10 16:30:53] [OCR] (5.95s): 16:28 @ @ roe ull
[2025-10-10 16:30:53] 
[2025-10-10 16:30:53] q :
[2025-10-10 16:30:53] 
[2025-10-10 16:30:53] 
[2025-10-10 16:30:53] 
[2025-10-10 16:30:53] [TEST] Facebook Web - Feed loading
[2025-10-10 16:30:53] [OCR] (0.00s): 16:28 @ © nro full
[2025-10-10 16:30:53] 
[2025-10-10 16:30:53] q
[2025-10-10 16:30:53] 
[2025-10-10 16:30:53] uno de mi sentimientos
[2025-10-10 16:30:53] favoritos es reirme contigo
[2025-10-10 16:30:53] y darme cuenta de lo
[2025-10-10 16:30:53] mucho que disfruto de tu
[2025-10-10 16:30:53] 
[2025-10-10 16:30:53] compajiia y de tu existencia.
[2025-10-10 16:30:53] 
[2025-10-10 16:30:53] @notasepicas
[2025-10-10 16:30:53] 
[2025-10-10 16:30:53] >
[2025-10-10 16:30:53] 
[2025-10-10 16:30:53] adelante pestafhas inicio
[2025-10-10 16:30:53] 
[2025-10-10 16:30:53] il <
[2025-10-10 16:30:53] 
[2025-10-10 16:30:53] 
[2025-10-10 16:30:53] [OCR] (6.06s): no full
[2025-10-10 16:30:53] 
[2025-10-10 16:30:53] facebook q=
[2025-10-10 16:30:53] a s&s © @ @ b
[2025-10-10 16:30:53] 
[2025-10-10 16:30:53] @ what's on your mind? 2
[2025-10-10 16:30:53] @e photo
[2025-10-10 16:30:53] 
[2025-10-10 16:30:53] < > a
[2025-10-10 16:30:53] 
[2025-10-10 16:30:53] atras adelante pestafhas inicio
[2025-10-10 16:30:53] 
[2025-10-10 16:30:53] 
[2025-10-10 16:30:53] 
[2025-10-10 16:30:53] [TEST] Facebook Web - Short video playback
[2025-10-10 16:30:53] [OCR] (0.00s): no full
[2025-10-10 16:30:53] 
[2025-10-10 16:30:53] facebook q=
[2025-10-10 16:30:53] a s&s © @ @ b
[2025-10-10 16:30:53] 
[2025-10-10 16:30:53] @ what's on your mind? 2
[2025-10-10 16:30:53] @e photo
[2025-10-10 16:30:53] 
[2025-10-10 16:30:53] < > a
[2025-10-10 16:30:53] 
[2025-10-10 16:30:53] atras adelante pestafhas inicio
[2025-10-10 16:30:53] 
[2025-10-10 16:30:53] 
[2025-10-10 16:30:53] [OCR] (3.40s): 16:28 @ © nro full
[2025-10-10 16:30:53] 
[2025-10-10 16:30:53] q
[2025-10-10 16:30:53] 
[2025-10-10 16:30:53] < > nr im
[2025-10-10 16:30:53] 
[2025-10-10 16:30:53] atras adelante alva pestafhas inicio
[2025-10-10 16:30:53] 
[2025-10-10 16:30:53] il o <
[2025-10-10 16:30:53] 
[2025-10-10 16:30:53] [OCR] (6.69s): no full
[2025-10-10 16:30:53] 
[2025-10-10 16:30:53] < > a
[2025-10-10 16:30:53] 
[2025-10-10 16:30:53] atras adelante pestafhas inicio
[2025-10-10 16:30:53] 
[2025-10-10 16:30:53] 
[2025-10-10 16:30:53] [INFO] Cerrando pestañas abiertas (fin de iteración)...
[2025-10-10 16:30:53] [INFO] Pestañas cerradas correctamente.
[2025-10-10 16:30:53] [INFO] 'Clear all' (Samsung) pulsado para cerrar las apps recientes.
[2025-10-10 16:30:53] 
[2025-10-10 16:30:53] [ITERACION 30]
[2025-10-10 16:30:53] 
[2025-10-10 16:30:53] [TEST] Instagram Web - Feed loading
[2025-10-10 16:30:53] [OCR] (0.00s): 16:29 @ © nro full
[2025-10-10 16:30:53] 
[2025-10-10 16:30:53] @ buscar o escribir url
[2025-10-10 16:30:53] 
[2025-10-10 16:30:53] a a rn (0) oo
[2025-10-10 16:30:53] 
[2025-10-10 16:30:53] perfil alva pestanas apps
[2025-10-10 16:30:53] 
[2025-10-10 16:30:53] iii o <
[2025-10-10 16:30:53] 
[2025-10-10 16:30:53] [OCR] (5.92s): no full
[2025-10-10 16:30:53] 
[2025-10-10 16:30:53] < > a
[2025-10-10 16:30:53] 
[2025-10-10 16:30:53] atras adelante pestafhas inicio
[2025-10-10 16:30:53] 
[2025-10-10 16:30:53] 
[2025-10-10 16:30:53] 
[2025-10-10 16:30:53] [TEST] Instagram Web - Short video playback
[2025-10-10 16:30:53] [OCR] (0.00s): 16:29 @ © roe ull
[2025-10-10 16:30:53] 
[2025-10-10 16:30:53] q :
[2025-10-10 16:30:53] 
[2025-10-10 16:30:53] 
[2025-10-10 16:30:53] [OCR] (2.92s): 16:29 @ © roe ull
[2025-10-10 16:30:53] 
[2025-10-10 16:30:53] q :
[2025-10-10 16:30:53] 
[2025-10-10 16:30:53] 
[2025-10-10 16:30:53] [OCR] (5.83s): 16:29 @ ©
[2025-10-10 16:30:53] 
[2025-10-10 16:30:53] nro full
[2025-10-10 16:30:53] 
[2025-10-10 16:30:53] & josue_f_hn + seguir
[2025-10-10 16:30:53] 
[2025-10-10 16:30:53] sigueme, es gratis ®® ... mas
[2025-10-10 16:30:53] 
[2025-10-10 16:30:53] fi josue_f_hn - audio original
[2025-10-10 16:30:53] 
[2025-10-10 16:30:53] < > a
[2025-10-10 16:30:53] 
[2025-10-10 16:30:53] atras adelante alva
[2025-10-10 16:30:53] 
[2025-10-10 16:30:53] il o
[2025-10-10 16:30:53] 
[2025-10-10 16:30:53] @
[2025-10-10 16:30:53] 
[2025-10-10 16:30:53] pestanhas inicio
[2025-10-10 16:30:53] 
[2025-10-10 16:30:53] <
[2025-10-10 16:30:53] 
[2025-10-10 16:30:53] 
[2025-10-10 16:30:53] [TEST] Facebook Web - Feed loading
[2025-10-10 16:30:53] [OCR] (0.00s): 16:29 @ © nro full
[2025-10-10 16:30:53] 
[2025-10-10 16:30:53] q
[2025-10-10 16:30:53] 
[2025-10-10 16:30:53] < > nr im
[2025-10-10 16:30:53] 
[2025-10-10 16:30:53] atras adelante alva pestafhas inicio
[2025-10-10 16:30:53] 
[2025-10-10 16:30:53] il o <
[2025-10-10 16:30:53] 
[2025-10-10 16:30:53] [OCR] (3.37s): 16:29 @ © nro full
[2025-10-10 16:30:53] 
[2025-10-10 16:30:53] q
[2025-10-10 16:30:53] 
[2025-10-10 16:30:53] < > nr im
[2025-10-10 16:30:53] 
[2025-10-10 16:30:53] atras adelante alva pestafhas inicio
[2025-10-10 16:30:53] 
[2025-10-10 16:30:53] il o <
[2025-10-10 16:30:53] 
[2025-10-10 16:30:53] [OCR] (6.63s): 16:29 @ © nro full
[2025-10-10 16:30:53] 
[2025-10-10 16:30:53] q
[2025-10-10 16:30:53] 
[2025-10-10 16:30:53] < > nr im
[2025-10-10 16:30:53] 
[2025-10-10 16:30:53] atras adelante alva pestafhas inicio
[2025-10-10 16:30:53] 
[2025-10-10 16:30:53] il o <
[2025-10-10 16:30:53] 
[2025-10-10 16:30:53] 
[2025-10-10 16:30:53] [TEST] Facebook Web - Short video playback
[2025-10-10 16:30:53] [OCR] (0.00s): 16:29 @ © nro full
[2025-10-10 16:30:53] 
[2025-10-10 16:30:53] q
[2025-10-10 16:30:53] 
[2025-10-10 16:30:53] < > nr im
[2025-10-10 16:30:53] 
[2025-10-10 16:30:53] atras adelante alva pestafhas inicio
[2025-10-10 16:30:53] 
[2025-10-10 16:30:53] il o <
[2025-10-10 16:30:53] 
[2025-10-10 16:30:53] [OCR] (3.17s): no full
[2025-10-10 16:30:53] 
[2025-10-10 16:30:53] < > a
[2025-10-10 16:30:53] 
[2025-10-10 16:30:53] atras adelante pestafhas inicio
[2025-10-10 16:30:53] 
[2025-10-10 16:30:53] 
[2025-10-10 16:30:53] [OCR] (6.38s): 16:29 @ nro full
[2025-10-10 16:30:53] 
[2025-10-10 16:30:53] < reels q @
[2025-10-10 16:30:53] 
[2025-10-10 16:30:53] @« tap to unmute
[2025-10-10 16:30:53] 
[2025-10-10 16:30:53] 879
[2025-10-10 16:30:53] 
[2025-10-10 16:30:53] 43
[2025-10-10 16:30:53] 
[2025-10-10 16:30:53] nha pep © __ follow
[2025-10-10 16:30:53] 
[2025-10-10 16:30:53] < > nr im
[2025-10-10 16:30:53] 
[2025-10-10 16:30:53] atras adelante alva pestafhas inicio
[2025-10-10 16:30:53] 
[2025-10-10 16:30:53] [INFO] Cerrando pestañas abiertas (fin de iteración)...
[2025-10-10 16:30:53] [INFO] Pestañas cerradas correctamente.
[2025-10-10 16:30:53] [INFO] 'Clear all' (Samsung) pulsado para cerrar las apps recientes.
[2025-10-10 16:30:53] 
[2025-10-10 16:30:53] [ITERACION 31]
[2025-10-10 16:30:53] 
[2025-10-10 16:30:53] [TEST] Instagram Web - Feed loading
[2025-10-10 16:30:53] [OCR] (0.00s): 16:29 @ © nro full
[2025-10-10 16:30:53] 
[2025-10-10 16:30:53] @ buscar o escribir url
[2025-10-10 16:30:53] 
[2025-10-10 16:30:53] a a rn (0) oo
[2025-10-10 16:30:53] 
[2025-10-10 16:30:53] perfil alva pestanas apps
[2025-10-10 16:30:53] 
[2025-10-10 16:30:53] iii o <
[2025-10-10 16:30:53] 
[2025-10-10 16:30:53] [OCR] (5.34s): no full
[2025-10-10 16:30:53] 
[2025-10-10 16:30:53] < > a
[2025-10-10 16:30:53] 
[2025-10-10 16:30:53] atras adelante pestafhas inicio
[2025-10-10 16:30:53] 
[2025-10-10 16:30:53] 
[2025-10-10 16:30:53] 
[2025-10-10 16:30:53] [TEST] Instagram Web - Short video playback
[2025-10-10 16:30:53] [OCR] (0.00s): 16:29 @ © nro full
[2025-10-10 16:30:53] 
[2025-10-10 16:30:53] q
[2025-10-10 16:30:53] 
[2025-10-10 16:30:53] from
[2025-10-10 16:30:53] < > an @
[2025-10-10 16:30:53] atras adelante alva pestafhas inicio
[2025-10-10 16:30:53] 
[2025-10-10 16:30:53] il o <
[2025-10-10 16:30:53] 
[2025-10-10 16:30:53] [OCR] (3.30s): 16:30 @ © no full
[2025-10-10 16:30:53] 
[2025-10-10 16:30:53] q :
[2025-10-10 16:30:53] 
[2025-10-10 16:30:53] 
[2025-10-10 16:30:53] [OCR] (6.29s): 16:30 @ © nro full
[2025-10-10 16:30:53] 
[2025-10-10 16:30:53] q
[2025-10-10 16:30:53] 
[2025-10-10 16:30:53] 76,8 mil
[2025-10-10 16:30:53] 91
[2025-10-10 16:30:53] allaboutneyser + seguir
[2025-10-10 16:30:53] espero que te pasen cosas geniales y cuando ¢ ... mas
[2025-10-10 16:30:53] ff inalery - eternal winter
[2025-10-10 16:30:53] < > zn a
[2025-10-10 16:30:53] atras adelante alva pestanas inicio
[2025-10-10 16:30:53] 
[2025-10-10 16:30:53] il o <
[2025-10-10 16:30:53] 
[2025-10-10 16:30:53] 
[2025-10-10 16:30:53] [TEST] Facebook Web - Feed loading
[2025-10-10 16:30:53] [OCR] (0.00s): do tiktok ro full
[2025-10-10 16:30:53] 
[2025-10-10 16:30:53] envio una foto ya que no respondes trend d
[2025-10-10 16:30:53] puede que te guste esto
[2025-10-10 16:30:53] 
[2025-10-10 16:30:53] 7 hee es,
[2025-10-10 16:30:53] espero que te pasen> ~
[2025-10-10 16:30:53] _ cosas géniales y cuando *
[2025-10-10 16:30:53] sucedan, sepas que
[2025-10-10 16:30:53] _ mereces cada una de ellas
[2025-10-10 16:30:53] 
[2025-10-10 16:30:53] > *f
[2025-10-10 16:30:53] 
[2025-10-10 16:30:53] sy
[2025-10-10 16:30:53] 
[2025-10-10 16:30:53] ~ allaboutneyser -” seguir
[2025-10-10 16:30:53] 
[2025-10-10 16:30:53] espero que te pasen cosas geniales y cuando ¢ ... mas
[2025-10-10 16:30:53] 
[2025-10-10 16:30:53] fi inalery - eternal winter ty
[2025-10-10 16:30:53] < > an im
[2025-10-10 16:30:53] atras adelante alva pestanhas inicio
[2025-10-10 16:30:53] 
[2025-10-10 16:30:53] hi o <
[2025-10-10 16:30:53] 
[2025-10-10 16:30:53] 
[2025-10-10 16:30:53] [TEST] Facebook Web - Short video playback
[2025-10-10 16:30:53] [OCR] (0.00s): 16:30 ¢ @ © nro full
[2025-10-10 16:30:53] 
[2025-10-10 16:30:53] q
[2025-10-10 16:30:53] 
[2025-10-10 16:30:53] < > nr im
[2025-10-10 16:30:53] 
[2025-10-10 16:30:53] atras adelante alva pestafhas inicio
[2025-10-10 16:30:53] 
[2025-10-10 16:30:53] il o <
[2025-10-10 16:30:53] 
[2025-10-10 16:30:53] [OCR] (3.83s): 16:30 ¢ @ © nro full
[2025-10-10 16:30:53] 
[2025-10-10 16:30:53] q
[2025-10-10 16:30:53] 
[2025-10-10 16:30:53] < > nr im
[2025-10-10 16:30:53] 
[2025-10-10 16:30:53] atras adelante alva pestafhas inicio
[2025-10-10 16:30:53] 
[2025-10-10 16:30:53] il o <
[2025-10-10 16:30:53] 
[2025-10-10 16:30:53] [INFO] Cerrando pestañas abiertas (fin de iteración)...
[2025-10-10 16:30:53] [INFO] Pestañas cerradas correctamente.
[2025-10-10 16:30:53] [INFO] 'Clear all' (Samsung) pulsado para cerrar las apps recientes.
[2025-10-10 16:30:53] 
[2025-10-10 16:30:53] [ITERACION 32]
[2025-10-10 16:30:53] 
[2025-10-10 16:30:53] [TEST] Instagram Web - Feed loading
[2025-10-10 16:30:53] [OCR] (0.00s): whatsapp
[2025-10-10 16:30:53] 
[2025-10-10 16:30:53] 
[2025-10-10 16:30:53] 
[2025-10-10 16:30:53] [TEST] Instagram Web - Short video playback
[2025-10-10 16:30:53] [OCR] (0.00s): no full
[2025-10-10 16:30:53] 
[2025-10-10 16:30:53] < > a
[2025-10-10 16:30:53] 
[2025-10-10 16:30:53] atras adelante pestafhas inicio
[2025-10-10 16:30:53] 
[2025-10-10 16:30:53] 
[2025-10-10 16:30:53] [OCR] (3.02s): 16:30 ¢ @ © nro full
[2025-10-10 16:30:53] 
[2025-10-10 16:30:53] q
[2025-10-10 16:30:53] 
[2025-10-10 16:30:53] < > nr im
[2025-10-10 16:30:53] 
[2025-10-10 16:30:53] atras adelante alva pestafhas inicio
[2025-10-10 16:30:53] 
[2025-10-10 16:30:53] il o <
[2025-10-10 16:30:53] 
[2025-10-10 16:33:33] [OCR] (6.20s): 16:30 ¢ @ © ko full a
[2025-10-10 16:33:33] 
[2025-10-10 16:33:33] q :
[2025-10-10 16:33:33] 
[2025-10-10 16:33:33] 
[2025-10-10 16:33:33] 
[2025-10-10 16:33:33] [TEST] Facebook Web - Feed loading
[2025-10-10 16:33:33] [OCR] (0.00s): 16:30 ¢ @ © ro hol
[2025-10-10 16:33:33] 
[2025-10-10 16:33:33] q
[2025-10-10 16:33:33] 
[2025-10-10 16:33:33] from
[2025-10-10 16:33:33] < > an @
[2025-10-10 16:33:33] atras adelante alva pestafhas inicio
[2025-10-10 16:33:33] 
[2025-10-10 16:33:33] il o <
[2025-10-10 16:33:33] 
[2025-10-10 16:33:33] [OCR] (3.15s): 16:30 ¢ @ © nro full
[2025-10-10 16:33:33] 
[2025-10-10 16:33:33] q
[2025-10-10 16:33:33] 
[2025-10-10 16:33:33] < > nr im
[2025-10-10 16:33:33] 
[2025-10-10 16:33:33] atras adelante alva pestafhas inicio
[2025-10-10 16:33:33] 
[2025-10-10 16:33:33] il o <
[2025-10-10 16:33:33] 
[2025-10-10 16:33:33] [OCR] (6.63s): 16:31 ¢ @@ ro full
[2025-10-10 16:33:33] 
[2025-10-10 16:33:33] q
[2025-10-10 16:33:33] 
[2025-10-10 16:33:33] < > nr im
[2025-10-10 16:33:33] 
[2025-10-10 16:33:33] atras adelante alva pestafhas inicio
[2025-10-10 16:33:33] 
[2025-10-10 16:33:33] il o <
[2025-10-10 16:33:33] 
[2025-10-10 16:33:33] 
[2025-10-10 16:33:33] [TEST] Facebook Web - Short video playback
[2025-10-10 16:33:33] [OCR] (0.00s): 16:31 ¢ @@ ro full
[2025-10-10 16:33:33] 
[2025-10-10 16:33:33] q
[2025-10-10 16:33:33] 
[2025-10-10 16:33:33] bs
[2025-10-10 16:33:33] 
[2025-10-10 16:33:33] no se puede acceder a este sitio
[2025-10-10 16:33:33] 
[2025-10-10 16:33:33] se ha restablecido la conexion.
[2025-10-10 16:33:33] 
[2025-10-10 16:33:33] intenta:
[2025-10-10 16:33:33] 
[2025-10-10 16:33:33] comprobar la conexion.
[2025-10-10 16:33:33] 
[2025-10-10 16:33:33] err_connection_reset
[2025-10-10 16:33:33] 
[2025-10-10 16:33:33] volver a cargar
[2025-10-10 16:33:33] 
[2025-10-10 16:33:33] < > nr im
[2025-10-10 16:33:33] 
[2025-10-10 16:33:33] atras adelante alva pestafhas inicio
[2025-10-10 16:33:33] 
[2025-10-10 16:33:33] iii o <
[2025-10-10 16:33:33] 
[2025-10-10 16:33:33] [OCR] (4.09s): 16:31 ¢ @@ ro full
[2025-10-10 16:33:33] 
[2025-10-10 16:33:33] q
[2025-10-10 16:33:33] 
[2025-10-10 16:33:33] < > nr im
[2025-10-10 16:33:33] 
[2025-10-10 16:33:33] atras adelante alva pestafhas inicio
[2025-10-10 16:33:33] 
[2025-10-10 16:33:33] il o <
[2025-10-10 16:33:33] 
[2025-10-10 16:33:33] [INFO] Cerrando pestañas abiertas (fin de iteración)...
[2025-10-10 16:33:33] [INFO] Pestañas cerradas correctamente.
[2025-10-10 16:33:33] [INFO] 'Clear all' (Samsung) pulsado para cerrar las apps recientes.
[2025-10-10 16:33:33] 
[2025-10-10 16:33:33] [ITERACION 33]
[2025-10-10 16:33:33] 
[2025-10-10 16:33:33] [TEST] Instagram Web - Feed loading
[2025-10-10 16:33:33] [OCR] (0.00s): whatsapp
[2025-10-10 16:33:33] 
[2025-10-10 16:33:33] 
[2025-10-10 16:33:33] 
[2025-10-10 16:33:33] [TEST] Instagram Web - Short video playback
[2025-10-10 16:33:33] [OCR] (0.00s): 16:31 ¢ @@ ro full
[2025-10-10 16:33:33] 
[2025-10-10 16:33:33] q
[2025-10-10 16:33:33] 
[2025-10-10 16:33:33] < > nr im
[2025-10-10 16:33:33] 
[2025-10-10 16:33:33] atras adelante alva pestafhas inicio
[2025-10-10 16:33:33] 
[2025-10-10 16:33:33] il o <
[2025-10-10 16:33:33] 
[2025-10-10 16:33:33] [OCR] (3.06s): 16:31 ¢ @@ ro full
[2025-10-10 16:33:33] 
[2025-10-10 16:33:33] q
[2025-10-10 16:33:33] 
[2025-10-10 16:33:33] < > nr im
[2025-10-10 16:33:33] 
[2025-10-10 16:33:33] atras adelante alva pestafhas inicio
[2025-10-10 16:33:33] 
[2025-10-10 16:33:33] il o <
[2025-10-10 16:33:33] 
[2025-10-10 16:33:33] [OCR] (6.14s): 16:31 ¢ @@ nro full
[2025-10-10 16:33:33] 
[2025-10-10 16:33:33] q
[2025-10-10 16:33:33] 
[2025-10-10 16:33:33] < > nr im
[2025-10-10 16:33:33] 
[2025-10-10 16:33:33] atras adelante alva pestafhas inicio
[2025-10-10 16:33:33] 
[2025-10-10 16:33:33] il o <
[2025-10-10 16:33:33] 
[2025-10-10 16:33:33] 
[2025-10-10 16:33:33] [TEST] Facebook Web - Feed loading
[2025-10-10 16:33:33] [OCR] (0.00s): 16:31 ¢ @@ ro full
[2025-10-10 16:33:33] 
[2025-10-10 16:33:33] q
[2025-10-10 16:33:33] 
[2025-10-10 16:33:33] bs
[2025-10-10 16:33:33] 
[2025-10-10 16:33:33] no se puede acceder a este sitio
[2025-10-10 16:33:33] 
[2025-10-10 16:33:33] www.instagram.com tard6 demasiado en responder.
[2025-10-10 16:33:33] 
[2025-10-10 16:33:33] intenta:
[2025-10-10 16:33:33] 
[2025-10-10 16:33:33] comprobar la conexion.
[2025-10-10 16:33:33] 
[2025-10-10 16:33:33] err_timed_out
[2025-10-10 16:33:33] 
[2025-10-10 16:33:33] volver a cargar
[2025-10-10 16:33:33] 
[2025-10-10 16:33:33] < > nr im
[2025-10-10 16:33:33] 
[2025-10-10 16:33:33] atras adelante alva pestafhas inicio
[2025-10-10 16:33:33] 
[2025-10-10 16:33:33] iii o <
[2025-10-10 16:33:33] 
[2025-10-10 16:33:33] [OCR] (4.14s): ro full
[2025-10-10 16:33:33] 
[2025-10-10 16:33:33] < > a
[2025-10-10 16:33:33] 
[2025-10-10 16:33:33] atras adelante pestafhas inicio
[2025-10-10 16:33:33] 
[2025-10-10 16:33:33] 
[2025-10-10 16:33:33] 
[2025-10-10 16:33:33] [TEST] Facebook Web - Short video playback
[2025-10-10 16:33:33] [OCR] (0.00s): ro full
[2025-10-10 16:33:33] 
[2025-10-10 16:33:33] < > a
[2025-10-10 16:33:33] 
[2025-10-10 16:33:33] atras adelante pestafhas inicio
[2025-10-10 16:33:33] 
[2025-10-10 16:33:33] 
[2025-10-10 16:33:33] [OCR] (3.15s): 16:31 ¢ @@ ro full
[2025-10-10 16:33:33] 
[2025-10-10 16:33:33] q
[2025-10-10 16:33:33] 
[2025-10-10 16:33:33] < > nr im
[2025-10-10 16:33:33] 
[2025-10-10 16:33:33] atras adelante alva pestafhas inicio
[2025-10-10 16:33:33] 
[2025-10-10 16:33:33] il o <
[2025-10-10 16:33:33] 
[2025-10-10 16:33:33] [OCR] (6.38s): ro full
[2025-10-10 16:33:33] 
[2025-10-10 16:33:33] < > a
[2025-10-10 16:33:33] 
[2025-10-10 16:33:33] atras adelante pestafhas inicio
[2025-10-10 16:33:33] 
[2025-10-10 16:33:33] 
[2025-10-10 16:33:33] [INFO] Cerrando pestañas abiertas (fin de iteración)...
[2025-10-10 16:33:33] [INFO] Pestañas cerradas correctamente.
[2025-10-10 16:33:33] [INFO] 'Clear all' (Samsung) pulsado para cerrar las apps recientes.
[2025-10-10 16:33:33] 
[2025-10-10 16:33:33] [ITERACION 34]
[2025-10-10 16:33:33] 
[2025-10-10 16:33:33] [TEST] Instagram Web - Feed loading
[2025-10-10 16:33:33] [OCR] (0.00s): whatsapp
[2025-10-10 16:33:33] 
[2025-10-10 16:33:33] 
[2025-10-10 16:33:33] 
[2025-10-10 16:33:33] [TEST] Instagram Web - Short video playback
[2025-10-10 16:33:33] [OCR] (0.00s): 16:32 ¢ @ ro full
[2025-10-10 16:33:33] 
[2025-10-10 16:33:33] q :
[2025-10-10 16:33:33] 
[2025-10-10 16:33:33] < > nr im
[2025-10-10 16:33:33] 
[2025-10-10 16:33:33] atras adelante alva pestafhas inicio
[2025-10-10 16:33:33] 
[2025-10-10 16:33:33] [OCR] (3.28s): 16:32 ¢ @@ ro full
[2025-10-10 16:33:33] 
[2025-10-10 16:33:33] q
[2025-10-10 16:33:33] 
[2025-10-10 16:33:33] < > nr im
[2025-10-10 16:33:33] 
[2025-10-10 16:33:33] atras adelante alva pestafhas inicio
[2025-10-10 16:33:33] 
[2025-10-10 16:33:33] il o <
[2025-10-10 16:33:33] 
[2025-10-10 16:33:33] [OCR] (6.47s): 16:32 ¢ @@ ko sul a
[2025-10-10 16:33:33] 
[2025-10-10 16:33:33] q }
[2025-10-10 16:33:33] 
[2025-10-10 16:33:33] 
[2025-10-10 16:33:33] 
[2025-10-10 16:33:33] [TEST] Facebook Web - Feed loading
[2025-10-10 16:33:33] [OCR] (0.00s): 16:32 ¢ @@ ko sul a
[2025-10-10 16:33:33] 
[2025-10-10 16:33:33] q }
[2025-10-10 16:33:33] 
[2025-10-10 16:33:33] 
[2025-10-10 16:33:33] [OCR] (3.42s): no full
[2025-10-10 16:33:33] 
[2025-10-10 16:33:33] facebook q=
[2025-10-10 16:33:33] a s&s © @ @ b
[2025-10-10 16:33:33] 
[2025-10-10 16:33:33] @ what's on your mind? 2
[2025-10-10 16:33:33] @e photo
[2025-10-10 16:33:33] 
[2025-10-10 16:33:33] < > a
[2025-10-10 16:33:33] 
[2025-10-10 16:33:33] atras adelante pestafhas inicio
[2025-10-10 16:33:33] 
[2025-10-10 16:33:33] 
[2025-10-10 16:33:33] 
[2025-10-10 16:33:33] [TEST] Facebook Web - Short video playback
[2025-10-10 16:33:33] [OCR] (0.00s): 16:32 ¢ @ nro full
[2025-10-10 16:33:33] 
[2025-10-10 16:33:33] q :
[2025-10-10 16:33:33] 
[2025-10-10 16:33:33] < > nr im
[2025-10-10 16:33:33] 
[2025-10-10 16:33:33] atras adelante alva pestafhas inicio
[2025-10-10 16:33:33] 
[2025-10-10 16:33:33] [OCR] (3.54s): 16:32 ¢ @@ nro full
[2025-10-10 16:33:33] 
[2025-10-10 16:33:33] q
[2025-10-10 16:33:33] 
[2025-10-10 16:33:33] < > nr im
[2025-10-10 16:33:33] 
[2025-10-10 16:33:33] atras adelante alva pestafhas inicio
[2025-10-10 16:33:33] 
[2025-10-10 16:33:33] il o <
[2025-10-10 16:33:33] 
[2025-10-10 16:33:33] [INFO] Cerrando pestañas abiertas (fin de iteración)...
[2025-10-10 16:33:33] [INFO] Pestañas cerradas correctamente.
[2025-10-10 16:33:33] [INFO] 'Clear all' (Samsung) pulsado para cerrar las apps recientes.
[2025-10-10 16:33:33] 
[2025-10-10 16:33:33] [ITERACION 35]
[2025-10-10 16:33:33] 
[2025-10-10 16:33:33] [TEST] Instagram Web - Feed loading
[2025-10-10 16:33:33] [OCR] (0.00s): whatsapp
[2025-10-10 16:33:33] 
[2025-10-10 16:33:33] 
[2025-10-10 16:33:33] 
[2025-10-10 16:33:33] [TEST] Instagram Web - Short video playback
[2025-10-10 16:33:33] [OCR] (0.00s): no full
[2025-10-10 16:33:33] 
[2025-10-10 16:33:33] < > a
[2025-10-10 16:33:33] 
[2025-10-10 16:33:33] atras adelante pestafhas inicio
[2025-10-10 16:33:33] 
[2025-10-10 16:33:33] iii <
[2025-10-10 16:33:33] 
[2025-10-10 16:33:33] 
[2025-10-10 16:33:33] [OCR] (3.33s): 16:33 ¢ @@ roe ull
[2025-10-10 16:33:33] 
[2025-10-10 16:33:33] q :
[2025-10-10 16:33:33] 
[2025-10-10 16:33:33] 
[2025-10-10 16:33:33] [OCR] (6.36s): 16:33 ¢ @@ roe ull
[2025-10-10 16:33:33] 
[2025-10-10 16:33:33] q :
[2025-10-10 16:33:33] 
[2025-10-10 16:33:33] 
[2025-10-10 16:33:33] 
[2025-10-10 16:33:33] [TEST] Facebook Web - Feed loading
[2025-10-10 16:33:33] [OCR] (0.00s): 16:33 ¢ @ © nro full
[2025-10-10 16:33:33] 
[2025-10-10 16:33:33] ° .
[2025-10-10 16:33:33] |
[2025-10-10 16:33:33] ; . *
[2025-10-10 16:33:33] ultimamente no me
[2025-10-10 16:33:33] importa quien se
[2025-10-10 16:33:33] ___ | vaya de mi vida, pero tu,
[2025-10-10 16:33:33] - td quédate por favor que
[2025-10-10 16:33:33] si te necesito.
[2025-10-10 16:33:33] 228 mil
[2025-10-10 16:33:33] 474
[2025-10-10 16:33:33] ¢ giovanni.jech + seguir
[2025-10-10 16:33:33] sigueme para mas contenidow ... mas
[2025-10-10 16:33:33] £2 giovanni.jech - audio original si
[2025-10-10 16:33:33] < > zn a
[2025-10-10 16:33:33] atras adelante alva pestanas inicio
[2025-10-10 16:33:33] 
[2025-10-10 16:33:33] il o <
[2025-10-10 16:33:33] 
[2025-10-10 16:33:33] 
[2025-10-10 16:33:33] [TEST] Facebook Web - Short video playback
[2025-10-10 16:33:33] [OCR] (0.00s): 16:33 ¢ @ © nro full
[2025-10-10 16:33:33] 
[2025-10-10 16:33:33] q
[2025-10-10 16:33:33] 
[2025-10-10 16:33:33] < > nr im
[2025-10-10 16:33:33] 
[2025-10-10 16:33:33] atras adelante alva pestafhas inicio
[2025-10-10 16:33:33] 
[2025-10-10 16:33:33] il o <
[2025-10-10 16:33:33] 
[2025-10-10 16:33:33] [OCR] (3.60s): 16:33 ¢ @ nro full
[2025-10-10 16:33:33] 
[2025-10-10 16:33:33] < reels q @
[2025-10-10 16:33:33] 
[2025-10-10 16:33:33] @« tap to unmute
[2025-10-10 16:33:33] 
[2025-10-10 16:33:33] 5
[2025-10-10 16:33:33] q
[2025-10-10 16:33:33] 
[2025-10-10 16:33:33] 1
[2025-10-10 16:33:33] 
[2025-10-10 16:33:33] @® uan.anauassalsatnn ©. follow 7
[2025-10-10 16:33:33] 
[2025-10-10 16:33:33] < > nr im
[2025-10-10 16:33:33] 
[2025-10-10 16:33:33] atras adelante alva pestafhas inicio
[2025-10-10 16:33:33] 
[2025-10-10 16:33:33] —_
[2025-10-10 16:33:33] —_
[2025-10-10 16:33:33] »
[2025-10-10 16:33:33] 
[2025-10-10 16:33:33] 
[2025-10-10 16:35:47] [INFO] Cerrando pestañas abiertas (fin de iteración)...
[2025-10-10 16:35:47] [INFO] Pestañas cerradas correctamente.
[2025-10-10 16:35:47] [INFO] 'Clear all' (Samsung) pulsado para cerrar las apps recientes.
[2025-10-10 16:35:47] 
[2025-10-10 16:35:47] [ITERACION 36]
[2025-10-10 16:35:47] 
[2025-10-10 16:35:47] [TEST] Instagram Web - Feed loading
[2025-10-10 16:35:47] [OCR] (0.00s): 16:33 ¢ @ © nro full
[2025-10-10 16:35:47] 
[2025-10-10 16:35:47] @ buscar o escribir url
[2025-10-10 16:35:47] 
[2025-10-10 16:35:47] a a rn (0) oo
[2025-10-10 16:35:47] 
[2025-10-10 16:35:47] perfil alva pestanas apps
[2025-10-10 16:35:47] 
[2025-10-10 16:35:47] iii o <
[2025-10-10 16:35:47] 
[2025-10-10 16:35:47] [OCR] (5.76s): no full
[2025-10-10 16:35:47] 
[2025-10-10 16:35:47] < > a
[2025-10-10 16:35:47] 
[2025-10-10 16:35:47] atras adelante pestafhas inicio
[2025-10-10 16:35:47] 
[2025-10-10 16:35:47] 
[2025-10-10 16:35:47] 
[2025-10-10 16:35:47] [TEST] Instagram Web - Short video playback
[2025-10-10 16:35:47] [OCR] (0.00s): 16:33 ¢ @ © ro oul
[2025-10-10 16:35:47] 
[2025-10-10 16:35:47] q
[2025-10-10 16:35:47] 
[2025-10-10 16:35:47] from
[2025-10-10 16:35:47] < > an @
[2025-10-10 16:35:47] atras adelante alva pestafhas inicio
[2025-10-10 16:35:47] 
[2025-10-10 16:35:47] il o <
[2025-10-10 16:35:47] 
[2025-10-10 16:35:47] [OCR] (3.17s): 16:34 ¢ @@ ko sul a
[2025-10-10 16:35:47] 
[2025-10-10 16:35:47] q :
[2025-10-10 16:35:47] 
[2025-10-10 16:35:47] 
[2025-10-10 16:35:47] [OCR] (6.27s): 16:34 ¢ @@ ko sul a
[2025-10-10 16:35:47] 
[2025-10-10 16:35:47] q :
[2025-10-10 16:35:47] 
[2025-10-10 16:35:47] 
[2025-10-10 16:35:47] 
[2025-10-10 16:35:47] [TEST] Facebook Web - Feed loading
[2025-10-10 16:35:47] [OCR] (0.00s): 16:34 ¢ @@ nro full
[2025-10-10 16:35:47] 
[2025-10-10 16:35:47] ci
[2025-10-10 16:35:47] 
[2025-10-10 16:35:47] wv
[2025-10-10 16:35:47] 
[2025-10-10 16:35:47] alva pestanhas talted{e)
[2025-10-10 16:35:47] 
[2025-10-10 16:35:47] hi o <
[2025-10-10 16:35:47] 
[2025-10-10 16:35:47] 
[2025-10-10 16:35:47] [OCR] (6.71s): 16:34 ¢ @@ nro full
[2025-10-10 16:35:47] 
[2025-10-10 16:35:47] q
[2025-10-10 16:35:47] 
[2025-10-10 16:35:47] < > nr im
[2025-10-10 16:35:47] 
[2025-10-10 16:35:47] atras adelante alva pestafhas inicio
[2025-10-10 16:35:47] 
[2025-10-10 16:35:47] il o <
[2025-10-10 16:35:47] 
[2025-10-10 16:35:47] 
[2025-10-10 16:35:47] [TEST] Facebook Web - Short video playback
[2025-10-10 16:35:47] [OCR] (0.00s): 16:34 ¢ @@ nro full
[2025-10-10 16:35:47] 
[2025-10-10 16:35:47] q
[2025-10-10 16:35:47] 
[2025-10-10 16:35:47] < > nr im
[2025-10-10 16:35:47] 
[2025-10-10 16:35:47] atras adelante alva pestafhas inicio
[2025-10-10 16:35:47] 
[2025-10-10 16:35:47] il o <
[2025-10-10 16:35:47] 
[2025-10-10 16:35:47] [OCR] (4.21s): 1634 ¢ @
[2025-10-10 16:35:47] 
[2025-10-10 16:35:47] < reels
[2025-10-10 16:35:47] 
[2025-10-10 16:35:47] @« tap to unmute
[2025-10-10 16:35:47] 
[2025-10-10 16:35:47] relaxinawithraine ©
[2025-10-10 16:35:47] 
[2025-10-10 16:35:47] < > me 4
[2025-10-10 16:35:47] 
[2025-10-10 16:35:47] atras adelante alva
[2025-10-10 16:35:47] 
[2025-10-10 16:35:47] no full
[2025-10-10 16:35:47] 
[2025-10-10 16:35:47] i
[2025-10-10 16:35:47] q
[2025-10-10 16:35:47] 
[2025-10-10 16:35:47] a
[2025-10-10 16:35:47] im)
[2025-10-10 16:35:47] 
[2025-10-10 16:35:47] pestafhas inicio
[2025-10-10 16:35:47] 
[2025-10-10 16:35:47] [INFO] Cerrando pestañas abiertas (fin de iteración)...
[2025-10-10 16:35:47] [INFO] Pestañas cerradas correctamente.
[2025-10-10 16:35:47] [INFO] 'Clear all' (Samsung) pulsado para cerrar las apps recientes.
[2025-10-10 16:35:47] 
[2025-10-10 16:35:47] [ITERACION 37]
[2025-10-10 16:35:47] 
[2025-10-10 16:35:47] [TEST] Instagram Web - Feed loading
[2025-10-10 16:35:47] [OCR] (0.00s): 16:34 ¢ @@ nro full
[2025-10-10 16:35:47] 
[2025-10-10 16:35:47] @ buscar o escribir url
[2025-10-10 16:35:47] 
[2025-10-10 16:35:47] a a rn (0) oo
[2025-10-10 16:35:47] 
[2025-10-10 16:35:47] perfil alva pestanas apps
[2025-10-10 16:35:47] 
[2025-10-10 16:35:47] iii o <
[2025-10-10 16:35:47] 
[2025-10-10 16:35:47] [OCR] (5.62s): no full
[2025-10-10 16:35:47] 
[2025-10-10 16:35:47] < > a
[2025-10-10 16:35:47] 
[2025-10-10 16:35:47] atras adelante pestafhas inicio
[2025-10-10 16:35:47] 
[2025-10-10 16:35:47] 
[2025-10-10 16:35:47] 
[2025-10-10 16:35:47] [TEST] Instagram Web - Short video playback
[2025-10-10 16:35:47] [OCR] (0.00s): 16:34 ¢ @@ ko sul a
[2025-10-10 16:35:47] 
[2025-10-10 16:35:47] q :
[2025-10-10 16:35:47] 
[2025-10-10 16:35:47] 
[2025-10-10 16:35:47] [OCR] (2.96s): 16:34 ¢ @ © ro hall
[2025-10-10 16:35:47] 
[2025-10-10 16:35:47] q :
[2025-10-10 16:35:47] 
[2025-10-10 16:35:47] 
[2025-10-10 16:35:47] [OCR] (6.14s): 16:34 ¢ @@ ko sul a
[2025-10-10 16:35:47] 
[2025-10-10 16:35:47] q
[2025-10-10 16:35:47] 
[2025-10-10 16:35:47] o
[2025-10-10 16:35:47] ras
[2025-10-10 16:35:47] be&easss b
[2025-10-10 16:35:47] 
[2025-10-10 16:35:47] 
[2025-10-10 16:35:47] [TEST] Facebook Web - Feed loading
[2025-10-10 16:35:47] [OCR] (0.00s): 16:34 ¢ @@ ro ul
[2025-10-10 16:35:47] 
[2025-10-10 16:35:47] q
[2025-10-10 16:35:47] 
[2025-10-10 16:35:47] & yupajose179 + seguir
[2025-10-10 16:35:47] 
[2025-10-10 16:35:47] fi yupajose179 - audio original fe)
[2025-10-10 16:35:47] < > nn @
[2025-10-10 16:35:47] atras adelante alva pestanas inicio
[2025-10-10 16:35:47] 
[2025-10-10 16:35:47] il o <
[2025-10-10 16:35:47] 
[2025-10-10 16:35:47] [OCR] (5.84s): 16:35 ¢ @ nro full
[2025-10-10 16:35:47] 
[2025-10-10 16:35:47] q
[2025-10-10 16:35:47] 
[2025-10-10 16:35:47] facebook qe=
[2025-10-10 16:35:47] a 838 bf ww yy 8b
[2025-10-10 16:35:47] @ what's on your mind? 2
[2025-10-10 16:35:47] 
[2025-10-10 16:35:47] @e photo
[2025-10-10 16:35:47] 
[2025-10-10 16:35:47] create story
[2025-10-10 16:35:47] 
[2025-10-10 16:35:47] blackehinas in yo... * follow es x
[2025-10-10 16:35:47] ‘ ah e ®
[2025-10-10 16:35:47] 
[2025-10-10 16:35:47] el video musical de ‘eyes closed’ ha ilegado a 5.6
[2025-10-10 16:35:47] millones de vistas en 12 hrs y cuenta con mas de 1.1
[2025-10-10 16:35:47] millones de likes en youtube!... see more
[2025-10-10 16:35:47] 
[2025-10-10 16:35:47] the ‘eyes closed’ music video has reached 5.6
[2025-10-10 16:35:47] 
[2025-10-10 16:35:47] million views in 12 hrs and has over 1.1 million likes
[2025-10-10 16:35:47] on youtubel...
[2025-10-10 16:35:47] 
[2025-10-10 16:35:47] translated from spanish
[2025-10-10 16:35:47] 
[2025-10-10 16:35:47] < > a
[2025-10-10 16:35:47] 
[2025-10-10 16:35:47] atras adelante pestafhas
[2025-10-10 16:35:47] 
[2025-10-10 16:35:47] inicio
[2025-10-10 16:35:47] 
[2025-10-10 16:35:47] 
[2025-10-10 16:35:47] [TEST] Facebook Web - Short video playback
[2025-10-10 16:35:47] [OCR] (0.00s): 16:35 ¢ @ nro full
[2025-10-10 16:35:47] 
[2025-10-10 16:35:47] q
[2025-10-10 16:35:47] 
[2025-10-10 16:35:47] facebook qe=
[2025-10-10 16:35:47] a 838 bf ww yy 8b
[2025-10-10 16:35:47] @ what's on your mind? 2
[2025-10-10 16:35:47] 
[2025-10-10 16:35:47] @e photo
[2025-10-10 16:35:47] 
[2025-10-10 16:35:47] create story
[2025-10-10 16:35:47] 
[2025-10-10 16:35:47] blackehinas in yo... * follow es x
[2025-10-10 16:35:47] ‘ ah e ®
[2025-10-10 16:35:47] 
[2025-10-10 16:35:47] el video musical de ‘eyes closed’ ha ilegado a 5.6
[2025-10-10 16:35:47] millones de vistas en 12 hrs y cuenta con mas de 1.1
[2025-10-10 16:35:47] millones de likes en youtube!... see more
[2025-10-10 16:35:47] 
[2025-10-10 16:35:47] the ‘eyes closed’ music video has reached 5.6
[2025-10-10 16:35:47] 
[2025-10-10 16:35:47] million views in 12 hrs and has over 1.1 million likes
[2025-10-10 16:35:47] on youtubel...
[2025-10-10 16:35:47] 
[2025-10-10 16:35:47] translated from spanish
[2025-10-10 16:35:47] 
[2025-10-10 16:35:47] < > a
[2025-10-10 16:35:47] 
[2025-10-10 16:35:47] atras adelante pestafhas
[2025-10-10 16:35:47] 
[2025-10-10 16:35:47] inicio
[2025-10-10 16:35:47] 
[2025-10-10 16:35:47] [INFO] Cerrando pestañas abiertas (fin de iteración)...
[2025-10-10 16:35:47] [INFO] Pestañas cerradas correctamente.
[2025-10-10 16:35:47] [INFO] 'Clear all' (Samsung) pulsado para cerrar las apps recientes.
[2025-10-10 16:35:47] 
[2025-10-10 16:35:47] [ITERACION 38]
[2025-10-10 16:35:47] 
[2025-10-10 16:35:47] [TEST] Instagram Web - Feed loading
[2025-10-10 16:35:47] [OCR] (0.00s): whatsapp
[2025-10-10 16:35:47] 
[2025-10-10 16:35:47] 
[2025-10-10 16:35:47] 
[2025-10-10 16:35:47] [TEST] Instagram Web - Short video playback
[2025-10-10 16:35:47] [OCR] (0.00s): 16:35 ¢ @ © ro oul
[2025-10-10 16:35:47] 
[2025-10-10 16:35:47] q
[2025-10-10 16:35:47] 
[2025-10-10 16:35:47] from
[2025-10-10 16:35:47] < > an @
[2025-10-10 16:35:47] atras adelante alva pestafhas inicio
[2025-10-10 16:35:47] 
[2025-10-10 16:35:47] il o <
[2025-10-10 16:35:47] 
[2025-10-10 16:35:47] [OCR] (3.13s): 16:35 ¢ @@ roe ull
[2025-10-10 16:35:47] 
[2025-10-10 16:35:47] q :
[2025-10-10 16:35:47] 
[2025-10-10 16:35:47] 
[2025-10-10 16:35:47] [OCR] (6.23s): 16:35 ¢ @@ roe ull
[2025-10-10 16:35:47] 
[2025-10-10 16:35:47] q :
[2025-10-10 16:35:47] 
[2025-10-10 16:35:47] 
[2025-10-10 16:35:47] 
[2025-10-10 16:35:47] [TEST] Facebook Web - Feed loading
[2025-10-10 16:35:47] [OCR] (0.00s): 16:35 ¢ @@
[2025-10-10 16:35:47] 
[2025-10-10 16:35:47] no ot ull
[2025-10-10 16:35:47] 
[2025-10-10 16:35:47] q
[2025-10-10 16:35:47] 
[2025-10-10 16:35:47] entonces le pedi algo bonito
[2025-10-10 16:35:47] a la vida y llegaste td.
[2025-10-10 16:35:47] 
[2025-10-10 16:35:47] \@
[2025-10-10 16:35:47] 
[2025-10-10 16:35:47] .
[2025-10-10 16:35:47] 
[2025-10-10 16:35:47] ee matteo.pxl - seguir
[2025-10-10 16:35:47] vf
[2025-10-10 16:35:47] 
[2025-10-10 16:35:47] £1 matteo.pxl - audio original
[2025-10-10 16:35:47] 
[2025-10-10 16:35:47] < > nk
[2025-10-10 16:35:47] 
[2025-10-10 16:35:47] atras adelante alva
[2025-10-10 16:35:47] 
[2025-10-10 16:35:47] il o
[2025-10-10 16:35:47] 
[2025-10-10 16:35:47] 52,5 mil
[2025-10-10 16:35:47] 
[2025-10-10 16:35:47] @
[2025-10-10 16:35:47] 
[2025-10-10 16:35:47] pestanhas inicio
[2025-10-10 16:35:47] 
[2025-10-10 16:35:47] <
[2025-10-10 16:35:47] 
[2025-10-10 16:35:47] [OCR] (5.56s): no full
[2025-10-10 16:35:47] 
[2025-10-10 16:35:47] q
[2025-10-10 16:35:47] facebook qe=
[2025-10-10 16:35:47] as © © @ 8
[2025-10-10 16:35:47] @ what's on your mind? 2
[2025-10-10 16:35:47] 
[2025-10-10 16:35:47] create story
[2025-10-10 16:35:47] 
[2025-10-10 16:35:47] opinion bolivia + follow ooo x
[2025-10-10 16:35:47] 2h: ©
[2025-10-10 16:35:47] 
[2025-10-10 16:35:47] golazo de robson matheus la verde vencio a
[2025-10-10 16:35:47] la mundialista jordania (1-0).
[2025-10-10 16:35:47] 
[2025-10-10 16:35:47] goal by robson matheus, the verde beat the
[2025-10-10 16:35:47] world team jordan (1-0).
[2025-10-10 16:35:47] translated from spanish
[2025-10-10 16:35:47] 
[2025-10-10 16:35:47] el lider de los deportes
[2025-10-10 16:35:47] 2h: ©
[2025-10-10 16:35:47] 
[2025-10-10 16:35:47] s29 #laultima | jiijgano bolivia!!! con
[2025-10-10 16:35:47] 
[2025-10-10 16:35:47] <
[2025-10-10 16:35:47] 
[2025-10-10 16:38:01] atras adelante pestafhas inicio
[2025-10-10 16:38:01] 
[2025-10-10 16:38:01] 
[2025-10-10 16:38:01] 
[2025-10-10 16:38:01] [TEST] Facebook Web - Short video playback
[2025-10-10 16:38:01] [OCR] (0.00s): 16:35 ¢ @ © nro full
[2025-10-10 16:38:01] 
[2025-10-10 16:38:01] q
[2025-10-10 16:38:01] 
[2025-10-10 16:38:01] < > nr im
[2025-10-10 16:38:01] 
[2025-10-10 16:38:01] atras adelante alva pestafhas inicio
[2025-10-10 16:38:01] 
[2025-10-10 16:38:01] [OCR] (3.35s): 16:35 ¢ @ © nro full
[2025-10-10 16:38:01] 
[2025-10-10 16:38:01] @ tap to unmute
[2025-10-10 16:38:01] 
[2025-10-10 16:38:01] ss @
[2025-10-10 16:38:01] bet ts mm foliaw ps
[2025-10-10 16:38:01] < > a im
[2025-10-10 16:38:01] 
[2025-10-10 16:38:01] atras adelante alva pestafhas inicio
[2025-10-10 16:38:01] 
[2025-10-10 16:38:01] 
[2025-10-10 16:38:01] [INFO] Cerrando pestañas abiertas (fin de iteración)...
[2025-10-10 16:38:01] [INFO] Pestañas cerradas correctamente.
[2025-10-10 16:38:01] [INFO] 'Clear all' (Samsung) pulsado para cerrar las apps recientes.
[2025-10-10 16:38:01] 
[2025-10-10 16:38:01] [ITERACION 39]
[2025-10-10 16:38:01] 
[2025-10-10 16:38:01] [TEST] Instagram Web - Feed loading
[2025-10-10 16:38:01] [OCR] (0.00s): whatsapp
[2025-10-10 16:38:01] 
[2025-10-10 16:38:01] 
[2025-10-10 16:38:01] 
[2025-10-10 16:38:01] [TEST] Instagram Web - Short video playback
[2025-10-10 16:38:01] [OCR] (0.00s): 16:36 ¢ @ © ro oul
[2025-10-10 16:38:01] 
[2025-10-10 16:38:01] q
[2025-10-10 16:38:01] 
[2025-10-10 16:38:01] from
[2025-10-10 16:38:01] < > an @
[2025-10-10 16:38:01] atras adelante alva pestafhas inicio
[2025-10-10 16:38:01] 
[2025-10-10 16:38:01] il o <
[2025-10-10 16:38:01] 
[2025-10-10 16:38:01] [OCR] (3.17s): 16:36 ¢ @ © roe ull
[2025-10-10 16:38:01] 
[2025-10-10 16:38:01] q :
[2025-10-10 16:38:01] 
[2025-10-10 16:38:01] 
[2025-10-10 16:38:01] [OCR] (6.21s): <
[2025-10-10 16:38:01] 
[2025-10-10 16:38:01] o
[2025-10-10 16:38:01] 
[2025-10-10 16:38:01] 
[2025-10-10 16:38:01] [TEST] Facebook Web - Feed loading
[2025-10-10 16:38:01] [OCR] (0.00s): 16:36 ¢ @ @ mo oe ull
[2025-10-10 16:38:01] 
[2025-10-10 16:38:01] q
[2025-10-10 16:38:01] 
[2025-10-10 16:38:01] uno co mis senttinicnios twenties
[2025-10-10 16:38:01] esireinmelcontigowyidarme;cuental
[2025-10-10 16:38:01] chlomucho cus cist ca tw compan
[2025-10-10 16:38:01] 
[2025-10-10 16:38:01] videjtulexistencia’
[2025-10-10 16:38:01] 
[2025-10-10 16:38:01] 34
[2025-10-10 16:38:01] is) _jordanrobles_ + seguir
[2025-10-10 16:38:01] wv amigos #foryou #viralreels #hombre: ... mas ”
[2025-10-10 16:38:01] ff _jordanrobles_- audio original
[2025-10-10 16:38:01] < > &# a
[2025-10-10 16:38:01] atras adelante alva pestanhas inicio
[2025-10-10 16:38:01] 
[2025-10-10 16:38:01] ui o y
[2025-10-10 16:38:01] 
[2025-10-10 16:38:01] [OCR] (4.83s): 16:36 ¢ € no full
[2025-10-10 16:38:01] 
[2025-10-10 16:38:01] facebook q=
[2025-10-10 16:38:01] a sg © @ @ b
[2025-10-10 16:38:01] 
[2025-10-10 16:38:01] @ what's on your mind? 2
[2025-10-10 16:38:01] @e photo
[2025-10-10 16:38:01] 
[2025-10-10 16:38:01] create story
[2025-10-10 16:38:01] 
[2025-10-10 16:38:01] dream house story : gav.. ° follow sss x
[2025-10-10 16:38:01] reels > sep 18+ @
[2025-10-10 16:38:01] 
[2025-10-10 16:38:01] cute house
[2025-10-10 16:38:01] 
[2025-10-10 16:38:01] a
[2025-10-10 16:38:01] 
[2025-10-10 16:38:01] pestafhas inicio
[2025-10-10 16:38:01] 
[2025-10-10 16:38:01] atras adelante
[2025-10-10 16:38:01] 
[2025-10-10 16:38:01] 
[2025-10-10 16:38:01] 
[2025-10-10 16:38:01] [TEST] Facebook Web - Short video playback
[2025-10-10 16:38:01] [OCR] (0.00s): 16:36 ¢ € no full
[2025-10-10 16:38:01] 
[2025-10-10 16:38:01] facebook q=
[2025-10-10 16:38:01] a sg © @ @ b
[2025-10-10 16:38:01] 
[2025-10-10 16:38:01] @ what's on your mind? 2
[2025-10-10 16:38:01] @e photo
[2025-10-10 16:38:01] 
[2025-10-10 16:38:01] create story
[2025-10-10 16:38:01] 
[2025-10-10 16:38:01] dream house story : gav.. ° follow sss x
[2025-10-10 16:38:01] reels > sep 18+ @
[2025-10-10 16:38:01] 
[2025-10-10 16:38:01] cute house
[2025-10-10 16:38:01] 
[2025-10-10 16:38:01] a
[2025-10-10 16:38:01] 
[2025-10-10 16:38:01] pestafhas inicio
[2025-10-10 16:38:01] 
[2025-10-10 16:38:01] atras adelante
[2025-10-10 16:38:01] 
[2025-10-10 16:38:01] 
[2025-10-10 16:38:01] [INFO] Cerrando pestañas abiertas (fin de iteración)...
[2025-10-10 16:38:01] [INFO] Pestañas cerradas correctamente.
[2025-10-10 16:38:01] [INFO] 'Clear all' (Samsung) pulsado para cerrar las apps recientes.
[2025-10-10 16:38:01] 
[2025-10-10 16:38:01] [ITERACION 40]
[2025-10-10 16:38:01] 
[2025-10-10 16:38:01] [TEST] Instagram Web - Feed loading
[2025-10-10 16:38:01] [OCR] (0.00s): whatsapp
[2025-10-10 16:38:01] 
[2025-10-10 16:38:01] 
[2025-10-10 16:38:01] 
[2025-10-10 16:38:01] [TEST] Instagram Web - Short video playback
[2025-10-10 16:38:01] [OCR] (0.00s): 16:37 ¢ @@ ko sul a
[2025-10-10 16:38:01] 
[2025-10-10 16:38:01] q :
[2025-10-10 16:38:01] 
[2025-10-10 16:38:01] 
[2025-10-10 16:38:01] [OCR] (3.15s): 1637 ¢ @ © ro hall
[2025-10-10 16:38:01] 
[2025-10-10 16:38:01] q :
[2025-10-10 16:38:01] 
[2025-10-10 16:38:01] 
[2025-10-10 16:38:01] [OCR] (6.03s): <
[2025-10-10 16:38:01] 
[2025-10-10 16:38:01] o
[2025-10-10 16:38:01] 
[2025-10-10 16:38:01] 
[2025-10-10 16:38:01] [TEST] Facebook Web - Feed loading
[2025-10-10 16:38:01] [OCR] (0.00s): 16:37 ¢ @@ nro full
[2025-10-10 16:38:01] 
[2025-10-10 16:38:01] oa
[2025-10-10 16:38:01] no sé como tuve tanta suerte
[2025-10-10 16:38:01] de haber encontrado a alguien
[2025-10-10 16:38:01] tan increible como tu.
[2025-10-10 16:38:01] e
[2025-10-10 16:38:01] - 7230
[2025-10-10 16:38:01] 149
[2025-10-10 16:38:01] 
[2025-10-10 16:38:01] is) _jordanrobles_ + seguir
[2025-10-10 16:38:01] 
[2025-10-10 16:38:01] no se pero, gracias por aparecer en mi vida. o#fi ... mas
[2025-10-10 16:38:01] 
[2025-10-10 16:38:01] 2.
[2025-10-10 16:38:01] 
[2025-10-10 16:38:01] fa _jordanrobles_- audio original vy
[2025-10-10 16:38:01] < > ms 9 im
[2025-10-10 16:38:01] atras adelante alva pestafhas inicio
[2025-10-10 16:38:01] 
[2025-10-10 16:38:01] il o <
[2025-10-10 16:38:01] 
[2025-10-10 16:38:01] [OCR] (4.80s): no full
[2025-10-10 16:38:01] 
[2025-10-10 16:38:01] q
[2025-10-10 16:38:01] facebook qe=
[2025-10-10 16:38:01] as © © @ 8
[2025-10-10 16:38:01] @ what's on your mind? 2
[2025-10-10 16:38:01] 
[2025-10-10 16:38:01] create story
[2025-10-10 16:38:01] 
[2025-10-10 16:38:01] opinion bolivia + follow ooo x
[2025-10-10 16:38:01] 2h: ©
[2025-10-10 16:38:01] 
[2025-10-10 16:38:01] golazo de robson matheus la verde vencio a
[2025-10-10 16:38:01] la mundialista jordania (1-0).
[2025-10-10 16:38:01] 
[2025-10-10 16:38:01] goal by robson matheus, the verde beat the
[2025-10-10 16:38:01] world team jordan (1-0).
[2025-10-10 16:38:01] translated from spanish
[2025-10-10 16:38:01] 
[2025-10-10 16:38:01] el lider de los deportes
[2025-10-10 16:38:01] 2h: ©
[2025-10-10 16:38:01] 
[2025-10-10 16:38:01] s29 #laultima | jiijgano bolivia!!! con
[2025-10-10 16:38:01] 
[2025-10-10 16:38:01] <
[2025-10-10 16:38:01] 
[2025-10-10 16:38:01] atras adelante pestafhas inicio
[2025-10-10 16:38:01] 
[2025-10-10 16:38:01] 
[2025-10-10 16:38:01] 
[2025-10-10 16:38:01] [TEST] Facebook Web - Short video playback
[2025-10-10 16:38:01] [OCR] (0.00s): no full
[2025-10-10 16:38:01] 
[2025-10-10 16:38:01] q
[2025-10-10 16:38:01] facebook qe=
[2025-10-10 16:38:01] as © © @ 8
[2025-10-10 16:38:01] @ what's on your mind? 2
[2025-10-10 16:38:01] 
[2025-10-10 16:38:01] create story
[2025-10-10 16:38:01] 
[2025-10-10 16:38:01] opinion bolivia + follow ooo x
[2025-10-10 16:38:01] 2h: ©
[2025-10-10 16:38:01] 
[2025-10-10 16:38:01] golazo de robson matheus la verde vencio a
[2025-10-10 16:38:01] la mundialista jordania (1-0).
[2025-10-10 16:38:01] 
[2025-10-10 16:38:01] goal by robson matheus, the verde beat the
[2025-10-10 16:38:01] world team jordan (1-0).
[2025-10-10 16:38:01] translated from spanish
[2025-10-10 16:38:01] 
[2025-10-10 16:38:01] el lider de los deportes
[2025-10-10 16:38:01] 2h: ©
[2025-10-10 16:38:01] 
[2025-10-10 16:38:01] s29 #laultima | jiijgano bolivia!!! con
[2025-10-10 16:38:01] 
[2025-10-10 16:38:01] <
[2025-10-10 16:38:01] 
[2025-10-10 16:38:01] atras adelante pestafhas inicio
[2025-10-10 16:38:01] 
[2025-10-10 16:38:01] 
[2025-10-10 16:38:01] [INFO] Cerrando pestañas abiertas (fin de iteración)...
[2025-10-10 16:38:01] [INFO] Pestañas cerradas correctamente.
[2025-10-10 16:38:01] [INFO] 'Clear all' (Samsung) pulsado para cerrar las apps recientes.
[2025-10-10 16:38:01] 
[2025-10-10 16:38:01] [ITERACION 41]
[2025-10-10 16:38:01] 
[2025-10-10 16:38:01] [TEST] Instagram Web - Feed loading
[2025-10-10 16:38:01] [OCR] (0.00s): whatsapp
[2025-10-10 16:38:01] 
[2025-10-10 16:38:01] 
[2025-10-10 16:38:01] 
[2025-10-10 16:38:01] [TEST] Instagram Web - Short video playback
[2025-10-10 16:38:01] [OCR] (0.00s): 16:37 ¢ @@ ko sul a
[2025-10-10 16:38:01] 
[2025-10-10 16:38:01] q :
[2025-10-10 16:38:01] 
[2025-10-10 16:38:01] 
[2025-10-10 16:38:01] [OCR] (3.02s): 1637 ¢ @ © ro hall
[2025-10-10 16:38:01] 
[2025-10-10 16:38:01] q :
[2025-10-10 16:38:01] 
[2025-10-10 16:38:01] 
[2025-10-10 16:38:01] [OCR] (5.94s): 16:37 ¢ @@ ko sul a
[2025-10-10 16:38:01] 
[2025-10-10 16:38:01] q }
[2025-10-10 16:38:01] 
[2025-10-10 16:38:01] 
[2025-10-10 16:38:01] 
[2025-10-10 16:38:01] [TEST] Facebook Web - Feed loading
[2025-10-10 16:38:01] [OCR] (0.00s): 16:37 ¢ @@ nro full
[2025-10-10 16:38:01] 
[2025-10-10 16:38:01] q
[2025-10-10 16:38:01] 
[2025-10-10 16:38:01] espero que te pasen
[2025-10-10 16:38:01] cosas geniales y que
[2025-10-10 16:38:01] cuando sucedan, sepas
[2025-10-10 16:38:01] que mereces cada una de
[2025-10-10 16:38:01] ellas.
[2025-10-10 16:38:01] 
[2025-10-10 16:38:01] fi lana del rey - margaret (feat. bleachers)
[2025-10-10 16:38:01] < > a a)
[2025-10-10 16:38:01] atras adelante alva pestanas inicio
[2025-10-10 16:38:01] 
[2025-10-10 16:38:01] il o <
[2025-10-10 16:38:01] 
[2025-10-10 16:38:01] [OCR] (5.64s): no full
[2025-10-10 16:38:01] 
[2025-10-10 16:38:01] facebook q=
[2025-10-10 16:38:01] a sg © @ @ b
[2025-10-10 16:38:01] 
[2025-10-10 16:38:01] @ what's on your mind? 2
[2025-10-10 16:38:01] @e photo
[2025-10-10 16:38:01] 
[2025-10-10 16:38:01] create story
[2025-10-10 16:38:01] 
[2025-10-10 16:38:01] i see us in black & white + follow °** xx
[2025-10-10 16:38:01] @4h-®
[2025-10-10 16:38:01] 
[2025-10-10 16:40:15] "ahi viene la que te gusta, actua normal’
[2025-10-10 16:40:15] 
[2025-10-10 16:40:15] yo:
[2025-10-10 16:40:15] 
[2025-10-10 16:40:15] "there comes the one you like, act normal"
[2025-10-10 16:40:15] 
[2025-10-10 16:40:15] yo:
[2025-10-10 16:40:15] translated from spanish
[2025-10-10 16:40:15] 
[2025-10-10 16:40:15] ‘
[2025-10-10 16:40:15] 
[2025-10-10 16:40:15] < > a
[2025-10-10 16:40:15] 
[2025-10-10 16:40:15] atras adelante
[2025-10-10 16:40:15] 
[2025-10-10 16:40:15] pestafhas inicio
[2025-10-10 16:40:15] 
[2025-10-10 16:40:15] 
[2025-10-10 16:40:15] [TEST] Facebook Web - Short video playback
[2025-10-10 16:40:15] [OCR] (0.00s): no full
[2025-10-10 16:40:15] 
[2025-10-10 16:40:15] facebook q=
[2025-10-10 16:40:15] a sg © @ @ b
[2025-10-10 16:40:15] 
[2025-10-10 16:40:15] @ what's on your mind? 2
[2025-10-10 16:40:15] @e photo
[2025-10-10 16:40:15] 
[2025-10-10 16:40:15] create story
[2025-10-10 16:40:15] 
[2025-10-10 16:40:15] i see us in black & white + follow °** xx
[2025-10-10 16:40:15] @4h-®
[2025-10-10 16:40:15] 
[2025-10-10 16:40:15] "ahi viene la que te gusta, actua normal’
[2025-10-10 16:40:15] 
[2025-10-10 16:40:15] yo:
[2025-10-10 16:40:15] 
[2025-10-10 16:40:15] "there comes the one you like, act normal"
[2025-10-10 16:40:15] 
[2025-10-10 16:40:15] yo:
[2025-10-10 16:40:15] translated from spanish
[2025-10-10 16:40:15] 
[2025-10-10 16:40:15] ‘
[2025-10-10 16:40:15] 
[2025-10-10 16:40:15] < > a
[2025-10-10 16:40:15] 
[2025-10-10 16:40:15] atras adelante
[2025-10-10 16:40:15] 
[2025-10-10 16:40:15] pestafhas inicio
[2025-10-10 16:40:15] 
[2025-10-10 16:40:15] [INFO] Cerrando pestañas abiertas (fin de iteración)...
[2025-10-10 16:40:15] [INFO] Pestañas cerradas correctamente.
[2025-10-10 16:40:15] [INFO] 'Clear all' (Samsung) pulsado para cerrar las apps recientes.
[2025-10-10 16:40:15] 
[2025-10-10 16:40:15] [ITERACION 42]
[2025-10-10 16:40:15] 
[2025-10-10 16:40:15] [TEST] Instagram Web - Feed loading
[2025-10-10 16:40:15] [OCR] (0.00s): whatsapp
[2025-10-10 16:40:15] 
[2025-10-10 16:40:15] 
[2025-10-10 16:40:15] 
[2025-10-10 16:40:15] [TEST] Instagram Web - Short video playback
[2025-10-10 16:40:15] [OCR] (0.00s): 16:38 ¢ @ © ko sul a
[2025-10-10 16:40:15] 
[2025-10-10 16:40:15] q :
[2025-10-10 16:40:15] 
[2025-10-10 16:40:15] 
[2025-10-10 16:40:15] [OCR] (3.07s): 16:38 ¢ @ © roe ull
[2025-10-10 16:40:15] 
[2025-10-10 16:40:15] q :
[2025-10-10 16:40:15] 
[2025-10-10 16:40:15] 
[2025-10-10 16:40:15] [OCR] (5.96s): <
[2025-10-10 16:40:15] 
[2025-10-10 16:40:15] o
[2025-10-10 16:40:15] 
[2025-10-10 16:40:15] 
[2025-10-10 16:40:15] [TEST] Facebook Web - Feed loading
[2025-10-10 16:40:15] [OCR] (0.00s): 16:38 ¢ © © nro full
[2025-10-10 16:40:15] 
[2025-10-10 16:40:15] __ cuando no tengasjainadie)
[2025-10-10 16:40:15] % ee eo pematigu
[2025-10-10 16:40:15] siemp
[2025-10-10 16:40:15] 
[2025-10-10 16:40:15] ibajalestarjpara\tih
[2025-10-10 16:40:15] lofquelpase®
[2025-10-10 16:40:15] 
[2025-10-10 16:40:15] #fypppppppppppppppppppppppppppppppppppp
[2025-10-10 16:40:15] 
[2025-10-10 16:40:15] fi fer_lesma - audio original
[2025-10-10 16:40:15] 
[2025-10-10 16:40:15] < > kr
[2025-10-10 16:40:15] 
[2025-10-10 16:40:15] atras adelante alva pestanhas inicio
[2025-10-10 16:40:15] 
[2025-10-10 16:40:15] hi o <
[2025-10-10 16:40:15] 
[2025-10-10 16:40:15] [OCR] (6.81s): no full
[2025-10-10 16:40:15] 
[2025-10-10 16:40:15] facebook q=
[2025-10-10 16:40:15] a sg © @ @ b
[2025-10-10 16:40:15] 
[2025-10-10 16:40:15] @ what's on your mind? 2
[2025-10-10 16:40:15] @e photo
[2025-10-10 16:40:15] 
[2025-10-10 16:40:15] create story
[2025-10-10 16:40:15] 
[2025-10-10 16:40:15] casas de campo y mas. * follow ooo x
[2025-10-10 16:40:15] 1d-®
[2025-10-10 16:40:15] 
[2025-10-10 16:40:15] eb “la casa de los suefios: elegancia natural entre
[2025-10-10 16:40:15] flores y encanto” £3
[2025-10-10 16:40:15] 
[2025-10-10 16:40:15] eb "the house of dreams: natural elegance between
[2025-10-10 16:40:15] flowers and charm" 43
[2025-10-10 16:40:15] translated from spanish
[2025-10-10 16:40:15] 
[2025-10-10 16:40:15] < > a
[2025-10-10 16:40:15] 
[2025-10-10 16:40:15] atras adelante
[2025-10-10 16:40:15] 
[2025-10-10 16:40:15] pestafhas inicio
[2025-10-10 16:40:15] 
[2025-10-10 16:40:15] 
[2025-10-10 16:40:15] [TEST] Facebook Web - Short video playback
[2025-10-10 16:40:15] [OCR] (0.00s): no full
[2025-10-10 16:40:15] 
[2025-10-10 16:40:15] facebook q=
[2025-10-10 16:40:15] a sg © @ @ b
[2025-10-10 16:40:15] 
[2025-10-10 16:40:15] @ what's on your mind? 2
[2025-10-10 16:40:15] @e photo
[2025-10-10 16:40:15] 
[2025-10-10 16:40:15] create story
[2025-10-10 16:40:15] 
[2025-10-10 16:40:15] casas de campo y mas. * follow ooo x
[2025-10-10 16:40:15] 1d-®
[2025-10-10 16:40:15] 
[2025-10-10 16:40:15] eb “la casa de los suefios: elegancia natural entre
[2025-10-10 16:40:15] flores y encanto” £3
[2025-10-10 16:40:15] 
[2025-10-10 16:40:15] eb "the house of dreams: natural elegance between
[2025-10-10 16:40:15] flowers and charm" 43
[2025-10-10 16:40:15] translated from spanish
[2025-10-10 16:40:15] 
[2025-10-10 16:40:15] < > a
[2025-10-10 16:40:15] 
[2025-10-10 16:40:15] atras adelante
[2025-10-10 16:40:15] 
[2025-10-10 16:40:15] pestafhas inicio
[2025-10-10 16:40:15] 
[2025-10-10 16:40:15] [INFO] Cerrando pestañas abiertas (fin de iteración)...
[2025-10-10 16:40:15] [INFO] Pestañas cerradas correctamente.
[2025-10-10 16:40:15] [INFO] 'Clear all' (Samsung) pulsado para cerrar las apps recientes.
[2025-10-10 16:40:15] 
[2025-10-10 16:40:15] [ITERACION 43]
[2025-10-10 16:40:15] 
[2025-10-10 16:40:15] [TEST] Instagram Web - Feed loading
[2025-10-10 16:40:15] [OCR] (0.00s): 16:39 ¢ @@ nro full
[2025-10-10 16:40:15] 
[2025-10-10 16:40:15] @ buscar o escribir url
[2025-10-10 16:40:15] 
[2025-10-10 16:40:15] a a rn (0) oo
[2025-10-10 16:40:15] 
[2025-10-10 16:40:15] perfil alva pestanas apps
[2025-10-10 16:40:15] 
[2025-10-10 16:40:15] iii o <
[2025-10-10 16:40:15] 
[2025-10-10 16:40:15] [OCR] (5.30s): 16:39 ¢ @@ nro full
[2025-10-10 16:40:15] 
[2025-10-10 16:40:15] q
[2025-10-10 16:40:15] 
[2025-10-10 16:40:15] < > nr im
[2025-10-10 16:40:15] 
[2025-10-10 16:40:15] atras adelante alva pestafhas inicio
[2025-10-10 16:40:15] 
[2025-10-10 16:40:15] il o <
[2025-10-10 16:40:15] 
[2025-10-10 16:40:15] 
[2025-10-10 16:40:15] [TEST] Instagram Web - Short video playback
[2025-10-10 16:40:15] [OCR] (0.00s): 16:39 ¢ @@ nro full
[2025-10-10 16:40:15] 
[2025-10-10 16:40:15] q
[2025-10-10 16:40:15] 
[2025-10-10 16:40:15] from
[2025-10-10 16:40:15] < > an @
[2025-10-10 16:40:15] atras adelante alva pestafhas inicio
[2025-10-10 16:40:15] 
[2025-10-10 16:40:15] il o <
[2025-10-10 16:40:15] 
[2025-10-10 16:40:15] [OCR] (3.25s): 16:39 ¢ @ © ro hall
[2025-10-10 16:40:15] 
[2025-10-10 16:40:15] q :
[2025-10-10 16:40:15] 
[2025-10-10 16:40:15] 
[2025-10-10 16:40:15] [OCR] (6.13s): 16:39 ¢ @@ ko sul a
[2025-10-10 16:40:15] 
[2025-10-10 16:40:15] q
[2025-10-10 16:40:15] 
[2025-10-10 16:40:15] o
[2025-10-10 16:40:15] ras
[2025-10-10 16:40:15] bsbe&eases b
[2025-10-10 16:40:15] 
[2025-10-10 16:40:15] 
[2025-10-10 16:40:15] [TEST] Facebook Web - Feed loading
[2025-10-10 16:40:15] [OCR] (0.00s): 16:39 ¢ @@ nro full
[2025-10-10 16:40:15] 
[2025-10-10 16:40:15] q
[2025-10-10 16:40:15] 
[2025-10-10 16:40:15] < > nr im
[2025-10-10 16:40:15] 
[2025-10-10 16:40:15] atras adelante alva pestafhas inicio
[2025-10-10 16:40:15] 
[2025-10-10 16:40:15] il o <
[2025-10-10 16:40:15] 
[2025-10-10 16:40:15] [OCR] (4.05s): no full
[2025-10-10 16:40:15] 
[2025-10-10 16:40:15] facebook q=
[2025-10-10 16:40:15] a s&s © @ @ b
[2025-10-10 16:40:15] 
[2025-10-10 16:40:15] @ what's on your mind? 2
[2025-10-10 16:40:15] @e photo
[2025-10-10 16:40:15] 
[2025-10-10 16:40:15] < > a
[2025-10-10 16:40:15] 
[2025-10-10 16:40:15] atras adelante pestafhas inicio
[2025-10-10 16:40:15] 
[2025-10-10 16:40:15] 
[2025-10-10 16:40:15] 
[2025-10-10 16:40:15] [TEST] Facebook Web - Short video playback
[2025-10-10 16:40:15] [OCR] (0.00s): no full
[2025-10-10 16:40:15] 
[2025-10-10 16:40:15] facebook q=
[2025-10-10 16:40:15] a sg © @ @ b
[2025-10-10 16:40:15] 
[2025-10-10 16:40:15] @ what's on your mind? 2
[2025-10-10 16:40:15] @e photo
[2025-10-10 16:40:15] 
[2025-10-10 16:40:15] create story
[2025-10-10 16:40:15] 
[2025-10-10 16:40:15] < > a
[2025-10-10 16:40:15] 
[2025-10-10 16:40:15] atras adelante pestafhas inicio
[2025-10-10 16:40:15] 
[2025-10-10 16:40:15] 
[2025-10-10 16:40:15] [OCR] (3.27s): no full
[2025-10-10 16:40:15] 
[2025-10-10 16:40:15] < > a
[2025-10-10 16:40:15] 
[2025-10-10 16:40:15] atras adelante pestafhas inicio
[2025-10-10 16:40:15] 
[2025-10-10 16:40:15] 
[2025-10-10 16:40:15] [OCR] (6.73s): 16:39 ¢ € nro full
[2025-10-10 16:40:15] 
[2025-10-10 16:40:15] q :
[2025-10-10 16:40:15] 
[2025-10-10 16:40:15] keel
[2025-10-10 16:40:15] sung sat sree
[2025-10-10 16:40:15] a) centurno:
[2025-10-10 16:40:15] 
[2025-10-10 16:40:15] a a, ee: <
[2025-10-10 16:40:15] » tee a] a son
[2025-10-10 16:40:15] 
[2025-10-10 16:40:15] _ 4 sc 5 af wn ? eats b oat
[2025-10-10 16:40:15] 
[2025-10-10 16:40:15] rer = ie re pe ee in» ba
[2025-10-10 16:40:15] e eat aad gag. ll
[2025-10-10 16:40:15] 
[2025-10-10 16:40:15] \ ———— 2” 7 *) tr, li
[2025-10-10 16:40:15] : 2 x oo =
[2025-10-10 16:40:15] .
[2025-10-10 16:40:15] 
[2025-10-10 16:40:15] 2
[2025-10-10 16:40:15] 0
[2025-10-10 16:40:15] a
[2025-10-10 16:40:15] 
[2025-10-10 16:40:15] 39
[2025-10-10 16:40:15] 
[2025-10-10 16:40:15] fa golivianos .jipsl © follow
[2025-10-10 16:40:15] 
[2025-10-10 16:40:15] < > a a
[2025-10-10 16:40:15] 
[2025-10-10 16:40:15] atras adelante alva pestafhas inicio
[2025-10-10 16:40:15] 
[2025-10-10 16:40:15] [INFO] Cerrando pestañas abiertas (fin de iteración)...
[2025-10-10 16:40:15] [INFO] Pestañas cerradas correctamente.
[2025-10-10 16:40:15] [INFO] 'Clear all' (Samsung) pulsado para cerrar las apps recientes.
[2025-10-10 16:40:15] 
[2025-10-10 16:40:15] [ITERACION 44]
[2025-10-10 16:40:15] 
[2025-10-10 16:40:15] [TEST] Instagram Web - Feed loading
[2025-10-10 16:40:15] [OCR] (0.00s): whatsapp
[2025-10-10 16:40:15] 
[2025-10-10 16:40:15] 
[2025-10-10 16:40:15] 
[2025-10-10 16:40:15] [TEST] Instagram Web - Short video playback
[2025-10-10 16:40:15] [OCR] (0.00s): 16:40 ¢ @ © no full
[2025-10-10 16:40:15] 
[2025-10-10 16:40:15] q :
[2025-10-10 16:40:15] 
[2025-10-10 16:40:15] 
[2025-10-10 16:40:15] [OCR] (3.10s): 16:40 ¢ @ © ro hall
[2025-10-10 16:40:15] 
[2025-10-10 16:40:15] q :
[2025-10-10 16:40:15] 
[2025-10-10 16:40:15] 
[2025-10-10 16:40:15] [OCR] (6.08s): 16:40 ¢ @ © no full
[2025-10-10 16:40:15] 
[2025-10-10 16:40:15] q
[2025-10-10 16:40:15] 
[2025-10-10 16:40:15] o
[2025-10-10 16:40:15] ras
[2025-10-10 16:40:15] be&easss b
[2025-10-10 16:40:15] 
[2025-10-10 16:40:15] 
[2025-10-10 16:40:15] [TEST] Facebook Web - Feed loading
[2025-10-10 16:40:15] [OCR] (0.00s): 16:40 ¢ @e nro full
[2025-10-10 16:40:15] 
[2025-10-10 16:40:15] q
[2025-10-10 16:40:15] 
[2025-10-10 16:40:15] < > nr im
[2025-10-10 16:40:15] 
[2025-10-10 16:40:15] atras adelante alva pestafhas inicio
[2025-10-10 16:40:15] 
[2025-10-10 16:40:15] il o <
[2025-10-10 16:40:15] 
[2025-10-10 16:40:15] [OCR] (3.69s): no full
[2025-10-10 16:40:15] 
[2025-10-10 16:42:18] facebook q=
[2025-10-10 16:42:18] a s&s © @ @ b
[2025-10-10 16:42:18] 
[2025-10-10 16:42:18] @ what's on your mind? 2
[2025-10-10 16:42:18] @e photo
[2025-10-10 16:42:18] 
[2025-10-10 16:42:18] create story
[2025-10-10 16:42:18] 
[2025-10-10 16:42:18] _ ganaderos de colombia « follow eco x
[2025-10-10 16:42:18] 23h> ©
[2025-10-10 16:42:18] 
[2025-10-10 16:42:18] casa de campo
[2025-10-10 16:42:18] 
[2025-10-10 16:42:18] country house@
[2025-10-10 16:42:18] translated from spanish
[2025-10-10 16:42:18] 
[2025-10-10 16:42:18] < > a
[2025-10-10 16:42:18] 
[2025-10-10 16:42:18] atras adelante pestafhas inicio
[2025-10-10 16:42:18] 
[2025-10-10 16:42:18] 
[2025-10-10 16:42:18] 
[2025-10-10 16:42:18] [TEST] Facebook Web - Short video playback
[2025-10-10 16:42:18] [OCR] (0.00s): no full
[2025-10-10 16:42:18] 
[2025-10-10 16:42:18] facebook q=
[2025-10-10 16:42:18] a s&s © @ @ b
[2025-10-10 16:42:18] 
[2025-10-10 16:42:18] @ what's on your mind? 2
[2025-10-10 16:42:18] @e photo
[2025-10-10 16:42:18] 
[2025-10-10 16:42:18] create story
[2025-10-10 16:42:18] 
[2025-10-10 16:42:18] _ ganaderos de colombia « follow eco x
[2025-10-10 16:42:18] 23h> ©
[2025-10-10 16:42:18] 
[2025-10-10 16:42:18] casa de campo
[2025-10-10 16:42:18] 
[2025-10-10 16:42:18] country house@
[2025-10-10 16:42:18] translated from spanish
[2025-10-10 16:42:18] 
[2025-10-10 16:42:18] < > a
[2025-10-10 16:42:18] 
[2025-10-10 16:42:18] atras adelante pestafhas inicio
[2025-10-10 16:42:18] 
[2025-10-10 16:42:18] 
[2025-10-10 16:42:18] [INFO] Cerrando pestañas abiertas (fin de iteración)...
[2025-10-10 16:42:18] [INFO] Pestañas cerradas correctamente.
[2025-10-10 16:42:18] [INFO] 'Clear all' (Samsung) pulsado para cerrar las apps recientes.
[2025-10-10 16:42:18] 
[2025-10-10 16:42:18] [ITERACION 45]
[2025-10-10 16:42:18] 
[2025-10-10 16:42:18] [TEST] Instagram Web - Feed loading
[2025-10-10 16:42:18] [OCR] (0.00s): whatsapp
[2025-10-10 16:42:18] 
[2025-10-10 16:42:18] 
[2025-10-10 16:42:18] 
[2025-10-10 16:42:18] [TEST] Instagram Web - Short video playback
[2025-10-10 16:42:18] [OCR] (0.00s): 16:40 ¢ @e nro full
[2025-10-10 16:42:18] 
[2025-10-10 16:42:18] q
[2025-10-10 16:42:18] 
[2025-10-10 16:42:18] from
[2025-10-10 16:42:18] < > an @
[2025-10-10 16:42:18] atras adelante alva pestafhas inicio
[2025-10-10 16:42:18] 
[2025-10-10 16:42:18] il o <
[2025-10-10 16:42:18] 
[2025-10-10 16:42:18] [OCR] (3.14s): 16:40 ¢ @ © ro hall
[2025-10-10 16:42:18] 
[2025-10-10 16:42:18] q :
[2025-10-10 16:42:18] 
[2025-10-10 16:42:18] 
[2025-10-10 16:42:18] [OCR] (6.19s): 16:40 ¢ @e
[2025-10-10 16:42:18] 
[2025-10-10 16:42:18] a a jane21tp - seguir
[2025-10-10 16:42:18] #frasesinspiradoras #frasesbonitas
[2025-10-10 16:42:18] 
[2025-10-10 16:42:18] ff it'sg4b3 - stay
[2025-10-10 16:42:18] 
[2025-10-10 16:42:18] < > nk
[2025-10-10 16:42:18] 
[2025-10-10 16:42:18] atras adelante alva pestanhas
[2025-10-10 16:42:18] 
[2025-10-10 16:42:18] il o <
[2025-10-10 16:42:18] 
[2025-10-10 16:42:18] no full
[2025-10-10 16:42:18] 
[2025-10-10 16:42:18] q :
[2025-10-10 16:42:18] 
[2025-10-10 16:42:18] 2623
[2025-10-10 16:42:18] 
[2025-10-10 16:42:18] eco
[2025-10-10 16:42:18] 
[2025-10-10 16:42:18] a
[2025-10-10 16:42:18] 
[2025-10-10 16:42:18] inicio
[2025-10-10 16:42:18] 
[2025-10-10 16:42:18] 
[2025-10-10 16:42:18] [TEST] Facebook Web - Feed loading
[2025-10-10 16:42:18] [OCR] (0.00s): 16:40 ¢ @e nro full
[2025-10-10 16:42:18] 
[2025-10-10 16:42:18] q
[2025-10-10 16:42:18] 
[2025-10-10 16:42:18] solo quiero que sepas que
[2025-10-10 16:42:18] eres muy importante
[2025-10-10 16:42:18] para mi y que nunca pienses
[2025-10-10 16:42:18] lo contrario, eres lo primero
[2025-10-10 16:42:18] que pienso cuando me
[2025-10-10 16:42:18] levanto y lo ultimo que
[2025-10-10 16:42:18] pienso antes de dormir.
[2025-10-10 16:42:18] ¥
[2025-10-10 16:42:18] 
[2025-10-10 16:42:18] 2623
[2025-10-10 16:42:18] 
[2025-10-10 16:42:18] a jane21tp > seguir
[2025-10-10 16:42:18] 
[2025-10-10 16:42:18] #frasesinspiradoras #frasesbonitas
[2025-10-10 16:42:18] 
[2025-10-10 16:42:18] ff it'sg4b3 - stay
[2025-10-10 16:42:18] < > nw im
[2025-10-10 16:42:18] 
[2025-10-10 16:42:18] atras adelante alva pestafhas inicio
[2025-10-10 16:42:18] 
[2025-10-10 16:42:18] il o <
[2025-10-10 16:42:18] 
[2025-10-10 16:42:18] [OCR] (5.55s): 16:40 ¢ @ no full
[2025-10-10 16:42:18] 
[2025-10-10 16:42:18] q
[2025-10-10 16:42:18] facebook q=
[2025-10-10 16:42:18] ae ss © @ ® gs
[2025-10-10 16:42:18] 
[2025-10-10 16:42:18] @ what's on your mind?
[2025-10-10 16:42:18] photo
[2025-10-10 16:42:18] 
[2025-10-10 16:42:18] create story
[2025-10-10 16:42:18] 
[2025-10-10 16:42:18] .» natur curiosities + follow coo x
[2025-10-10 16:42:18] 19h @
[2025-10-10 16:42:18] 
[2025-10-10 16:42:18] "en lo que pienso todo el dia" & @l}w
[2025-10-10 16:42:18] 
[2025-10-10 16:42:18] "what | think about all day" & @ jw
[2025-10-10 16:42:18] translated from spanish
[2025-10-10 16:42:18] 
[2025-10-10 16:42:18] atras adelante
[2025-10-10 16:42:18] 
[2025-10-10 16:42:18] pestanas ttaltette)
[2025-10-10 16:42:18] 
[2025-10-10 16:42:18] 
[2025-10-10 16:42:18] [TEST] Facebook Web - Short video playback
[2025-10-10 16:42:18] [OCR] (0.00s): 16:40 ¢ @ no full
[2025-10-10 16:42:18] 
[2025-10-10 16:42:18] q
[2025-10-10 16:42:18] facebook q=
[2025-10-10 16:42:18] ae ss © @ ® gs
[2025-10-10 16:42:18] 
[2025-10-10 16:42:18] @ what's on your mind?
[2025-10-10 16:42:18] photo
[2025-10-10 16:42:18] 
[2025-10-10 16:42:18] create story
[2025-10-10 16:42:18] 
[2025-10-10 16:42:18] .» natur curiosities + follow coo x
[2025-10-10 16:42:18] 19h @
[2025-10-10 16:42:18] 
[2025-10-10 16:42:18] "en lo que pienso todo el dia" & @l}w
[2025-10-10 16:42:18] 
[2025-10-10 16:42:18] "what | think about all day" & @ jw
[2025-10-10 16:42:18] translated from spanish
[2025-10-10 16:42:18] 
[2025-10-10 16:42:18] atras adelante
[2025-10-10 16:42:18] 
[2025-10-10 16:42:18] pestanas ttaltette)
[2025-10-10 16:42:18] 
[2025-10-10 16:42:18] [INFO] Cerrando pestañas abiertas (fin de iteración)...
[2025-10-10 16:42:18] [INFO] Pestañas cerradas correctamente.
[2025-10-10 16:42:18] [INFO] 'Clear all' (Samsung) pulsado para cerrar las apps recientes.
[2025-10-10 16:42:18] 
[2025-10-10 16:42:18] [ITERACION 46]
[2025-10-10 16:42:18] 
[2025-10-10 16:42:18] [TEST] Instagram Web - Feed loading
[2025-10-10 16:42:18] [OCR] (0.00s): whatsapp
[2025-10-10 16:42:18] 
[2025-10-10 16:42:18] 
[2025-10-10 16:42:18] 
[2025-10-10 16:42:18] [TEST] Instagram Web - Short video playback
[2025-10-10 16:42:18] [OCR] (0.00s): 16:41 ¢ @@ ko sul a
[2025-10-10 16:42:18] 
[2025-10-10 16:42:18] q :
[2025-10-10 16:42:18] 
[2025-10-10 16:42:18] 
[2025-10-10 16:42:18] [OCR] (2.95s): 16:41 ¢ @ © ro hall
[2025-10-10 16:42:18] 
[2025-10-10 16:42:18] q :
[2025-10-10 16:42:18] 
[2025-10-10 16:42:18] 
[2025-10-10 16:42:18] [OCR] (5.93s): <
[2025-10-10 16:42:18] 
[2025-10-10 16:42:18] o
[2025-10-10 16:42:18] 
[2025-10-10 16:42:18] 
[2025-10-10 16:42:18] [TEST] Facebook Web - Feed loading
[2025-10-10 16:42:18] [OCR] (0.00s): 1641 ¢ @e nro full
[2025-10-10 16:42:18] 
[2025-10-10 16:42:18] q
[2025-10-10 16:42:18] 
[2025-10-10 16:42:18] solo quiero recordarte que
[2025-10-10 16:42:18] eres muy especial para mi y
[2025-10-10 16:42:18] que te quiero mucho.
[2025-10-10 16:42:18] 
[2025-10-10 16:42:18] ae xochddez + seguir <—
[2025-10-10 16:42:18] 
[2025-10-10 16:42:18] #reels
[2025-10-10 16:42:18] 
[2025-10-10 16:42:18] fi lana del rey - brooklyn baby &
[2025-10-10 16:42:18] 
[2025-10-10 16:42:18] < > a a
[2025-10-10 16:42:18] 
[2025-10-10 16:42:18] atras adelante alva pestafhas inicio
[2025-10-10 16:42:18] 
[2025-10-10 16:42:18] il o <
[2025-10-10 16:42:18] 
[2025-10-10 16:42:18] [OCR] (6.04s): no full
[2025-10-10 16:42:18] 
[2025-10-10 16:42:18] facebook q=
[2025-10-10 16:42:18] a sg © @ @ b
[2025-10-10 16:42:18] 
[2025-10-10 16:42:18] @ what's on your mind? 2
[2025-10-10 16:42:18] @e photo
[2025-10-10 16:42:18] 
[2025-10-10 16:42:18] create story
[2025-10-10 16:42:18] 
[2025-10-10 16:42:18] < > a
[2025-10-10 16:42:18] 
[2025-10-10 16:42:18] atras adelante pestafhas inicio
[2025-10-10 16:42:18] 
[2025-10-10 16:42:18] 
[2025-10-10 16:42:18] 
[2025-10-10 16:42:18] [TEST] Facebook Web - Short video playback
[2025-10-10 16:42:18] [OCR] (0.00s): no full
[2025-10-10 16:42:18] 
[2025-10-10 16:42:18] facebook q=
[2025-10-10 16:42:18] a s&s © @ @ b
[2025-10-10 16:42:18] 
[2025-10-10 16:42:18] @ what's on your mind? 2
[2025-10-10 16:42:18] @e photo
[2025-10-10 16:42:18] 
[2025-10-10 16:42:18] create story
[2025-10-10 16:42:18] 
[2025-10-10 16:42:18] planos de casas « follow coo x
[2025-10-10 16:42:18] 6h: ©
[2025-10-10 16:42:18] 
[2025-10-10 16:42:18] mientras algunos piden ayuda, otros crean
[2025-10-10 16:42:18] oportunidades. sé de los segundos.
[2025-10-10 16:42:18] 
[2025-10-10 16:42:18] while some ask for help, others create opportunities. |
[2025-10-10 16:42:18] know about the seconds.
[2025-10-10 16:42:18] 
[2025-10-10 16:42:18] translated from spanish
[2025-10-10 16:42:18] 
[2025-10-10 16:42:18] < > a
[2025-10-10 16:42:18] 
[2025-10-10 16:42:18] atras adelante
[2025-10-10 16:42:18] 
[2025-10-10 16:42:18] pestafhas inicio
[2025-10-10 16:42:18] 
[2025-10-10 16:42:18] 
[2025-10-10 16:42:18] [INFO] Cerrando pestañas abiertas (fin de iteración)...
[2025-10-10 16:42:18] [INFO] Pestañas cerradas correctamente.
[2025-10-10 16:42:18] [INFO] 'Clear all' (Samsung) pulsado para cerrar las apps recientes.
[2025-10-10 16:42:18] 
[2025-10-10 16:42:18] [ITERACION 47]
[2025-10-10 16:42:18] 
[2025-10-10 16:42:18] [TEST] Instagram Web - Feed loading
[2025-10-10 16:42:18] [OCR] (0.00s): whatsapp
[2025-10-10 16:42:18] 
[2025-10-10 16:42:18] 
[2025-10-10 16:42:18] 
[2025-10-10 16:42:18] [TEST] Instagram Web - Short video playback
[2025-10-10 16:42:18] [OCR] (0.00s): 16:42 ¢ @@ no full
[2025-10-10 16:42:18] 
[2025-10-10 16:42:18] q :
[2025-10-10 16:42:18] 
[2025-10-10 16:42:18] 
[2025-10-10 16:42:18] [OCR] (3.06s): 1642 ¢ @ © ro hall
[2025-10-10 16:42:18] 
[2025-10-10 16:42:18] q :
[2025-10-10 16:42:18] 
[2025-10-10 16:42:18] 
[2025-10-10 16:42:18] [OCR] (5.98s): <
[2025-10-10 16:42:18] 
[2025-10-10 16:42:18] o
[2025-10-10 16:42:18] 
[2025-10-10 16:42:18] 
[2025-10-10 16:42:18] [TEST] Facebook Web - Feed loading
[2025-10-10 16:42:18] [OCR] (0.00s): 16:42 ¢ @ ® nro full
[2025-10-10 16:42:18] 
[2025-10-10 16:42:18] q
[2025-10-10 16:42:18] 
[2025-10-10 16:42:18] cuando no tengas a nadie
[2025-10-10 16:42:18] acuerdate que te prometi
[2025-10-10 16:42:18] que siempre
[2025-10-10 16:42:18] - iba a estar para ti pase lo
[2025-10-10 16:42:18] que pase.
[2025-10-10 16:42:18] 
[2025-10-10 16:42:18] ~ dedicaselo & . (sigueme para mas contenido [' ... ma
[2025-10-10 16:42:18] 
[2025-10-10 16:42:18] fi fer_lesma - audio original
[2025-10-10 16:42:18] 
[2025-10-10 16:42:18] < >
[2025-10-10 16:42:18] 
[2025-10-10 16:42:18] atras adelante pestanhas
[2025-10-10 16:42:18] 
[2025-10-10 16:42:18] il <
[2025-10-10 16:42:18] 
[2025-10-10 16:44:32] [OCR] (5.80s): no full
[2025-10-10 16:44:32] 
[2025-10-10 16:44:32] facebook q=
[2025-10-10 16:44:32] a sg © @ @ b
[2025-10-10 16:44:32] 
[2025-10-10 16:44:32] @ what's on your mind? 2
[2025-10-10 16:44:32] @e photo
[2025-10-10 16:44:32] 
[2025-10-10 16:44:32] create story
[2025-10-10 16:44:32] 
[2025-10-10 16:44:32] < > a
[2025-10-10 16:44:32] 
[2025-10-10 16:44:32] atras adelante pestafhas inicio
[2025-10-10 16:44:32] 
[2025-10-10 16:44:32] 
[2025-10-10 16:44:32] 
[2025-10-10 16:44:32] [TEST] Facebook Web - Short video playback
[2025-10-10 16:44:32] [OCR] (0.00s): no full
[2025-10-10 16:44:32] 
[2025-10-10 16:44:32] facebook q=
[2025-10-10 16:44:32] a sg © @ @ b
[2025-10-10 16:44:32] 
[2025-10-10 16:44:32] @ what's on your mind? 2
[2025-10-10 16:44:32] @e photo
[2025-10-10 16:44:32] 
[2025-10-10 16:44:32] create story
[2025-10-10 16:44:32] 
[2025-10-10 16:44:32] < > a
[2025-10-10 16:44:32] 
[2025-10-10 16:44:32] atras adelante pestafhas inicio
[2025-10-10 16:44:32] 
[2025-10-10 16:44:32] 
[2025-10-10 16:44:32] [OCR] (3.39s): 16:42 ¢ @ ® nro full
[2025-10-10 16:44:32] 
[2025-10-10 16:44:32] q
[2025-10-10 16:44:32] 
[2025-10-10 16:44:32] ee carrereros del. sureste © follow
[2025-10-10 16:44:32] 
[2025-10-10 16:44:32] < > a
[2025-10-10 16:44:32] 
[2025-10-10 16:44:32] atras adelante alva pestanhas inicio
[2025-10-10 16:44:32] 
[2025-10-10 16:44:32] 
[2025-10-10 16:44:32] [INFO] Cerrando pestañas abiertas (fin de iteración)...
[2025-10-10 16:44:32] [INFO] Pestañas cerradas correctamente.
[2025-10-10 16:44:32] [INFO] 'Clear all' (Samsung) pulsado para cerrar las apps recientes.
[2025-10-10 16:44:32] 
[2025-10-10 16:44:32] [ITERACION 48]
[2025-10-10 16:44:32] 
[2025-10-10 16:44:32] [TEST] Instagram Web - Feed loading
[2025-10-10 16:44:32] [OCR] (0.00s): 1642 ¢ @@ nro full
[2025-10-10 16:44:32] 
[2025-10-10 16:44:32] @ buscar o escribir url
[2025-10-10 16:44:32] 
[2025-10-10 16:44:32] a a rn (0) oo
[2025-10-10 16:44:32] 
[2025-10-10 16:44:32] perfil alva pestanas apps
[2025-10-10 16:44:32] 
[2025-10-10 16:44:32] iii o <
[2025-10-10 16:44:32] 
[2025-10-10 16:44:32] [OCR] (5.35s): 1642 ¢ @@ nro full
[2025-10-10 16:44:32] 
[2025-10-10 16:44:32] q
[2025-10-10 16:44:32] 
[2025-10-10 16:44:32] < > nr im
[2025-10-10 16:44:32] 
[2025-10-10 16:44:32] atras adelante alva pestafhas inicio
[2025-10-10 16:44:32] 
[2025-10-10 16:44:32] il o <
[2025-10-10 16:44:32] 
[2025-10-10 16:44:32] 
[2025-10-10 16:44:32] [TEST] Instagram Web - Short video playback
[2025-10-10 16:44:32] [OCR] (0.00s): no full
[2025-10-10 16:44:32] 
[2025-10-10 16:44:32] < > a
[2025-10-10 16:44:32] 
[2025-10-10 16:44:32] atras adelante pestafhas inicio
[2025-10-10 16:44:32] 
[2025-10-10 16:44:32] 
[2025-10-10 16:44:32] [OCR] (2.91s): 1642 ¢ @ © ro hall
[2025-10-10 16:44:32] 
[2025-10-10 16:44:32] q :
[2025-10-10 16:44:32] 
[2025-10-10 16:44:32] 
[2025-10-10 16:44:32] [OCR] (6.09s): 16:42 ¢ @@ no full
[2025-10-10 16:44:32] 
[2025-10-10 16:44:32] q :
[2025-10-10 16:44:32] 
[2025-10-10 16:44:32] 
[2025-10-10 16:44:32] 
[2025-10-10 16:44:32] [TEST] Facebook Web - Feed loading
[2025-10-10 16:44:32] [OCR] (0.00s): 16:42 ¢ @@ nro full
[2025-10-10 16:44:32] 
[2025-10-10 16:44:32] q
[2025-10-10 16:44:32] 
[2025-10-10 16:44:32] "s = i ;
[2025-10-10 16:44:32] ,
[2025-10-10 16:44:32] ce roos.1978 * seguir
[2025-10-10 16:44:32] 
[2025-10-10 16:44:32] ro = =
[2025-10-10 16:44:32] of libro: “ojos calor sol” disponible en ama: ... mas
[2025-10-10 16:44:32] ha i z
[2025-10-10 16:44:32] 
[2025-10-10 16:44:32] fi gregory alan isakov - sweet heat lightning | i
[2025-10-10 16:44:32] < > an a
[2025-10-10 16:44:32] 
[2025-10-10 16:44:32] atras adelante alva pestanhas inicio
[2025-10-10 16:44:32] 
[2025-10-10 16:44:32] hi o <
[2025-10-10 16:44:32] 
[2025-10-10 16:44:32] [OCR] (6.04s): no full
[2025-10-10 16:44:32] 
[2025-10-10 16:44:32] facebook q=
[2025-10-10 16:44:32] a sg © @ @ b
[2025-10-10 16:44:32] 
[2025-10-10 16:44:32] @ what's on your mind? 2
[2025-10-10 16:44:32] @e
[2025-10-10 16:44:32] 
[2025-10-10 16:44:32] create story
[2025-10-10 16:44:32] 
[2025-10-10 16:44:32] dream house story : gav.. ° follow sss x
[2025-10-10 16:44:32] reels > sep3- @
[2025-10-10 16:44:32] 
[2025-10-10 16:44:32] little house in my dreams
[2025-10-10 16:44:32] 
[2025-10-10 16:44:32] < >
[2025-10-10 16:44:32] 
[2025-10-10 16:44:32] atras adelante
[2025-10-10 16:44:32] 
[2025-10-10 16:44:32] pestafhas inicio
[2025-10-10 16:44:32] 
[2025-10-10 16:44:32] 
[2025-10-10 16:44:32] 
[2025-10-10 16:44:32] [TEST] Facebook Web - Short video playback
[2025-10-10 16:44:32] [OCR] (0.00s): 1643 ¢ @@ nro full
[2025-10-10 16:44:32] 
[2025-10-10 16:44:32] q
[2025-10-10 16:44:32] 
[2025-10-10 16:44:32] < > nr im
[2025-10-10 16:44:32] 
[2025-10-10 16:44:32] atras adelante alva pestafhas inicio
[2025-10-10 16:44:32] 
[2025-10-10 16:44:32] [OCR] (3.32s): 16:43 ¢ @ nro full
[2025-10-10 16:44:32] 
[2025-10-10 16:44:32] < reels q @
[2025-10-10 16:44:32] 
[2025-10-10 16:44:32] @« tap to unmute
[2025-10-10 16:44:32] 
[2025-10-10 16:44:32] o
[2025-10-10 16:44:32] 
[2025-10-10 16:44:32] imme wnnudoe © | follow 199
[2025-10-10 16:44:32] 
[2025-10-10 16:44:32] < > nr im
[2025-10-10 16:44:32] 
[2025-10-10 16:44:32] atras adelante alva pestafhas inicio
[2025-10-10 16:44:32] 
[2025-10-10 16:44:32] [INFO] Cerrando pestañas abiertas (fin de iteración)...
[2025-10-10 16:44:32] [INFO] Pestañas cerradas correctamente.
[2025-10-10 16:44:32] [INFO] 'Clear all' (Samsung) pulsado para cerrar las apps recientes.
[2025-10-10 16:44:32] 
[2025-10-10 16:44:32] [ITERACION 49]
[2025-10-10 16:44:32] 
[2025-10-10 16:44:32] [TEST] Instagram Web - Feed loading
[2025-10-10 16:44:32] [OCR] (0.00s): whatsapp
[2025-10-10 16:44:32] 
[2025-10-10 16:44:32] 
[2025-10-10 16:44:32] 
[2025-10-10 16:44:32] [TEST] Instagram Web - Short video playback
[2025-10-10 16:44:32] [OCR] (0.00s): 1643 ¢ @@ nro full
[2025-10-10 16:44:32] 
[2025-10-10 16:44:32] q
[2025-10-10 16:44:32] 
[2025-10-10 16:44:32] from
[2025-10-10 16:44:32] < > an @
[2025-10-10 16:44:32] atras adelante alva pestafhas inicio
[2025-10-10 16:44:32] 
[2025-10-10 16:44:32] il o <
[2025-10-10 16:44:32] 
[2025-10-10 16:44:32] [OCR] (3.17s): 16:43 ¢ @ © ro hall
[2025-10-10 16:44:32] 
[2025-10-10 16:44:32] q :
[2025-10-10 16:44:32] 
[2025-10-10 16:44:32] 
[2025-10-10 16:44:32] [OCR] (6.06s): 16:43 ¢ @ © no full
[2025-10-10 16:44:32] 
[2025-10-10 16:44:32] q :
[2025-10-10 16:44:32] 
[2025-10-10 16:44:32] 
[2025-10-10 16:44:32] 
[2025-10-10 16:44:32] [TEST] Facebook Web - Feed loading
[2025-10-10 16:44:32] [OCR] (0.00s): 16:43 ¢ @ © kos ull i
[2025-10-10 16:44:32] 
[2025-10-10 16:44:32] q 3
[2025-10-10 16:44:32] éme tienes a mi, sabes? - ;
[2025-10-10 16:44:32] no soy la grancosapero _ —
[2025-10-10 16:44:32] siempre voy a estar para ti-
[2025-10-10 16:44:32] 
[2025-10-10 16:44:32] @ js._jere - seguir
[2025-10-10 16:44:32] .-<jss>...&
[2025-10-10 16:44:32] fl js._jere - audio original a
[2025-10-10 16:44:32] ‘ ? a @
[2025-10-10 16:44:32] atras adelante alva pestafhas inicio
[2025-10-10 16:44:32] 
[2025-10-10 16:44:32] ui o y
[2025-10-10 16:44:32] 
[2025-10-10 16:44:32] [OCR] (5.60s): 16:43 ¢ @
[2025-10-10 16:44:32] 
[2025-10-10 16:44:32] no full
[2025-10-10 16:44:32] 
[2025-10-10 16:44:32] facebook q=
[2025-10-10 16:44:32] a sg © @ @ b
[2025-10-10 16:44:32] 
[2025-10-10 16:44:32] @ what's on your mind?
[2025-10-10 16:44:32] bs
[2025-10-10 16:44:32] 
[2025-10-10 16:44:32] photo
[2025-10-10 16:44:32] create story
[2025-10-10 16:44:32] irais alarcon + follow eco x
[2025-10-10 16:44:32] 
[2025-10-10 16:44:32] 5h: ©
[2025-10-10 16:44:32] 
[2025-10-10 16:44:32] atras adelante
[2025-10-10 16:44:32] 
[2025-10-10 16:44:32] pestafhas inicio
[2025-10-10 16:44:32] 
[2025-10-10 16:44:32] 
[2025-10-10 16:44:32] [TEST] Facebook Web - Short video playback
[2025-10-10 16:44:32] [OCR] (0.00s): 16:43 ¢ @
[2025-10-10 16:44:32] 
[2025-10-10 16:44:32] no full
[2025-10-10 16:44:32] 
[2025-10-10 16:44:32] facebook q=
[2025-10-10 16:44:32] a sg © @ @ b
[2025-10-10 16:44:32] 
[2025-10-10 16:44:32] @ what's on your mind?
[2025-10-10 16:44:32] bs
[2025-10-10 16:44:32] 
[2025-10-10 16:44:32] photo
[2025-10-10 16:44:32] create story
[2025-10-10 16:44:32] irais alarcon + follow eco x
[2025-10-10 16:44:32] 
[2025-10-10 16:44:32] 5h: ©
[2025-10-10 16:44:32] 
[2025-10-10 16:44:32] atras adelante
[2025-10-10 16:44:32] 
[2025-10-10 16:44:32] pestafhas inicio
[2025-10-10 16:44:32] 
[2025-10-10 16:44:32] [INFO] Cerrando pestañas abiertas (fin de iteración)...
[2025-10-10 16:44:32] [INFO] Pestañas cerradas correctamente.
[2025-10-10 16:44:32] [INFO] 'Clear all' (Samsung) pulsado para cerrar las apps recientes.
[2025-10-10 16:44:32] 
[2025-10-10 16:44:32] [ITERACION 50]
[2025-10-10 16:44:32] 
[2025-10-10 16:44:32] [TEST] Instagram Web - Feed loading
[2025-10-10 16:44:32] [OCR] (0.00s): whatsapp
[2025-10-10 16:44:32] 
[2025-10-10 16:44:32] 
[2025-10-10 16:44:32] 
[2025-10-10 16:44:32] [TEST] Instagram Web - Short video playback
[2025-10-10 16:44:32] [OCR] (0.00s): 1644 ¢@e nro full
[2025-10-10 16:44:32] 
[2025-10-10 16:44:32] q
[2025-10-10 16:44:32] 
[2025-10-10 16:44:32] from
[2025-10-10 16:44:32] < > an @
[2025-10-10 16:44:32] atras adelante alva pestafhas inicio
[2025-10-10 16:44:32] 
[2025-10-10 16:44:32] il o <
[2025-10-10 16:44:32] 
[2025-10-10 16:44:32] [OCR] (3.33s): 16:44 ¢ @ © ro hall
[2025-10-10 16:44:32] 
[2025-10-10 16:44:32] q :
[2025-10-10 16:44:32] 
[2025-10-10 16:44:32] 
[2025-10-10 16:44:32] [OCR] (6.23s): 16:44 ¢ @@ ko sul a
[2025-10-10 16:44:32] 
[2025-10-10 16:44:32] q :
[2025-10-10 16:44:32] 
[2025-10-10 16:44:32] 
[2025-10-10 16:44:32] 
[2025-10-10 16:44:32] [TEST] Facebook Web - Feed loading
[2025-10-10 16:44:32] [OCR] (0.00s): 1644 ¢@e nro full
[2025-10-10 16:44:32] 
[2025-10-10 16:44:32] q
[2025-10-10 16:44:32] 
[2025-10-10 16:44:32] mi momento favorito siempre
[2025-10-10 16:44:32] sera cuando estoy'contigo
[2025-10-10 16:44:32] aunque sean solo smminutos!
[2025-10-10 16:44:32] -
[2025-10-10 16:44:32] 
[2025-10-10 16:44:32] v
[2025-10-10 16:44:32] 
[2025-10-10 16:44:32] ”
[2025-10-10 16:44:32] 
[2025-10-10 16:44:32] } imnot_yanee + seguir
[2025-10-10 16:44:32] 
[2025-10-10 16:44:32] o #reels #reelitfeelit #viralreels #viralvideos ...
[2025-10-10 16:44:32] 
[2025-10-10 16:44:32] coe
[2025-10-10 16:44:32] 
[2025-10-10 16:44:32] mas
[2025-10-10 16:44:32] 
[2025-10-10 16:44:32] £2 kevin kaarl - me va a costar
[2025-10-10 16:44:32] 
[2025-10-10 16:44:32] ho
[2025-10-10 16:44:32] 
[2025-10-10 16:44:32] < > nr im
[2025-10-10 16:44:32] 
[2025-10-10 16:44:32] atras adelante alva pestafhas inicio
[2025-10-10 16:44:32] 
[2025-10-10 16:44:32] il o <
[2025-10-10 16:44:32] 
[2025-10-10 16:44:32] [OCR] (6.49s): 1644 ¢ no full
[2025-10-10 16:44:32] 
[2025-10-10 16:44:32] q
[2025-10-10 16:44:32] facebook q=
[2025-10-10 16:44:32] ae ss © @ ® gs
[2025-10-10 16:44:32] 
[2025-10-10 16:44:32] @ what's on your mind?
[2025-10-10 16:44:32] photo
[2025-10-10 16:44:32] 
[2025-10-10 16:44:32] create story
[2025-10-10 16:44:32] 
[2025-10-10 16:44:32] .» natur curiosities + follow coo x
[2025-10-10 16:44:32] 19h @
[2025-10-10 16:44:32] 
[2025-10-10 16:44:32] "en lo que pienso todo el dia" & @l}w
[2025-10-10 16:44:32] 
[2025-10-10 16:44:32] "what | think about all day" & @ jw
[2025-10-10 16:46:52] translated from spanish
[2025-10-10 16:46:52] 
[2025-10-10 16:46:52] atras adelante
[2025-10-10 16:46:52] 
[2025-10-10 16:46:52] pestanas ttaltette)
[2025-10-10 16:46:52] 
[2025-10-10 16:46:52] 
[2025-10-10 16:46:52] [TEST] Facebook Web - Short video playback
[2025-10-10 16:46:52] [OCR] (0.00s): 16:44 ¢ @
[2025-10-10 16:46:52] 
[2025-10-10 16:46:52] facebook q=
[2025-10-10 16:46:52] a ss: © @® @ 8b
[2025-10-10 16:46:52] 
[2025-10-10 16:46:52] @ what's on your mind?
[2025-10-10 16:46:52] photo
[2025-10-10 16:46:52] 
[2025-10-10 16:46:52] create story
[2025-10-10 16:46:52] 
[2025-10-10 16:46:52] .» natur curiosities + follow coo x
[2025-10-10 16:46:52] 19h @
[2025-10-10 16:46:52] 
[2025-10-10 16:46:52] "en lo que pienso todo el dia" & @l}w
[2025-10-10 16:46:52] 
[2025-10-10 16:46:52] "what | think about all day" & @ jw
[2025-10-10 16:46:52] translated from spanish
[2025-10-10 16:46:52] 
[2025-10-10 16:46:52] atras adelante pestafhas inicio
[2025-10-10 16:46:52] 
[2025-10-10 16:46:52] 
[2025-10-10 16:46:52] [INFO] Cerrando pestañas abiertas (fin de iteración)...
[2025-10-10 16:46:52] [INFO] Pestañas cerradas correctamente.
[2025-10-10 16:46:52] [INFO] 'Clear all' (Samsung) pulsado para cerrar las apps recientes.
[2025-10-10 16:46:52] 
[2025-10-10 16:46:52] [ITERACION 51]
[2025-10-10 16:46:52] 
[2025-10-10 16:46:52] [TEST] Instagram Web - Feed loading
[2025-10-10 16:46:52] [OCR] (0.00s): whatsapp
[2025-10-10 16:46:52] 
[2025-10-10 16:46:52] 
[2025-10-10 16:46:52] 
[2025-10-10 16:46:52] [TEST] Instagram Web - Short video playback
[2025-10-10 16:46:52] [OCR] (0.00s): 16:44 ¢ @@ ko sul a
[2025-10-10 16:46:52] 
[2025-10-10 16:46:52] q :
[2025-10-10 16:46:52] 
[2025-10-10 16:46:52] 
[2025-10-10 16:46:52] [OCR] (2.93s): 1645 ¢ @ © ro hall
[2025-10-10 16:46:52] 
[2025-10-10 16:46:52] q :
[2025-10-10 16:46:52] 
[2025-10-10 16:46:52] 
[2025-10-10 16:46:52] [OCR] (5.94s): 1645 ¢ @o ko sul a
[2025-10-10 16:46:52] 
[2025-10-10 16:46:52] q
[2025-10-10 16:46:52] 
[2025-10-10 16:46:52] o
[2025-10-10 16:46:52] ras
[2025-10-10 16:46:52] bsbe&eases b
[2025-10-10 16:46:52] 
[2025-10-10 16:46:52] 
[2025-10-10 16:46:52] [TEST] Facebook Web - Feed loading
[2025-10-10 16:46:52] [OCR] (0.00s): 16:45 ¢ @ ©
[2025-10-10 16:46:52] 
[2025-10-10 16:46:52] si tengo que esperar
[2025-10-10 16:46:52] para estar contigo,
[2025-10-10 16:46:52] contaré !os dias, las
[2025-10-10 16:46:52] 
[2025-10-10 16:46:52] semanas y 1eses,
[2025-10-10 16:46:52] porque yo s' ro algo
[2025-10-10 16:46:52] 
[2025-10-10 16:46:52] unico contigo.
[2025-10-10 16:46:52] 
[2025-10-10 16:46:52] taylor_troste + seguir
[2025-10-10 16:46:52] 
[2025-10-10 16:46:52] we
[2025-10-10 16:46:52] 
[2025-10-10 16:46:52] solo contigo >> + 2% vee mas
[2025-10-10 16:46:52] 
[2025-10-10 16:46:52] fa taylor_troste - audio original
[2025-10-10 16:46:52] 
[2025-10-10 16:46:52] < > a
[2025-10-10 16:46:52] 
[2025-10-10 16:46:52] x
[2025-10-10 16:46:52] 
[2025-10-10 16:46:52] atras adelante alva pestanhas
[2025-10-10 16:46:52] 
[2025-10-10 16:46:52] il o
[2025-10-10 16:46:52] 
[2025-10-10 16:46:52] <
[2025-10-10 16:46:52] 
[2025-10-10 16:46:52] q
[2025-10-10 16:46:52] 
[2025-10-10 16:46:52] + ull
[2025-10-10 16:46:52] 
[2025-10-10 16:46:52] h:
[2025-10-10 16:46:52] vt
[2025-10-10 16:46:52] 
[2025-10-10 16:46:52] 337 mil
[2025-10-10 16:46:52] 
[2025-10-10 16:46:52] 
[2025-10-10 16:46:52] [OCR] (5.60s): no full
[2025-10-10 16:46:52] 
[2025-10-10 16:46:52] facebook q=
[2025-10-10 16:46:52] ® ss ©® @ a b
[2025-10-10 16:46:52] 
[2025-10-10 16:46:52] @ what's on your mind? 2
[2025-10-10 16:46:52] @e photo
[2025-10-10 16:46:52] 
[2025-10-10 16:46:52] < > a
[2025-10-10 16:46:52] 
[2025-10-10 16:46:52] atras adelante pestafhas inicio
[2025-10-10 16:46:52] 
[2025-10-10 16:46:52] 
[2025-10-10 16:46:52] 
[2025-10-10 16:46:52] [TEST] Facebook Web - Short video playback
[2025-10-10 16:46:52] [OCR] (0.00s): no full
[2025-10-10 16:46:52] 
[2025-10-10 16:46:52] facebook q=
[2025-10-10 16:46:52] ® ss ©® @ a b
[2025-10-10 16:46:52] 
[2025-10-10 16:46:52] @ what's on your mind? 2
[2025-10-10 16:46:52] @e photo
[2025-10-10 16:46:52] 
[2025-10-10 16:46:52] < > a
[2025-10-10 16:46:52] 
[2025-10-10 16:46:52] atras adelante pestafhas inicio
[2025-10-10 16:46:52] 
[2025-10-10 16:46:52] 
[2025-10-10 16:46:52] [OCR] (3.34s): 1645 ¢ @e nro full
[2025-10-10 16:46:52] 
[2025-10-10 16:46:52] q
[2025-10-10 16:46:52] 
[2025-10-10 16:46:52] < > nr im
[2025-10-10 16:46:52] 
[2025-10-10 16:46:52] atras adelante alva pestafhas inicio
[2025-10-10 16:46:52] 
[2025-10-10 16:46:52] il o <
[2025-10-10 16:46:52] 
[2025-10-10 16:46:52] [OCR] (6.37s): no full
[2025-10-10 16:46:52] 
[2025-10-10 16:46:52] < > a
[2025-10-10 16:46:52] 
[2025-10-10 16:46:52] atras adelante pestafhas inicio
[2025-10-10 16:46:52] 
[2025-10-10 16:46:52] 
[2025-10-10 16:46:52] [INFO] Cerrando pestañas abiertas (fin de iteración)...
[2025-10-10 16:46:52] [INFO] Pestañas cerradas correctamente.
[2025-10-10 16:46:52] [INFO] 'Clear all' (Samsung) pulsado para cerrar las apps recientes.
[2025-10-10 16:46:52] 
[2025-10-10 16:46:52] [ITERACION 52]
[2025-10-10 16:46:52] 
[2025-10-10 16:46:52] [TEST] Instagram Web - Feed loading
[2025-10-10 16:46:52] [OCR] (0.00s): 1645 ¢ @e nro full
[2025-10-10 16:46:52] 
[2025-10-10 16:46:52] @ buscar o escribir url
[2025-10-10 16:46:52] 
[2025-10-10 16:46:52] a a rn (0) oo
[2025-10-10 16:46:52] 
[2025-10-10 16:46:52] perfil alva pestanas apps
[2025-10-10 16:46:52] 
[2025-10-10 16:46:52] iii o <
[2025-10-10 16:46:52] 
[2025-10-10 16:46:52] [OCR] (5.76s): no full
[2025-10-10 16:46:52] 
[2025-10-10 16:46:52] < > a
[2025-10-10 16:46:52] 
[2025-10-10 16:46:52] atras adelante pestafhas inicio
[2025-10-10 16:46:52] 
[2025-10-10 16:46:52] 
[2025-10-10 16:46:52] 
[2025-10-10 16:46:52] [TEST] Instagram Web - Short video playback
[2025-10-10 16:46:52] [OCR] (0.00s): 1645 ¢ @o ko sul a
[2025-10-10 16:46:52] 
[2025-10-10 16:46:52] q :
[2025-10-10 16:46:52] 
[2025-10-10 16:46:52] 
[2025-10-10 16:46:52] [OCR] (3.61s): 1645 ¢ @ © ro hall
[2025-10-10 16:46:52] 
[2025-10-10 16:46:52] q :
[2025-10-10 16:46:52] 
[2025-10-10 16:46:52] 
[2025-10-10 16:46:52] [OCR] (6.56s): 1645 ¢ @o ko sul a
[2025-10-10 16:46:52] 
[2025-10-10 16:46:52] q
[2025-10-10 16:46:52] 
[2025-10-10 16:46:52] o
[2025-10-10 16:46:52] ras
[2025-10-10 16:46:52] bsbe&eases b
[2025-10-10 16:46:52] 
[2025-10-10 16:46:52] 
[2025-10-10 16:46:52] [TEST] Facebook Web - Feed loading
[2025-10-10 16:46:52] [OCR] (0.00s): 1645 ¢ @e nro full
[2025-10-10 16:46:52] 
[2025-10-10 16:46:52] ef § le bs fo a
[2025-10-10 16:46:52] zi ew, <=
[2025-10-10 16:46:52] £1 jomi.xv - audio original hy
[2025-10-10 16:46:52] < > a
[2025-10-10 16:46:52] atras adelante alva pestafhas inicio
[2025-10-10 16:46:52] 
[2025-10-10 16:46:52] il o <
[2025-10-10 16:46:52] 
[2025-10-10 16:46:52] [OCR] (5.57s): no full
[2025-10-10 16:46:52] 
[2025-10-10 16:46:52] facebook q=
[2025-10-10 16:46:52] a sg © @ @ b
[2025-10-10 16:46:52] 
[2025-10-10 16:46:52] @ what's on your mind? 2
[2025-10-10 16:46:52] @e photo
[2025-10-10 16:46:52] 
[2025-10-10 16:46:52] create story
[2025-10-10 16:46:52] 
[2025-10-10 16:46:52] planos de casas « follow coo x
[2025-10-10 16:46:52] 4d+ ©
[2025-10-10 16:46:52] 
[2025-10-10 16:46:52] “la belleza esta en lo natural.”
[2025-10-10 16:46:52] 
[2025-10-10 16:46:52] 2 “beauty is in the natural. ”
[2025-10-10 16:46:52] translated from spanish
[2025-10-10 16:46:52] 
[2025-10-10 16:46:52] < >
[2025-10-10 16:46:52] 
[2025-10-10 16:46:52] atras adelante
[2025-10-10 16:46:52] 
[2025-10-10 16:46:52] pestafhas inicio
[2025-10-10 16:46:52] 
[2025-10-10 16:46:52] 
[2025-10-10 16:46:52] [TEST] Facebook Web - Short video playback
[2025-10-10 16:46:52] [OCR] (0.00s): 16:46 ¢ @@ nro full
[2025-10-10 16:46:52] 
[2025-10-10 16:46:52] q
[2025-10-10 16:46:52] 
[2025-10-10 16:46:52] < > nr im
[2025-10-10 16:46:52] 
[2025-10-10 16:46:52] atras adelante alva pestafhas inicio
[2025-10-10 16:46:52] 
[2025-10-10 16:46:52] il o <
[2025-10-10 16:46:52] 
[2025-10-10 16:46:52] [OCR] (3.48s): 16:46 ¢ @ nro full
[2025-10-10 16:46:52] 
[2025-10-10 16:46:52] < reels q @
[2025-10-10 16:46:52] 
[2025-10-10 16:46:52] @« tap to unmute
[2025-10-10 16:46:52] 
[2025-10-10 16:46:52] fr owoowooficial. ©
[2025-10-10 16:46:52] 
[2025-10-10 16:46:52] < > nr im
[2025-10-10 16:46:52] 
[2025-10-10 16:46:52] atras adelante alva pestafhas inicio
[2025-10-10 16:46:52] 
[2025-10-10 16:46:52] [INFO] Cerrando pestañas abiertas (fin de iteración)...
[2025-10-10 16:46:52] [INFO] Pestañas cerradas correctamente.
[2025-10-10 16:46:52] [INFO] 'Clear all' (Samsung) pulsado para cerrar las apps recientes.
[2025-10-10 16:46:52] 
[2025-10-10 16:46:52] [ITERACION 53]
[2025-10-10 16:46:52] 
[2025-10-10 16:46:52] [TEST] Instagram Web - Feed loading
[2025-10-10 16:46:52] [OCR] (0.00s): whatsapp
[2025-10-10 16:46:52] 
[2025-10-10 16:46:52] 
[2025-10-10 16:46:52] 
[2025-10-10 16:46:52] [TEST] Instagram Web - Short video playback
[2025-10-10 16:46:52] [OCR] (0.00s): 16:46 ¢ @@ nro full
[2025-10-10 16:46:52] 
[2025-10-10 16:46:52] q
[2025-10-10 16:46:52] 
[2025-10-10 16:46:52] from
[2025-10-10 16:46:52] < > an @
[2025-10-10 16:46:52] atras adelante alva pestafhas inicio
[2025-10-10 16:46:52] 
[2025-10-10 16:46:52] il o <
[2025-10-10 16:46:52] 
[2025-10-10 16:46:52] [OCR] (3.33s): 16:46 ¢ @ © ro hall
[2025-10-10 16:46:52] 
[2025-10-10 16:46:52] q :
[2025-10-10 16:46:52] 
[2025-10-10 16:46:52] 
[2025-10-10 16:46:52] [OCR] (6.66s): 16:46 ¢ @ © nro sul
[2025-10-10 16:46:52] 
[2025-10-10 16:46:52] q
[2025-10-10 16:46:52] 
[2025-10-10 16:46:52] o
[2025-10-10 16:46:52] ras
[2025-10-10 16:46:52] bsbe&eases b
[2025-10-10 16:46:52] 
[2025-10-10 16:46:52] 
[2025-10-10 16:46:52] [TEST] Facebook Web - Feed loading
[2025-10-10 16:46:52] [OCR] (0.00s): 16:46 ¢ @@ nro full
[2025-10-10 16:46:52] 
[2025-10-10 16:46:52] q
[2025-10-10 16:46:52] 
[2025-10-10 16:46:52] espero haberte hecho tan
[2025-10-10 16:46:52] feliz, que cada que te
[2025-10-10 16:46:52] acuerdes de mi, sonrias.
[2025-10-10 16:46:52] 
[2025-10-10 16:46:52] 235 mil
[2025-10-10 16:46:52] 
[2025-10-10 16:46:52] a david_21_ef * seguir _
[2025-10-10 16:46:52] 
[2025-10-10 16:46:52] £1 david_21_ef - audio original ey
[2025-10-10 16:46:52] < > ms 9 im
[2025-10-10 16:46:52] atras adelante alva pestafhas inicio
[2025-10-10 16:46:52] 
[2025-10-10 16:46:52] il o <
[2025-10-10 16:46:52] 
[2025-10-10 16:46:52] [OCR] (6.16s): no full
[2025-10-10 16:46:52] 
[2025-10-10 16:46:52] q
[2025-10-10 16:46:52] facebook qe=
[2025-10-10 16:46:52] as © © @ 8
[2025-10-10 16:46:52] @ what's on your mind? 2
[2025-10-10 16:46:52] 
[2025-10-10 16:46:52] create story
[2025-10-10 16:46:52] 
[2025-10-10 16:46:52] opinion bolivia + follow ooo x
[2025-10-10 16:46:52] 2h: ©
[2025-10-10 16:46:52] 
[2025-10-10 16:46:52] golazo de robson matheus la verde vencio a
[2025-10-10 16:46:52] la mundialista jordania (1-0).
[2025-10-10 16:46:52] 
[2025-10-10 16:46:52] goal by robson matheus, the verde beat the
[2025-10-10 16:46:52] world team jordan (1-0).
[2025-10-10 16:46:52] translated from spanish
[2025-10-10 16:46:52] 
[2025-10-10 16:46:52] el lider de los deportes
[2025-10-10 16:46:52] 2h: ©
[2025-10-10 16:46:52] 
[2025-10-10 16:49:01] s29 #laultima | jiijgano bolivia!!! con
[2025-10-10 16:49:01] 
[2025-10-10 16:49:01] <
[2025-10-10 16:49:01] 
[2025-10-10 16:49:01] atras adelante pestafhas inicio
[2025-10-10 16:49:01] 
[2025-10-10 16:49:01] 
[2025-10-10 16:49:01] 
[2025-10-10 16:49:01] [TEST] Facebook Web - Short video playback
[2025-10-10 16:49:01] [OCR] (0.00s): no full
[2025-10-10 16:49:01] 
[2025-10-10 16:49:01] q
[2025-10-10 16:49:01] facebook qe=
[2025-10-10 16:49:01] as © © @ 8
[2025-10-10 16:49:01] @ what's on your mind? 2
[2025-10-10 16:49:01] 
[2025-10-10 16:49:01] create story
[2025-10-10 16:49:01] 
[2025-10-10 16:49:01] opinion bolivia + follow ooo x
[2025-10-10 16:49:01] 2h: ©
[2025-10-10 16:49:01] 
[2025-10-10 16:49:01] golazo de robson matheus la verde vencio a
[2025-10-10 16:49:01] la mundialista jordania (1-0).
[2025-10-10 16:49:01] 
[2025-10-10 16:49:01] goal by robson matheus, the verde beat the
[2025-10-10 16:49:01] world team jordan (1-0).
[2025-10-10 16:49:01] translated from spanish
[2025-10-10 16:49:01] 
[2025-10-10 16:49:01] el lider de los deportes
[2025-10-10 16:49:01] 2h: ©
[2025-10-10 16:49:01] 
[2025-10-10 16:49:01] s29 #laultima | jiijgano bolivia!!! con
[2025-10-10 16:49:01] 
[2025-10-10 16:49:01] <
[2025-10-10 16:49:01] 
[2025-10-10 16:49:01] atras adelante pestafhas inicio
[2025-10-10 16:49:01] 
[2025-10-10 16:49:01] 
[2025-10-10 16:49:01] [INFO] Cerrando pestañas abiertas (fin de iteración)...
[2025-10-10 16:49:01] [INFO] Pestañas cerradas correctamente.
[2025-10-10 16:49:01] [INFO] 'Clear all' (Samsung) pulsado para cerrar las apps recientes.
[2025-10-10 16:49:01] 
[2025-10-10 16:49:01] [ITERACION 54]
[2025-10-10 16:49:01] 
[2025-10-10 16:49:01] [TEST] Instagram Web - Feed loading
[2025-10-10 16:49:01] [OCR] (0.00s): whatsapp
[2025-10-10 16:49:01] 
[2025-10-10 16:49:01] 
[2025-10-10 16:49:01] 
[2025-10-10 16:49:01] [TEST] Instagram Web - Short video playback
[2025-10-10 16:49:01] [OCR] (0.00s): 1647 ¢ @@ nro full
[2025-10-10 16:49:01] 
[2025-10-10 16:49:01] q
[2025-10-10 16:49:01] 
[2025-10-10 16:49:01] from
[2025-10-10 16:49:01] < > an @
[2025-10-10 16:49:01] atras adelante alva pestafhas inicio
[2025-10-10 16:49:01] 
[2025-10-10 16:49:01] il o <
[2025-10-10 16:49:01] 
[2025-10-10 16:49:01] [OCR] (3.19s): 1647 ¢ @@ nro full
[2025-10-10 16:49:01] 
[2025-10-10 16:49:01] q
[2025-10-10 16:49:01] 
[2025-10-10 16:49:01] from
[2025-10-10 16:49:01] < > an @
[2025-10-10 16:49:01] atras adelante alva pestafhas inicio
[2025-10-10 16:49:01] 
[2025-10-10 16:49:01] il o <
[2025-10-10 16:49:01] 
[2025-10-10 16:49:01] [OCR] (6.34s): 1647 ¢ @@
[2025-10-10 16:49:01] 
[2025-10-10 16:49:01] matteo.pxl -
[2025-10-10 16:49:01] 
[2025-10-10 16:49:01] seguir
[2025-10-10 16:49:01] 
[2025-10-10 16:49:01] fa matteo.pxl - audio original
[2025-10-10 16:49:01] 
[2025-10-10 16:49:01] <
[2025-10-10 16:49:01] 
[2025-10-10 16:49:01] atras
[2025-10-10 16:49:01] 
[2025-10-10 16:49:01] >
[2025-10-10 16:49:01] 
[2025-10-10 16:49:01] adelante
[2025-10-10 16:49:01] 
[2025-10-10 16:49:01] alva
[2025-10-10 16:49:01] 
[2025-10-10 16:49:01] no full
[2025-10-10 16:49:01] 
[2025-10-10 16:49:01] q :
[2025-10-10 16:49:01] 
[2025-10-10 16:49:01] 12,8 mil
[2025-10-10 16:49:01] 
[2025-10-10 16:49:01] coe
[2025-10-10 16:49:01] 
[2025-10-10 16:49:01] @
[2025-10-10 16:49:01] 
[2025-10-10 16:49:01] pestanhas inicio
[2025-10-10 16:49:01] 
[2025-10-10 16:49:01] <
[2025-10-10 16:49:01] 
[2025-10-10 16:49:01] 
[2025-10-10 16:49:01] [TEST] Facebook Web - Feed loading
[2025-10-10 16:49:01] [OCR] (0.00s): 1647 ¢ @@ nro full
[2025-10-10 16:49:01] 
[2025-10-10 16:49:01] q
[2025-10-10 16:49:01] 
[2025-10-10 16:49:01] ~ puedes estar lejos de
[2025-10-10 16:49:01] » mis ojos, pero no de mis
[2025-10-10 16:49:01] pensamientos. w
[2025-10-10 16:49:01] 
[2025-10-10 16:49:01] = : = 12,8 mil
[2025-10-10 16:49:01] 
[2025-10-10 16:49:01] 32
[2025-10-10 16:49:01] ane matteo.pxl + seguir
[2025-10-10 16:49:01] . eee
[2025-10-10 16:49:01] fa matteo.pxl - audio original ba]
[2025-10-10 16:49:01] < > n @
[2025-10-10 16:49:01] atras adelante alva pestanas inicio
[2025-10-10 16:49:01] 
[2025-10-10 16:49:01] il o <
[2025-10-10 16:49:01] 
[2025-10-10 16:49:01] [OCR] (4.92s): 16:47 ¢ € no full
[2025-10-10 16:49:01] 
[2025-10-10 16:49:01] @ what's on your mind? 2
[2025-10-10 16:49:01] @e photo
[2025-10-10 16:49:01] 
[2025-10-10 16:49:01] create story
[2025-10-10 16:49:01] 
[2025-10-10 16:49:01] casas de campo y mas. ° ooo x
[2025-10-10 16:49:01] 21h: ©
[2025-10-10 16:49:01] 
[2025-10-10 16:49:01] &@:8h un paraiso entre bambues: la casa de tus
[2025-10-10 16:49:01] suefios con techo rojo y jardin florecido asw
[2025-10-10 16:49:01] 
[2025-10-10 16:49:01] < > a
[2025-10-10 16:49:01] 
[2025-10-10 16:49:01] atras adelante pestafhas inicio
[2025-10-10 16:49:01] 
[2025-10-10 16:49:01] 
[2025-10-10 16:49:01] 
[2025-10-10 16:49:01] [TEST] Facebook Web - Short video playback
[2025-10-10 16:49:01] [OCR] (0.00s): 16:47 ¢ € no full
[2025-10-10 16:49:01] 
[2025-10-10 16:49:01] @ what's on your mind? 2
[2025-10-10 16:49:01] @e photo
[2025-10-10 16:49:01] 
[2025-10-10 16:49:01] create story
[2025-10-10 16:49:01] 
[2025-10-10 16:49:01] casas de campo y mas. ° ooo x
[2025-10-10 16:49:01] 21h: ©
[2025-10-10 16:49:01] 
[2025-10-10 16:49:01] &@:8h un paraiso entre bambues: la casa de tus
[2025-10-10 16:49:01] suefios con techo rojo y jardin florecido asw
[2025-10-10 16:49:01] 
[2025-10-10 16:49:01] < > a
[2025-10-10 16:49:01] 
[2025-10-10 16:49:01] atras adelante pestafhas inicio
[2025-10-10 16:49:01] 
[2025-10-10 16:49:01] 
[2025-10-10 16:49:01] [OCR] (4.96s): 16:47 ¢ @ ® nro full
[2025-10-10 16:49:01] 
[2025-10-10 16:49:01] q
[2025-10-10 16:49:01] 
[2025-10-10 16:49:01] < reels q @
[2025-10-10 16:49:01] 
[2025-10-10 16:49:01] @« tap to unmute
[2025-10-10 16:49:01] 
[2025-10-10 16:49:01] ‘ncn*). nathaniel guevarra na 4) follow
[2025-10-10 16:49:01] < > a im
[2025-10-10 16:49:01] atras adelante alva pestanhas inicio
[2025-10-10 16:49:01] 
[2025-10-10 16:49:01] [INFO] Cerrando pestañas abiertas (fin de iteración)...
[2025-10-10 16:49:01] [INFO] Pestañas cerradas correctamente.
[2025-10-10 16:49:01] [INFO] 'Clear all' (Samsung) pulsado para cerrar las apps recientes.
[2025-10-10 16:49:01] 
[2025-10-10 16:49:01] [ITERACION 55]
[2025-10-10 16:49:01] 
[2025-10-10 16:49:01] [TEST] Instagram Web - Feed loading
[2025-10-10 16:49:01] [OCR] (0.00s): whatsapp
[2025-10-10 16:49:01] 
[2025-10-10 16:49:01] 
[2025-10-10 16:49:01] 
[2025-10-10 16:49:01] [TEST] Instagram Web - Short video playback
[2025-10-10 16:49:01] [OCR] (0.00s): 16:48 ¢ @ © ko ful
[2025-10-10 16:49:01] 
[2025-10-10 16:49:01] q :
[2025-10-10 16:49:01] 
[2025-10-10 16:49:01] 
[2025-10-10 16:49:01] [OCR] (3.05s): 1648 ¢ @ © ro hall
[2025-10-10 16:49:01] 
[2025-10-10 16:49:01] q :
[2025-10-10 16:49:01] 
[2025-10-10 16:49:01] 
[2025-10-10 16:49:01] [OCR] (5.92s): 16:48 ¢ @ © ko ful
[2025-10-10 16:49:01] 
[2025-10-10 16:49:01] q :
[2025-10-10 16:49:01] 
[2025-10-10 16:49:01] 
[2025-10-10 16:49:01] 
[2025-10-10 16:49:01] [TEST] Facebook Web - Feed loading
[2025-10-10 16:49:01] [OCR] (0.00s): 1648 ¢ @ ©
[2025-10-10 16:49:01] 
[2025-10-10 16:49:01] q alonsobmx23 + seguir
[2025-10-10 16:49:01] 
[2025-10-10 16:49:01] x x ...mas
[2025-10-10 16:49:01] 
[2025-10-10 16:49:01] £2 them &1- i'm not them
[2025-10-10 16:49:01] 
[2025-10-10 16:49:01] < > a
[2025-10-10 16:49:01] 
[2025-10-10 16:49:01] atras adelante alva
[2025-10-10 16:49:01] 
[2025-10-10 16:49:01] il o
[2025-10-10 16:49:01] 
[2025-10-10 16:49:01] nro full
[2025-10-10 16:49:01] 
[2025-10-10 16:49:01] q :
[2025-10-10 16:49:01] 
[2025-10-10 16:49:01] pestanhas
[2025-10-10 16:49:01] 
[2025-10-10 16:49:01] <
[2025-10-10 16:49:01] 
[2025-10-10 16:49:01] — 45,8 mil
[2025-10-10 16:49:01] 
[2025-10-10 16:49:01] a
[2025-10-10 16:49:01] 
[2025-10-10 16:49:01] inicio
[2025-10-10 16:49:01] 
[2025-10-10 16:49:01] [OCR] (6.67s): 16:48 ¢ @ no full
[2025-10-10 16:49:01] 
[2025-10-10 16:49:01] q
[2025-10-10 16:49:01] facebook q=
[2025-10-10 16:49:01] ae ss © @ ® gs
[2025-10-10 16:49:01] 
[2025-10-10 16:49:01] @ what's on your mind?
[2025-10-10 16:49:01] photo
[2025-10-10 16:49:01] 
[2025-10-10 16:49:01] create story
[2025-10-10 16:49:01] 
[2025-10-10 16:49:01] .» natur curiosities + follow coo x
[2025-10-10 16:49:01] 19h @
[2025-10-10 16:49:01] 
[2025-10-10 16:49:01] "en lo que pienso todo el dia" & @l}w
[2025-10-10 16:49:01] 
[2025-10-10 16:49:01] "what | think about all day" & @ jw
[2025-10-10 16:49:01] translated from spanish
[2025-10-10 16:49:01] 
[2025-10-10 16:49:01] atras adelante
[2025-10-10 16:49:01] 
[2025-10-10 16:49:01] pestanas ttaltette)
[2025-10-10 16:49:01] 
[2025-10-10 16:49:01] 
[2025-10-10 16:49:01] [TEST] Facebook Web - Short video playback
[2025-10-10 16:49:01] [OCR] (0.00s): 16:48 ¢ @ no full
[2025-10-10 16:49:01] 
[2025-10-10 16:49:01] q
[2025-10-10 16:49:01] facebook q=
[2025-10-10 16:49:01] ae ss © @ ® gs
[2025-10-10 16:49:01] 
[2025-10-10 16:49:01] @ what's on your mind?
[2025-10-10 16:49:01] photo
[2025-10-10 16:49:01] 
[2025-10-10 16:49:01] create story
[2025-10-10 16:49:01] 
[2025-10-10 16:49:01] .» natur curiosities + follow coo x
[2025-10-10 16:49:01] 19h @
[2025-10-10 16:49:01] 
[2025-10-10 16:49:01] "en lo que pienso todo el dia" & @l}w
[2025-10-10 16:49:01] 
[2025-10-10 16:49:01] "what | think about all day" & @ jw
[2025-10-10 16:49:01] translated from spanish
[2025-10-10 16:49:01] 
[2025-10-10 16:49:01] atras adelante
[2025-10-10 16:49:01] 
[2025-10-10 16:49:01] pestanas ttaltette)
[2025-10-10 16:49:01] 
[2025-10-10 16:49:01] [INFO] Cerrando pestañas abiertas (fin de iteración)...
[2025-10-10 16:49:01] [INFO] Pestañas cerradas correctamente.
[2025-10-10 16:49:01] [INFO] 'Clear all' (Samsung) pulsado para cerrar las apps recientes.
[2025-10-10 16:49:01] 
[2025-10-10 16:49:01] [ITERACION 56]
[2025-10-10 16:49:01] 
[2025-10-10 16:49:01] [TEST] Instagram Web - Feed loading
[2025-10-10 16:49:01] [OCR] (0.00s): whatsapp
[2025-10-10 16:49:01] 
[2025-10-10 16:49:01] 
[2025-10-10 16:49:01] 
[2025-10-10 16:49:01] [TEST] Instagram Web - Short video playback
[2025-10-10 16:49:01] [OCR] (0.00s): 16:48 ¢ @ © ko ful
[2025-10-10 16:49:01] 
[2025-10-10 16:49:01] q :
[2025-10-10 16:49:01] 
[2025-10-10 16:49:01] 
[2025-10-10 16:49:01] [OCR] (3.18s): 1648 ¢ @ © ro hall
[2025-10-10 16:49:01] 
[2025-10-10 16:49:01] q :
[2025-10-10 16:49:01] 
[2025-10-10 16:49:01] 
[2025-10-10 16:49:01] [OCR] (6.20s): 16:48 ¢ @@ nro full
[2025-10-10 16:49:01] 
[2025-10-10 16:49:01] q
[2025-10-10 16:49:01] 
[2025-10-10 16:49:01] 20,9 mil
[2025-10-10 16:49:01] 147
[2025-10-10 16:49:01] «€ _jordanrobles_ + seguir
[2025-10-10 16:49:01] gracias... © # @#amigos #foryou #viralreels ; .. mas
[2025-10-10 16:49:01] fa _jordanrobles_- audio original
[2025-10-10 16:49:01] < > an a
[2025-10-10 16:49:01] atras adelante alva pestanas inicio
[2025-10-10 16:49:01] 
[2025-10-10 16:49:01] il o <
[2025-10-10 16:49:01] 
[2025-10-10 16:49:01] 
[2025-10-10 16:50:36] [TEST] Facebook Web - Feed loading
[2025-10-10 16:50:36] [OCR] (0.00s): 1649 ¢ @@ nro full
[2025-10-10 16:50:36] 
[2025-10-10 16:50:36] q
[2025-10-10 16:50:36] 
[2025-10-10 16:50:36] muchas gracias por compartir
[2025-10-10 16:50:36] un pedacito de tu vida conmigo,
[2025-10-10 16:50:36] por hacerme reir, por las platicas
[2025-10-10 16:50:36] nocturnas, por siempre escucharme,
[2025-10-10 16:50:36] por estar aqui conmigo, gracias por
[2025-10-10 16:50:36] cruzarte en mi camino.
[2025-10-10 16:50:36] 
[2025-10-10 16:50:36] ”
[2025-10-10 16:50:36] 20,9 mil
[2025-10-10 16:50:36] 147
[2025-10-10 16:50:36] is) _jordanrobles_ + seguir
[2025-10-10 16:50:36] gracias... of @#amigos #foryou #viralreels ; .. mas
[2025-10-10 16:50:36] fa _jordanrobles_- audio original
[2025-10-10 16:50:36] < > zn a
[2025-10-10 16:50:36] atras adelante alva pestanas inicio
[2025-10-10 16:50:36] 
[2025-10-10 16:50:36] il o <
[2025-10-10 16:50:36] 
[2025-10-10 16:50:36] [OCR] (4.96s): no full
[2025-10-10 16:50:36] 
[2025-10-10 16:50:36] facebook q=
[2025-10-10 16:50:36] a sg © @ @ b
[2025-10-10 16:50:36] 
[2025-10-10 16:50:36] @ what's on your mind? 2
[2025-10-10 16:50:36] @e photo
[2025-10-10 16:50:36] 
[2025-10-10 16:50:36] create story
[2025-10-10 16:50:36] 
[2025-10-10 16:50:36] < > a
[2025-10-10 16:50:36] 
[2025-10-10 16:50:36] atras adelante pestafhas inicio
[2025-10-10 16:50:36] 
[2025-10-10 16:50:36] 
[2025-10-10 16:50:36] 
[2025-10-10 16:50:36] [TEST] Facebook Web - Short video playback
[2025-10-10 16:50:36] [OCR] (0.00s): no full
[2025-10-10 16:50:36] 
[2025-10-10 16:50:36] q
[2025-10-10 16:50:36] facebook qe=
[2025-10-10 16:50:36] as © © @ 8
[2025-10-10 16:50:36] @ what's on your mind? 2
[2025-10-10 16:50:36] 
[2025-10-10 16:50:36] create story
[2025-10-10 16:50:36] 
[2025-10-10 16:50:36] opinion bolivia + follow ooo x
[2025-10-10 16:50:36] 2h: ©
[2025-10-10 16:50:36] 
[2025-10-10 16:50:36] golazo de robson matheus la verde vencio a
[2025-10-10 16:50:36] la mundialista jordania (1-0).
[2025-10-10 16:50:36] 
[2025-10-10 16:50:36] goal by robson matheus, the verde beat the
[2025-10-10 16:50:36] world team jordan (1-0).
[2025-10-10 16:50:36] translated from spanish
[2025-10-10 16:50:36] 
[2025-10-10 16:50:36] el lider de los deportes
[2025-10-10 16:50:36] 2h: ©
[2025-10-10 16:50:36] 
[2025-10-10 16:50:36] s29 #laultima | jiijgano bolivia!!! con
[2025-10-10 16:50:36] 
[2025-10-10 16:50:36] <
[2025-10-10 16:50:36] 
[2025-10-10 16:50:36] atras adelante pestafhas inicio
[2025-10-10 16:50:36] 
[2025-10-10 16:50:36] 
[2025-10-10 16:50:36] [INFO] Cerrando pestañas abiertas (fin de iteración)...
[2025-10-10 16:50:36] [INFO] Pestañas cerradas correctamente.
[2025-10-10 16:50:36] [INFO] 'Clear all' (Samsung) pulsado para cerrar las apps recientes.
[2025-10-10 16:50:36] 
[2025-10-10 16:50:36] [ITERACION 57]
[2025-10-10 16:50:36] 
[2025-10-10 16:50:36] [TEST] Instagram Web - Feed loading
[2025-10-10 16:50:36] [OCR] (0.00s): whatsapp
[2025-10-10 16:50:36] 
[2025-10-10 16:50:36] 
[2025-10-10 16:50:36] 
[2025-10-10 16:50:36] [TEST] Instagram Web - Short video playback
[2025-10-10 16:50:36] [OCR] (0.00s): 1649 ¢ @@ nro full
[2025-10-10 16:50:36] 
[2025-10-10 16:50:36] q
[2025-10-10 16:50:36] 
[2025-10-10 16:50:36] from
[2025-10-10 16:50:36] < > an @
[2025-10-10 16:50:36] atras adelante alva pestafhas inicio
[2025-10-10 16:50:36] 
[2025-10-10 16:50:36] il o <
[2025-10-10 16:50:36] 
[2025-10-10 16:50:36] [OCR] (3.38s): 16:49 ¢ @ © ro hall
[2025-10-10 16:50:36] 
[2025-10-10 16:50:36] q :
[2025-10-10 16:50:36] 
[2025-10-10 16:50:36] 
[2025-10-10 16:50:36] [OCR] (6.64s): 16:49 ¢ @@ ko ful
[2025-10-10 16:50:36] 
[2025-10-10 16:50:36] q
[2025-10-10 16:50:36] 
[2025-10-10 16:50:36] :
[2025-10-10 16:50:36] ar owe:
[2025-10-10 16:50:36] 
[2025-10-10 16:50:36] voy a por ti .. mas
[2025-10-10 16:50:36] 
[2025-10-10 16:50:36] fi _sxtva - audio original *
[2025-10-10 16:50:36] 
[2025-10-10 16:50:36] 
[2025-10-10 16:50:36] 
[2025-10-10 16:50:36] [TEST] Facebook Web - Feed loading
[2025-10-10 16:50:36] [OCR] (0.00s): 1649 ¢ @@ nro full
[2025-10-10 16:50:36] 
[2025-10-10 16:50:36] q
[2025-10-10 16:50:36] 
[2025-10-10 16:50:36] < > nr im
[2025-10-10 16:50:36] 
[2025-10-10 16:50:36] atras adelante alva pestafhas inicio
[2025-10-10 16:50:36] 
[2025-10-10 16:50:36] il o <
[2025-10-10 16:50:36] 
[2025-10-10 16:50:36] [OCR] (3.62s): no full
[2025-10-10 16:50:36] 
[2025-10-10 16:50:36] facebook q=
[2025-10-10 16:50:36] a sg © @ @ b
[2025-10-10 16:50:36] 
[2025-10-10 16:50:36] @ what's on your mind? 2
[2025-10-10 16:50:36] @e photo
[2025-10-10 16:50:36] 
[2025-10-10 16:50:36] create story
[2025-10-10 16:50:36] 
[2025-10-10 16:50:36] casas de campo y mas. * follow ooo x
[2025-10-10 16:50:36] 1d-®
[2025-10-10 16:50:36] 
[2025-10-10 16:50:36] eb “la casa de los suefios: elegancia natural entre
[2025-10-10 16:50:36] flores y encanto” £3
[2025-10-10 16:50:36] 
[2025-10-10 16:50:36] eb "the house of dreams: natural elegance between
[2025-10-10 16:50:36] flowers and charm" 43
[2025-10-10 16:50:36] translated from spanish
[2025-10-10 16:50:36] 
[2025-10-10 16:50:36] < > a
[2025-10-10 16:50:36] 
[2025-10-10 16:50:36] atras adelante pestafhas inicio
[2025-10-10 16:50:36] 
[2025-10-10 16:50:36] 
[2025-10-10 16:50:36] 
[2025-10-10 16:50:36] [TEST] Facebook Web - Short video playback
[2025-10-10 16:50:36] [OCR] (0.00s): no full
[2025-10-10 16:50:36] 
[2025-10-10 16:50:36] facebook q=
[2025-10-10 16:50:36] a sg © @ @ b
[2025-10-10 16:50:36] 
[2025-10-10 16:50:36] @ what's on your mind? 2
[2025-10-10 16:50:36] @e photo
[2025-10-10 16:50:36] 
[2025-10-10 16:50:36] create story
[2025-10-10 16:50:36] 
[2025-10-10 16:50:36] casas de campo y mas. * follow ooo x
[2025-10-10 16:50:36] 1d-®
[2025-10-10 16:50:36] 
[2025-10-10 16:50:36] eb “la casa de los suefios: elegancia natural entre
[2025-10-10 16:50:36] flores y encanto” £3
[2025-10-10 16:50:36] 
[2025-10-10 16:50:36] eb "the house of dreams: natural elegance between
[2025-10-10 16:50:36] flowers and charm" 43
[2025-10-10 16:50:36] translated from spanish
[2025-10-10 16:50:36] 
[2025-10-10 16:50:36] < > a
[2025-10-10 16:50:36] 
[2025-10-10 16:50:36] atras adelante
[2025-10-10 16:50:36] 
[2025-10-10 16:50:36] pestafhas inicio
[2025-10-10 16:50:36] 
[2025-10-10 16:50:36] [INFO] Cerrando pestañas abiertas (fin de iteración)...
[2025-10-10 16:50:36] [INFO] Pestañas cerradas correctamente.
[2025-10-10 16:50:36] [INFO] 'Clear all' (Samsung) pulsado para cerrar las apps recientes.
[2025-10-10 16:50:36] 
[2025-10-10 16:50:36] [ITERACION 58]
[2025-10-10 16:50:36] 
[2025-10-10 16:50:36] [TEST] Instagram Web - Feed loading
[2025-10-10 16:50:36] [OCR] (0.00s): whatsapp
[2025-10-10 16:50:36] 
[2025-10-10 16:50:36] 
[2025-10-10 16:50:36] 
[2025-10-10 16:50:36] [TEST] Instagram Web - Short video playback
[2025-10-10 16:50:36] [OCR] (0.00s): 1650 ¢ @@ nro sul
[2025-10-10 16:50:36] 
[2025-10-10 16:50:36] q :
[2025-10-10 16:50:36] 
[2025-10-10 16:50:36] 
[2025-10-10 16:50:36] [OCR] (3.12s): 1650 ¢ @@ roe ull
[2025-10-10 16:50:36] 
[2025-10-10 16:50:36] q :
[2025-10-10 16:50:36] 
[2025-10-10 16:50:36] 
[2025-10-10 16:50:36] [OCR] (6.13s): 1650 ¢ @@ nro sul
[2025-10-10 16:50:36] 
[2025-10-10 16:50:36] q
[2025-10-10 16:50:36] 
[2025-10-10 16:50:36] o
[2025-10-10 16:50:36] ras
[2025-10-10 16:50:36] bsbe&eases b
[2025-10-10 16:50:36] 
[2025-10-10 16:50:36] 
[2025-10-10 16:50:36] [TEST] Facebook Web - Feed loading
[2025-10-10 16:50:36] [OCR] (0.00s): 16:50 ¢ @ © nro full
[2025-10-10 16:50:36] 
[2025-10-10 16:50:36] q
[2025-10-10 16:50:36] 
[2025-10-10 16:50:36] yo solamente estaba buscando
[2025-10-10 16:50:36] una pequena cosa en un mundo
[2025-10-10 16:50:36] infinito, pero encontré algo
[2025-10-10 16:50:36] infinito en un mundo tan
[2025-10-10 16:50:36] pequeno.
[2025-10-10 16:50:36] 
[2025-10-10 16:50:36] 42,8 mil
[2025-10-10 16:50:36] 
[2025-10-10 16:50:36] ry joocorimayhua4 + seguir
[2025-10-10 16:50:36] 
[2025-10-10 16:50:36] pensé que el universo era infinito, hasta que m: ... mas
[2025-10-10 16:50:36] 
[2025-10-10 16:50:36] £1 joocorimayhua4 - audio original
[2025-10-10 16:50:36] < > an @
[2025-10-10 16:50:36] 
[2025-10-10 16:50:36] atras adelante alva pestafhas inicio
[2025-10-10 16:50:36] 
[2025-10-10 16:50:36] il o <
[2025-10-10 16:50:36] 
[2025-10-10 16:50:36] [OCR] (6.27s): 16:50 ¢ @
[2025-10-10 16:50:36] 
[2025-10-10 16:50:36] no full
[2025-10-10 16:50:36] 
[2025-10-10 16:50:36] facebook q=
[2025-10-10 16:50:36] ra] & oh ww yy 8b
[2025-10-10 16:50:36] 
[2025-10-10 16:50:36] @ what's on your mind? 2
[2025-10-10 16:50:36] @e photo
[2025-10-10 16:50:36] 
[2025-10-10 16:50:36] create story
[2025-10-10 16:50:36] 
[2025-10-10 16:50:36] ae mich &@ + follow coo x
[2025-10-10 16:50:36] 2h: ®
[2025-10-10 16:50:36] jla final que todos queremos! sas
[2025-10-10 16:50:36] 
[2025-10-10 16:50:36] absolutamente todos los amantes del futbo... see more
[2025-10-10 16:50:36] the end we all want! £3
[2025-10-10 16:50:36] 
[2025-10-10 16:50:36] absolutely all football lovers want to see brazil face ...
[2025-10-10 16:50:36] translated from spanish
[2025-10-10 16:50:36] 
[2025-10-10 16:50:36] >
[2025-10-10 16:50:36] 
[2025-10-10 16:50:36] atras adelante
[2025-10-10 16:50:36] 
[2025-10-10 16:50:36] pestafhas inicio
[2025-10-10 16:50:36] 
[2025-10-10 16:50:36] 
[2025-10-10 16:50:36] [TEST] Facebook Web - Short video playback
[2025-10-10 16:50:36] [OCR] (0.00s): 16:50 ¢ @
[2025-10-10 16:50:36] 
[2025-10-10 16:50:36] no full
[2025-10-10 16:50:36] 
[2025-10-10 16:50:36] facebook q=
[2025-10-10 16:50:36] ra] & oh ww yy 8b
[2025-10-10 16:50:36] 
[2025-10-10 16:50:36] @ what's on your mind? 2
[2025-10-10 16:50:36] @e photo
[2025-10-10 16:50:36] 
[2025-10-10 16:50:36] create story
[2025-10-10 16:50:36] 
[2025-10-10 16:50:36] ae mich &@ + follow coo x
[2025-10-10 16:50:36] 2h: ®
[2025-10-10 16:50:36] jla final que todos queremos! sas
[2025-10-10 16:50:36] 
[2025-10-10 16:50:36] absolutamente todos los amantes del futbo... see more
[2025-10-10 16:50:36] the end we all want! £3
[2025-10-10 16:50:36] 
[2025-10-10 16:50:36] absolutely all football lovers want to see brazil face ...
[2025-10-10 16:50:36] translated from spanish
[2025-10-10 16:50:36] 
[2025-10-10 16:50:36] >
[2025-10-10 16:50:36] 
[2025-10-10 16:50:36] atras adelante
[2025-10-10 16:52:50] 
[2025-10-10 16:52:50] pestafhas inicio
[2025-10-10 16:52:50] 
[2025-10-10 16:52:50] [INFO] Cerrando pestañas abiertas (fin de iteración)...
[2025-10-10 16:52:50] [INFO] Pestañas cerradas correctamente.
[2025-10-10 16:52:50] [INFO] 'Clear all' (Samsung) pulsado para cerrar las apps recientes.
[2025-10-10 16:52:50] 
[2025-10-10 16:52:50] [ITERACION 59]
[2025-10-10 16:52:50] 
[2025-10-10 16:52:50] [TEST] Instagram Web - Feed loading
[2025-10-10 16:52:50] [OCR] (0.00s): 16:50 ¢ @ © nro full
[2025-10-10 16:52:50] 
[2025-10-10 16:52:50] @ buscar o escribir url
[2025-10-10 16:52:50] 
[2025-10-10 16:52:50] a a rn (0) oo
[2025-10-10 16:52:50] 
[2025-10-10 16:52:50] perfil alva pestanas apps
[2025-10-10 16:52:50] 
[2025-10-10 16:52:50] iii o <
[2025-10-10 16:52:50] 
[2025-10-10 16:52:50] [OCR] (5.69s): no full
[2025-10-10 16:52:50] 
[2025-10-10 16:52:50] < > a
[2025-10-10 16:52:50] 
[2025-10-10 16:52:50] atras adelante pestafhas inicio
[2025-10-10 16:52:50] 
[2025-10-10 16:52:50] 
[2025-10-10 16:52:50] 
[2025-10-10 16:52:50] [TEST] Instagram Web - Short video playback
[2025-10-10 16:52:50] [OCR] (0.00s): 16:50 ¢ @ ©
[2025-10-10 16:52:50] 
[2025-10-10 16:52:50] tu historia cuartetode...
[2025-10-10 16:52:50] 
[2025-10-10 16:52:50] < >
[2025-10-10 16:52:50] 
[2025-10-10 16:52:50] atras adelante
[2025-10-10 16:52:50] 
[2025-10-10 16:52:50] alva
[2025-10-10 16:52:50] 
[2025-10-10 16:52:50] pestanhas
[2025-10-10 16:52:50] 
[2025-10-10 16:52:50] nro full
[2025-10-10 16:52:50] 
[2025-10-10 16:52:50] a
[2025-10-10 16:52:50] 
[2025-10-10 16:52:50] inicio
[2025-10-10 16:52:50] 
[2025-10-10 16:52:50] <
[2025-10-10 16:52:50] 
[2025-10-10 16:52:50] [OCR] (3.29s): 1651 ¢ @ © ro hall
[2025-10-10 16:52:50] 
[2025-10-10 16:52:50] q :
[2025-10-10 16:52:50] 
[2025-10-10 16:52:50] 
[2025-10-10 16:52:50] [OCR] (6.26s): 1651 ¢ @ © nro full
[2025-10-10 16:52:50] 
[2025-10-10 16:52:50] q
[2025-10-10 16:52:50] 
[2025-10-10 16:52:50] v
[2025-10-10 16:52:50] muncay neisaseus not
[2025-10-10 16:52:50] f solo
[2025-10-10 16:52:50] 
[2025-10-10 16:52:50] = 0) la ae
[2025-10-10 16:52:50] a —s = 4 & — je
[2025-10-10 16:52:50] _——~ =
[2025-10-10 16:52:50] oo — 2
[2025-10-10 16:52:50] 7 =& g09
[2025-10-10 16:52:50] mxcollll > seguir a <n
[2025-10-10 16:52:50] “sone
[2025-10-10 16:52:50] 
[2025-10-10 16:52:50] £4 mxcollll - audio original &
[2025-10-10 16:52:50] 
[2025-10-10 16:52:50] < > a a
[2025-10-10 16:52:50] 
[2025-10-10 16:52:50] atras adelante alva pestafhas inicio
[2025-10-10 16:52:50] 
[2025-10-10 16:52:50] il o <
[2025-10-10 16:52:50] 
[2025-10-10 16:52:50] 
[2025-10-10 16:52:50] [TEST] Facebook Web - Feed loading
[2025-10-10 16:52:50] [OCR] (0.00s): 16:51 ¢ @ ©
[2025-10-10 16:52:50] 
[2025-10-10 16:52:50] ro i ul
[2025-10-10 16:52:50] 
[2025-10-10 16:52:50] q :
[2025-10-10 16:52:50] 
[2025-10-10 16:52:50] se a
[2025-10-10 16:52:50] - . e
[2025-10-10 16:52:50] a — a a
[2025-10-10 16:52:50] 
[2025-10-10 16:52:50] mxcollll + seguir
[2025-10-10 16:52:50] 
[2025-10-10 16:52:50] £2 mxcollll - audio original
[2025-10-10 16:52:50] 
[2025-10-10 16:52:50] < > me 4
[2025-10-10 16:52:50] 
[2025-10-10 16:52:50] atras adelante alva
[2025-10-10 16:52:50] 
[2025-10-10 16:52:50] il o
[2025-10-10 16:52:50] 
[2025-10-10 16:52:50] pestafhas
[2025-10-10 16:52:50] 
[2025-10-10 16:52:50] <
[2025-10-10 16:52:50] 
[2025-10-10 16:52:50] inicio
[2025-10-10 16:52:50] 
[2025-10-10 16:52:50] [OCR] (6.31s): 16:51 ¢ @ nro full
[2025-10-10 16:52:50] 
[2025-10-10 16:52:50] facebook q=
[2025-10-10 16:52:50] ra] cx) ~~ sw b
[2025-10-10 16:52:50] 
[2025-10-10 16:52:50] @ what's on your mind? 2
[2025-10-10 16:52:50] @e photo
[2025-10-10 16:52:50] 
[2025-10-10 16:52:50] create story
[2025-10-10 16:52:50] 
[2025-10-10 16:52:50] i memes bolivianos + follow coo x
[2025-10-10 16:52:50] 2h: ®
[2025-10-10 16:52:50] 
[2025-10-10 16:52:50] cuando te toca ganarte a la familia de tu
[2025-10-10 16:52:50] corteja.
[2025-10-10 16:52:50] 
[2025-10-10 16:52:50] atras adelante
[2025-10-10 16:52:50] 
[2025-10-10 16:52:50] pestafhas inicio
[2025-10-10 16:52:50] 
[2025-10-10 16:52:50] 
[2025-10-10 16:52:50] 
[2025-10-10 16:52:50] [TEST] Facebook Web - Short video playback
[2025-10-10 16:52:50] [OCR] (0.00s): 16:51 ¢ @
[2025-10-10 16:52:50] 
[2025-10-10 16:52:50] facebook q=
[2025-10-10 16:52:50] ra | 8 ) ce & &
[2025-10-10 16:52:50] 
[2025-10-10 16:52:50] @ what's on your mind? 2
[2025-10-10 16:52:50] @e photo
[2025-10-10 16:52:50] 
[2025-10-10 16:52:50] create story
[2025-10-10 16:52:50] 
[2025-10-10 16:52:50] i memes bolivianos + follow coo x
[2025-10-10 16:52:50] 2h: ®
[2025-10-10 16:52:50] 
[2025-10-10 16:52:50] cuando te toca ganarte a la familia de tu
[2025-10-10 16:52:50] corteja.
[2025-10-10 16:52:50] 
[2025-10-10 16:52:50] atras adelante pestafhas inicio
[2025-10-10 16:52:50] 
[2025-10-10 16:52:50] 
[2025-10-10 16:52:50] [INFO] Cerrando pestañas abiertas (fin de iteración)...
[2025-10-10 16:52:50] [INFO] Pestañas cerradas correctamente.
[2025-10-10 16:52:50] [INFO] 'Clear all' (Samsung) pulsado para cerrar las apps recientes.
[2025-10-10 16:52:50] 
[2025-10-10 16:52:50] [ITERACION 60]
[2025-10-10 16:52:50] 
[2025-10-10 16:52:50] [TEST] Instagram Web - Feed loading
[2025-10-10 16:52:50] [OCR] (0.00s): 1651 ¢ @@ nro full
[2025-10-10 16:52:50] 
[2025-10-10 16:52:50] @ buscar o escribir url
[2025-10-10 16:52:50] 
[2025-10-10 16:52:50] a a rn (0) oo
[2025-10-10 16:52:50] 
[2025-10-10 16:52:50] perfil alva pestanas apps
[2025-10-10 16:52:50] 
[2025-10-10 16:52:50] iii o <
[2025-10-10 16:52:50] 
[2025-10-10 16:52:50] [OCR] (6.02s): no full
[2025-10-10 16:52:50] 
[2025-10-10 16:52:50] < > a
[2025-10-10 16:52:50] 
[2025-10-10 16:52:50] atras adelante pestafhas inicio
[2025-10-10 16:52:50] 
[2025-10-10 16:52:50] 
[2025-10-10 16:52:50] 
[2025-10-10 16:52:50] [TEST] Instagram Web - Short video playback
[2025-10-10 16:52:50] [OCR] (0.00s): 1651 ¢ @@ ko ful
[2025-10-10 16:52:50] 
[2025-10-10 16:52:50] q :
[2025-10-10 16:52:50] 
[2025-10-10 16:52:50] 
[2025-10-10 16:52:50] [OCR] (3.15s): 1651 ¢ @ © ro hall
[2025-10-10 16:52:50] 
[2025-10-10 16:52:50] q :
[2025-10-10 16:52:50] 
[2025-10-10 16:52:50] 
[2025-10-10 16:52:50] [OCR] (6.25s): 1651 ¢ @@ ko ful
[2025-10-10 16:52:50] 
[2025-10-10 16:52:50] q
[2025-10-10 16:52:50] 
[2025-10-10 16:52:50] o
[2025-10-10 16:52:50] ras
[2025-10-10 16:52:50] be&easss b
[2025-10-10 16:52:50] 
[2025-10-10 16:52:50] 
[2025-10-10 16:52:50] [TEST] Facebook Web - Feed loading
[2025-10-10 16:52:50] [OCR] (0.00s): 1651 ¢ @@
[2025-10-10 16:52:50] 
[2025-10-10 16:52:50] no soy la mejor persona
[2025-10-10 16:52:50] del mundo, pero haria todo
[2025-10-10 16:52:50] por verte feliz.
[2025-10-10 16:52:50] 
[2025-10-10 16:52:50] fa) _sxtva + seguir
[2025-10-10 16:52:50] 
[2025-10-10 16:52:50] @. .. mas
[2025-10-10 16:52:50] 
[2025-10-10 16:52:50] fi _sxtva - audio original
[2025-10-10 16:52:50] 
[2025-10-10 16:52:50] <
[2025-10-10 16:52:50] 
[2025-10-10 16:52:50] atras
[2025-10-10 16:52:50] 
[2025-10-10 16:52:50] > nr
[2025-10-10 16:52:50] 
[2025-10-10 16:52:50] adelante alva pestanhas
[2025-10-10 16:52:50] 
[2025-10-10 16:52:50] <
[2025-10-10 16:52:50] 
[2025-10-10 16:52:50] 2
[2025-10-10 16:52:50] 
[2025-10-10 16:52:50] inicio
[2025-10-10 16:52:50] 
[2025-10-10 16:52:50] [OCR] (4.37s): no full
[2025-10-10 16:52:50] 
[2025-10-10 16:52:50] facebook q=
[2025-10-10 16:52:50] a sg © @ @ b
[2025-10-10 16:52:50] 
[2025-10-10 16:52:50] @ what's on your mind? 2
[2025-10-10 16:52:50] @e photo
[2025-10-10 16:52:50] 
[2025-10-10 16:52:50] create story
[2025-10-10 16:52:50] 
[2025-10-10 16:52:50] < > a
[2025-10-10 16:52:50] 
[2025-10-10 16:52:50] atras adelante pestafhas inicio
[2025-10-10 16:52:50] 
[2025-10-10 16:52:50] 
[2025-10-10 16:52:50] 
[2025-10-10 16:52:50] [TEST] Facebook Web - Short video playback
[2025-10-10 16:52:50] [OCR] (0.00s): 1652 ¢ @@ nro full
[2025-10-10 16:52:50] 
[2025-10-10 16:52:50] q
[2025-10-10 16:52:50] 
[2025-10-10 16:52:50] < > nr im
[2025-10-10 16:52:50] 
[2025-10-10 16:52:50] atras adelante alva pestafhas inicio
[2025-10-10 16:52:50] 
[2025-10-10 16:52:50] il o <
[2025-10-10 16:52:50] 
[2025-10-10 16:52:50] [OCR] (3.68s): 16:52 ¢ @ nro full
[2025-10-10 16:52:50] 
[2025-10-10 16:52:50] < reels q @
[2025-10-10 16:52:50] 
[2025-10-10 16:52:50] @« tap to unmute
[2025-10-10 16:52:50] 
[2025-10-10 16:52:50] o
[2025-10-10 16:52:50] 3
[2025-10-10 16:52:50] 
[2025-10-10 16:52:50] (ron) nathaniel guevarra na 4) follow 1k
[2025-10-10 16:52:50] 
[2025-10-10 16:52:50] < > nr im
[2025-10-10 16:52:50] 
[2025-10-10 16:52:50] atras adelante alva pestafhas inicio
[2025-10-10 16:52:50] 
[2025-10-10 16:52:50] 
[2025-10-10 16:52:50] [INFO] Cerrando pestañas abiertas (fin de iteración)...
[2025-10-10 16:52:50] [INFO] Pestañas cerradas correctamente.
[2025-10-10 16:52:50] [INFO] 'Clear all' (Samsung) pulsado para cerrar las apps recientes.
[2025-10-10 16:52:50] 
[2025-10-10 16:52:50] [ITERACION 61]
[2025-10-10 16:52:50] 
[2025-10-10 16:52:50] [TEST] Instagram Web - Feed loading
[2025-10-10 16:52:50] [OCR] (0.00s): whatsapp
[2025-10-10 16:52:50] 
[2025-10-10 16:52:50] 
[2025-10-10 16:52:50] 
[2025-10-10 16:52:50] [TEST] Instagram Web - Short video playback
[2025-10-10 16:52:50] [OCR] (0.00s): 1652 ¢ @@ nro full
[2025-10-10 16:52:50] 
[2025-10-10 16:52:50] q
[2025-10-10 16:52:50] 
[2025-10-10 16:52:50] from
[2025-10-10 16:52:50] < > an @
[2025-10-10 16:52:50] atras adelante alva pestafhas inicio
[2025-10-10 16:52:50] 
[2025-10-10 16:52:50] il o <
[2025-10-10 16:52:50] 
[2025-10-10 16:52:50] [OCR] (3.18s): 1652 ¢ @ © ro hall
[2025-10-10 16:52:50] 
[2025-10-10 16:52:50] q :
[2025-10-10 16:52:50] 
[2025-10-10 16:52:50] 
[2025-10-10 16:52:50] [OCR] (6.10s): 1652 ¢ @@ nro sul
[2025-10-10 16:52:50] 
[2025-10-10 16:52:50] q
[2025-10-10 16:52:50] 
[2025-10-10 16:52:50] o
[2025-10-10 16:52:50] ras
[2025-10-10 16:52:50] bsbe&eases b
[2025-10-10 16:52:50] 
[2025-10-10 16:52:50] 
[2025-10-10 16:52:50] [TEST] Facebook Web - Feed loading
[2025-10-10 16:52:50] [OCR] (0.00s): 1652 ¢ @@ nro full
[2025-10-10 16:52:50] 
[2025-10-10 16:52:50] q
[2025-10-10 16:52:50] 
[2025-10-10 16:52:50] .
[2025-10-10 16:52:50] *
[2025-10-10 16:52:50] “ | ‘ : a: :
[2025-10-10 16:52:50] que feliz me siento .
[2025-10-10 16:52:50] cuando despierto cada
[2025-10-10 16:52:50] mafana, sabiendo que
[2025-10-10 16:52:50] tengo a una persona tan
[2025-10-10 16:52:50] maravillosa como tu en mi
[2025-10-10 16:52:50] vida. ¥
[2025-10-10 16:52:50] 103 mil
[2025-10-10 16:52:50] 300
[2025-10-10 16:52:50] ® othapa_jn +> seguir
[2025-10-10 16:52:50] 1 4
[2025-10-10 16:52:50] #fyp #parati #novios #sigueme #frase
[2025-10-10 16:52:50] fa othapa_jn - audio original
[2025-10-10 16:52:50] < > aw
[2025-10-10 16:52:50] atras adelante alva pestafhas
[2025-10-10 16:52:50] 
[2025-10-10 16:52:50] il o <
[2025-10-10 16:52:50] 
[2025-10-10 16:52:50] [OCR] (4.98s): 16:52 ¢ @ no full
[2025-10-10 16:52:50] 
[2025-10-10 16:52:50] q
[2025-10-10 16:52:50] facebook q=
[2025-10-10 16:52:50] ae ss © @ ® gs
[2025-10-10 16:52:50] 
[2025-10-10 16:52:50] @ what's on your mind?
[2025-10-10 16:52:50] photo
[2025-10-10 16:52:50] 
[2025-10-10 16:52:50] create story
[2025-10-10 16:52:50] 
[2025-10-10 16:52:50] .» natur curiosities + follow coo x
[2025-10-10 16:52:50] 19h @
[2025-10-10 16:52:50] 
[2025-10-10 16:52:50] "en lo que pienso todo el dia" & @l}w
[2025-10-10 16:52:50] 
[2025-10-10 16:52:50] "what | think about all day" & @ jw
[2025-10-10 16:52:50] translated from spanish
[2025-10-10 16:52:50] 
[2025-10-10 16:52:50] atras adelante
[2025-10-10 16:52:50] 
[2025-10-10 16:52:50] pestanas ttaltette)
[2025-10-10 16:52:50] 
[2025-10-10 16:52:50] 
[2025-10-10 16:52:50] [TEST] Facebook Web - Short video playback
[2025-10-10 16:55:09] [OCR] (0.00s): 1652 ¢ @@ nro full
[2025-10-10 16:55:09] 
[2025-10-10 16:55:09] q
[2025-10-10 16:55:09] 
[2025-10-10 16:55:09] < > nr im
[2025-10-10 16:55:09] 
[2025-10-10 16:55:09] atras adelante alva pestafhas inicio
[2025-10-10 16:55:09] 
[2025-10-10 16:55:09] [OCR] (3.34s): 16:52 ¢ @ ©
[2025-10-10 16:55:09] 
[2025-10-10 16:55:09] is reelgmes
[2025-10-10 16:55:09] 
[2025-10-10 16:55:09] “ ¢ tap to unmute mat ©
[2025-10-10 16:55:09] 
[2025-10-10 16:55:09] wan
[2025-10-10 16:55:09] vi |
[2025-10-10 16:55:09] al ill
[2025-10-10 16:55:09] 
[2025-10-10 16:55:09] “~~ arkihome © ~ follow |
[2025-10-10 16:55:09] 
[2025-10-10 16:55:09] < > me 4
[2025-10-10 16:55:09] 
[2025-10-10 16:55:09] atras adelante alva
[2025-10-10 16:55:09] 
[2025-10-10 16:55:09] no full
[2025-10-10 16:55:09] 
[2025-10-10 16:55:09] q
[2025-10-10 16:55:09] 
[2025-10-10 16:55:09] 132,
[2025-10-10 16:55:09] im
[2025-10-10 16:55:09] pestafhas inicio
[2025-10-10 16:55:09] 
[2025-10-10 16:55:09] 
[2025-10-10 16:55:09] [INFO] Cerrando pestañas abiertas (fin de iteración)...
[2025-10-10 16:55:09] [INFO] Pestañas cerradas correctamente.
[2025-10-10 16:55:09] [INFO] 'Clear all' (Samsung) pulsado para cerrar las apps recientes.
[2025-10-10 16:55:09] 
[2025-10-10 16:55:09] [ITERACION 62]
[2025-10-10 16:55:09] 
[2025-10-10 16:55:09] [TEST] Instagram Web - Feed loading
[2025-10-10 16:55:09] [OCR] (0.00s): whatsapp
[2025-10-10 16:55:09] 
[2025-10-10 16:55:09] 
[2025-10-10 16:55:09] 
[2025-10-10 16:55:09] [TEST] Instagram Web - Short video playback
[2025-10-10 16:55:09] [OCR] (0.00s): 1653 ¢ @@ nro sul
[2025-10-10 16:55:09] 
[2025-10-10 16:55:09] q :
[2025-10-10 16:55:09] 
[2025-10-10 16:55:09] 
[2025-10-10 16:55:09] [OCR] (3.01s): 1653 ¢ @@ nro sul
[2025-10-10 16:55:09] 
[2025-10-10 16:55:09] q :
[2025-10-10 16:55:09] 
[2025-10-10 16:55:09] 
[2025-10-10 16:55:09] [OCR] (5.97s): 1653 ¢ @@ nro sul
[2025-10-10 16:55:09] 
[2025-10-10 16:55:09] q }
[2025-10-10 16:55:09] 
[2025-10-10 16:55:09] 
[2025-10-10 16:55:09] 
[2025-10-10 16:55:09] [TEST] Facebook Web - Feed loading
[2025-10-10 16:55:09] [OCR] (0.00s): 1653 ¢ @@ ro i ul
[2025-10-10 16:55:09] 
[2025-10-10 16:55:09] q
[2025-10-10 16:55:09] 
[2025-10-10 16:55:09] = ae
[2025-10-10 16:55:09] 
[2025-10-10 16:55:09] a!
[2025-10-10 16:55:09] 
[2025-10-10 16:55:09] resulta que cuando
[2025-10-10 16:55:09] nos conocimos habia
[2025-10-10 16:55:09] algo en ti que yo
[2025-10-10 16:55:09] necesitaba, resulta
[2025-10-10 16:55:09] que no era algo enti en
[2025-10-10 16:55:09] absoluto.
[2025-10-10 16:55:09] 
[2025-10-10 16:55:09] eras solamente tu.
[2025-10-10 16:55:09] 
[2025-10-10 16:55:09] 3
[2025-10-10 16:55:09] 317
[2025-10-10 16:55:09] fa) _sxtva + seguir
[2025-10-10 16:55:09] .. mas
[2025-10-10 16:55:09] fi _sxtva - audio original *
[2025-10-10 16:55:09] < > rm im
[2025-10-10 16:55:09] atras adelante alva pestafhas inicio
[2025-10-10 16:55:09] 
[2025-10-10 16:55:09] il o <
[2025-10-10 16:55:09] 
[2025-10-10 16:55:09] [OCR] (5.73s): no full
[2025-10-10 16:55:09] 
[2025-10-10 16:55:09] facebook q=
[2025-10-10 16:55:09] a sg © @ @ b
[2025-10-10 16:55:09] 
[2025-10-10 16:55:09] @ what's on your mind? 2
[2025-10-10 16:55:09] @e photo
[2025-10-10 16:55:09] 
[2025-10-10 16:55:09] create story
[2025-10-10 16:55:09] 
[2025-10-10 16:55:09] 1 see us in black & white + follow -** x
[2025-10-10 16:55:09] 4h+ ©
[2025-10-10 16:55:09] 
[2025-10-10 16:55:09] "ahi viene la que te gusta, actua normal’
[2025-10-10 16:55:09] 
[2025-10-10 16:55:09] yo:
[2025-10-10 16:55:09] 
[2025-10-10 16:55:09] "there comes the one you like, act normal"
[2025-10-10 16:55:09] 
[2025-10-10 16:55:09] yo:
[2025-10-10 16:55:09] translated from spanish
[2025-10-10 16:55:09] 
[2025-10-10 16:55:09] ‘
[2025-10-10 16:55:09] 
[2025-10-10 16:55:09] < > a
[2025-10-10 16:55:09] 
[2025-10-10 16:55:09] atras adelante
[2025-10-10 16:55:09] 
[2025-10-10 16:55:09] pestafhas inicio
[2025-10-10 16:55:09] 
[2025-10-10 16:55:09] 
[2025-10-10 16:55:09] [TEST] Facebook Web - Short video playback
[2025-10-10 16:55:09] [OCR] (0.00s): 16:53 ¢ @ nro full
[2025-10-10 16:55:09] 
[2025-10-10 16:55:09] q :
[2025-10-10 16:55:09] 
[2025-10-10 16:55:09] < > nr im
[2025-10-10 16:55:09] 
[2025-10-10 16:55:09] atras adelante alva pestafhas inicio
[2025-10-10 16:55:09] 
[2025-10-10 16:55:09] [OCR] (3.80s): 16:53 ¢ @ © nro full
[2025-10-10 16:55:09] 
[2025-10-10 16:55:09] q :
[2025-10-10 16:55:09] 
[2025-10-10 16:55:09] al
[2025-10-10 16:55:09] inv
[2025-10-10 16:55:09] 
[2025-10-10 16:55:09] @ tap to unmute
[2025-10-10 16:55:09] 
[2025-10-10 16:55:09] 
[2025-10-10 16:55:09] [INFO] Cerrando pestañas abiertas (fin de iteración)...
[2025-10-10 16:55:09] [INFO] Pestañas cerradas correctamente.
[2025-10-10 16:55:09] [INFO] 'Clear all' (Samsung) pulsado para cerrar las apps recientes.
[2025-10-10 16:55:09] 
[2025-10-10 16:55:09] [ITERACION 63]
[2025-10-10 16:55:09] 
[2025-10-10 16:55:09] [TEST] Instagram Web - Feed loading
[2025-10-10 16:55:09] [OCR] (0.00s): 1654 ¢ @e nro full
[2025-10-10 16:55:09] 
[2025-10-10 16:55:09] @ buscar o escribir url
[2025-10-10 16:55:09] 
[2025-10-10 16:55:09] a a rn (0) oo
[2025-10-10 16:55:09] 
[2025-10-10 16:55:09] perfil alva pestanas apps
[2025-10-10 16:55:09] 
[2025-10-10 16:55:09] iii o <
[2025-10-10 16:55:09] 
[2025-10-10 16:55:09] [OCR] (5.40s): 1654 ¢ @e nro full
[2025-10-10 16:55:09] 
[2025-10-10 16:55:09] q
[2025-10-10 16:55:09] 
[2025-10-10 16:55:09] < > nr im
[2025-10-10 16:55:09] 
[2025-10-10 16:55:09] atras adelante alva pestafhas inicio
[2025-10-10 16:55:09] 
[2025-10-10 16:55:09] il o <
[2025-10-10 16:55:09] 
[2025-10-10 16:55:09] 
[2025-10-10 16:55:09] [TEST] Instagram Web - Short video playback
[2025-10-10 16:55:09] [OCR] (0.00s): 1654 ¢ @e nro full
[2025-10-10 16:55:09] 
[2025-10-10 16:55:09] q
[2025-10-10 16:55:09] 
[2025-10-10 16:55:09] from
[2025-10-10 16:55:09] < > an @
[2025-10-10 16:55:09] atras adelante alva pestafhas inicio
[2025-10-10 16:55:09] 
[2025-10-10 16:55:09] il o <
[2025-10-10 16:55:09] 
[2025-10-10 16:55:09] [OCR] (3.17s): 1654 ¢ @ © ro hall
[2025-10-10 16:55:09] 
[2025-10-10 16:55:09] q :
[2025-10-10 16:55:09] 
[2025-10-10 16:55:09] 
[2025-10-10 16:55:09] [OCR] (6.06s): 1654 ¢ @e
[2025-10-10 16:55:09] 
[2025-10-10 16:55:09] ky nataliaobregon.__ -
[2025-10-10 16:55:09] 
[2025-10-10 16:55:09] ovo .. mas
[2025-10-10 16:55:09] 
[2025-10-10 16:55:09] £1 seafret - atlantis
[2025-10-10 16:55:09] 
[2025-10-10 16:55:09] < >
[2025-10-10 16:55:09] 
[2025-10-10 16:55:09] atras adelante
[2025-10-10 16:55:09] 
[2025-10-10 16:55:09] nro full
[2025-10-10 16:55:09] 
[2025-10-10 16:55:09] q :
[2025-10-10 16:55:09] 
[2025-10-10 16:55:09] 77,5 mil
[2025-10-10 16:55:09] 
[2025-10-10 16:55:09] seguir
[2025-10-10 16:55:09] 
[2025-10-10 16:55:09] coe
[2025-10-10 16:55:09] 
[2025-10-10 16:55:09] @ buenos aires
[2025-10-10 16:55:09] 
[2025-10-10 16:55:09] rn im)
[2025-10-10 16:55:09] 
[2025-10-10 16:55:09] alva pestafhas inicio
[2025-10-10 16:55:09] 
[2025-10-10 16:55:09] o <
[2025-10-10 16:55:09] 
[2025-10-10 16:55:09] 
[2025-10-10 16:55:09] [TEST] Facebook Web - Feed loading
[2025-10-10 16:55:09] [OCR] (0.00s): 1654 ¢ @ © ry
[2025-10-10 16:55:09] 
[2025-10-10 16:55:09] mejor, petojamas te\daréla
[2025-10-10 16:55:09] 
[2025-10-10 16:55:09] eaecaen momen
[2025-10-10 16:55:09] 
[2025-10-10 16:55:09] \
[2025-10-10 16:55:09] \
[2025-10-10 16:55:09] 
[2025-10-10 16:55:09] ovo .. mas
[2025-10-10 16:55:09] £1 seafret - atlantis @ buenos aires
[2025-10-10 16:55:09] < > aw
[2025-10-10 16:55:09] atras adelante alva pestafhas
[2025-10-10 16:55:09] 
[2025-10-10 16:55:09] il o <
[2025-10-10 16:55:09] 
[2025-10-10 16:55:09] we all 7]
[2025-10-10 16:55:09] 
[2025-10-10 16:55:09] inicio
[2025-10-10 16:55:09] 
[2025-10-10 16:55:09] [OCR] (5.48s): 1654 ¢ @e nro full
[2025-10-10 16:55:09] 
[2025-10-10 16:55:09] q
[2025-10-10 16:55:09] 
[2025-10-10 16:55:09] < > nr im
[2025-10-10 16:55:09] 
[2025-10-10 16:55:09] atras adelante alva pestafhas inicio
[2025-10-10 16:55:09] 
[2025-10-10 16:55:09] il o <
[2025-10-10 16:55:09] 
[2025-10-10 16:55:09] 
[2025-10-10 16:55:09] [TEST] Facebook Web - Short video playback
[2025-10-10 16:55:09] [OCR] (0.00s): no full
[2025-10-10 16:55:09] 
[2025-10-10 16:55:09] facebook q=
[2025-10-10 16:55:09] a sg © @ @ b
[2025-10-10 16:55:09] 
[2025-10-10 16:55:09] what's on your mind? 2
[2025-10-10 16:55:09] photo
[2025-10-10 16:55:09] 
[2025-10-10 16:55:09] create story
[2025-10-10 16:55:09] 
[2025-10-10 16:55:09] < > a
[2025-10-10 16:55:09] 
[2025-10-10 16:55:09] atras adelante pestafhas inicio
[2025-10-10 16:55:09] 
[2025-10-10 16:55:09] 
[2025-10-10 16:55:09] [OCR] (3.41s): 1654 ¢ @e nro full
[2025-10-10 16:55:09] 
[2025-10-10 16:55:09] q
[2025-10-10 16:55:09] 
[2025-10-10 16:55:09] < > nr im
[2025-10-10 16:55:09] 
[2025-10-10 16:55:09] atras adelante alva pestafhas inicio
[2025-10-10 16:55:09] 
[2025-10-10 16:55:09] il o <
[2025-10-10 16:55:09] 
[2025-10-10 16:55:09] [OCR] (6.55s): 1654 ¢ @ nro full
[2025-10-10 16:55:09] 
[2025-10-10 16:55:09] < reels q @
[2025-10-10 16:55:09] 
[2025-10-10 16:55:09] @« tap to unmute
[2025-10-10 16:55:09] 
[2025-10-10 16:55:09] 415
[2025-10-10 16:55:09] < > ms 9 @
[2025-10-10 16:55:09] atras adelante alva pestafhas inicio
[2025-10-10 16:55:09] 
[2025-10-10 16:55:09] [INFO] Cerrando pestañas abiertas (fin de iteración)...
[2025-10-10 16:55:09] [INFO] Pestañas cerradas correctamente.
[2025-10-10 16:55:09] [INFO] 'Clear all' (Samsung) pulsado para cerrar las apps recientes.
[2025-10-10 16:55:09] 
[2025-10-10 16:55:09] [ITERACION 64]
[2025-10-10 16:55:09] 
[2025-10-10 16:55:09] [TEST] Instagram Web - Feed loading
[2025-10-10 16:55:09] [OCR] (0.00s): 1654 ¢ @e nro full
[2025-10-10 16:55:09] 
[2025-10-10 16:55:09] @ buscar o escribir url
[2025-10-10 16:55:09] 
[2025-10-10 16:55:09] a a rn (0) oo
[2025-10-10 16:55:09] 
[2025-10-10 16:55:09] perfil alva pestanas apps
[2025-10-10 16:55:09] 
[2025-10-10 16:55:09] iii o <
[2025-10-10 16:55:09] 
[2025-10-10 16:55:09] [OCR] (5.54s): no full
[2025-10-10 16:55:09] 
[2025-10-10 16:55:09] < > a
[2025-10-10 16:55:09] 
[2025-10-10 16:55:09] atras adelante pestafhas inicio
[2025-10-10 16:55:09] 
[2025-10-10 16:55:09] 
[2025-10-10 16:55:09] 
[2025-10-10 16:55:09] [TEST] Instagram Web - Short video playback
[2025-10-10 16:55:09] [OCR] (0.00s): 1654 ¢ @e
[2025-10-10 16:55:09] 
[2025-10-10 16:55:09] tu historia cuartetode...
[2025-10-10 16:55:09] 
[2025-10-10 16:55:09] < >
[2025-10-10 16:55:09] 
[2025-10-10 16:55:09] atras adelante
[2025-10-10 16:55:09] 
[2025-10-10 16:55:09] alva
[2025-10-10 16:55:09] 
[2025-10-10 16:55:09] pestanhas
[2025-10-10 16:55:09] 
[2025-10-10 16:55:09] nro full
[2025-10-10 16:55:09] 
[2025-10-10 16:55:09] a
[2025-10-10 16:55:09] 
[2025-10-10 16:55:09] inicio
[2025-10-10 16:55:09] 
[2025-10-10 16:55:09] <
[2025-10-10 16:55:09] 
[2025-10-10 16:55:09] [OCR] (3.32s): 1655 ¢ @@ ro full
[2025-10-10 16:55:09] 
[2025-10-10 16:55:09] q :
[2025-10-10 16:55:09] 
[2025-10-10 16:55:09] 
[2025-10-10 16:55:09] [OCR] (6.50s): 16:55 ¢ @ © nro full
[2025-10-10 16:55:09] 
[2025-10-10 16:55:09] q
[2025-10-10 16:55:09] 
[2025-10-10 16:55:09] todos tenemos a esa personita que
[2025-10-10 16:55:09] conocimos este afo, que sin
[2025-10-10 16:55:09] buscarlo llegé y en tan poco tiempo
[2025-10-10 16:55:09] se volvié tan especial.
[2025-10-10 16:55:09] 
[2025-10-10 16:55:09] 57,8 mil
[2025-10-10 16:55:09] 368
[2025-10-10 16:55:09] re) frasesjuveniles + seguir
[2025-10-10 16:55:09] y en poco tiempo se volvio tan especial... ... mas
[2025-10-10 16:55:09] fi andreavanzo_composer - soulmate x amélie x interstell bos
[2025-10-10 16:55:09] < > ms 9 @
[2025-10-10 16:55:09] atras adelante alva pestafhas inicio
[2025-10-10 16:55:09] 
[2025-10-10 16:55:09] il o <
[2025-10-10 16:55:09] 
[2025-10-10 16:55:09] 
[2025-10-10 16:56:55] [TEST] Facebook Web - Feed loading
[2025-10-10 16:56:55] [OCR] (0.00s): 16:55 ¢ @ © nro full
[2025-10-10 16:56:55] 
[2025-10-10 16:56:55] q
[2025-10-10 16:56:55] 
[2025-10-10 16:56:55] todos tenemos a esa personita que
[2025-10-10 16:56:55] conocimos este afo, que sin
[2025-10-10 16:56:55] buscarlo llegé y en tan poco tiempo
[2025-10-10 16:56:55] se volvié tan especial.
[2025-10-10 16:56:55] 
[2025-10-10 16:56:55] 57,8 mil
[2025-10-10 16:56:55] 368
[2025-10-10 16:56:55] oo frasesjuveniles + seguir
[2025-10-10 16:56:55] y en poco tiempo se volvio tan especial... ... mas
[2025-10-10 16:56:55] £1 zo_composer - soulmate x amélie x interstellar x passa bee
[2025-10-10 16:56:55] < > ms 9 @
[2025-10-10 16:56:55] atras adelante alva pestafhas inicio
[2025-10-10 16:56:55] 
[2025-10-10 16:56:55] il o <
[2025-10-10 16:56:55] 
[2025-10-10 16:56:55] [OCR] (6.26s): 16:55 ¢ € no full
[2025-10-10 16:56:55] 
[2025-10-10 16:56:55] @ what's on your mind? 2
[2025-10-10 16:56:55] @e
[2025-10-10 16:56:55] 
[2025-10-10 16:56:55] create story
[2025-10-10 16:56:55] 
[2025-10-10 16:56:55] conmebol.com . ooo x
[2025-10-10 16:56:55] «wan ] 2h + ©
[2025-10-10 16:56:55] j@laverde_fbf vencid sobre el final del partido a
[2025-10-10 16:56:55] jordania! 2
[2025-10-10 16:56:55] ... see more
[2025-10-10 16:56:55] 
[2025-10-10 16:56:55] @laverde_fbf won over jordan at the end of the game!
[2025-10-10 16:56:55] 
[2025-10-10 16:56:55] =e
[2025-10-10 16:56:55] 
[2025-10-10 16:56:55] translated from spanish
[2025-10-10 16:56:55] 
[2025-10-10 16:56:55] @
[2025-10-10 16:56:55] 
[2025-10-10 16:56:55] atras adelante pestafhas inicio
[2025-10-10 16:56:55] 
[2025-10-10 16:56:55] 
[2025-10-10 16:56:55] 
[2025-10-10 16:56:55] [TEST] Facebook Web - Short video playback
[2025-10-10 16:56:55] [OCR] (0.00s): 16:55 ¢ € no full
[2025-10-10 16:56:55] 
[2025-10-10 16:56:55] @ what's on your mind? 2
[2025-10-10 16:56:55] @e
[2025-10-10 16:56:55] 
[2025-10-10 16:56:55] create story
[2025-10-10 16:56:55] 
[2025-10-10 16:56:55] conmebol.com . ooo x
[2025-10-10 16:56:55] «wan ] 2h + ©
[2025-10-10 16:56:55] j@laverde_fbf vencid sobre el final del partido a
[2025-10-10 16:56:55] jordania! 2
[2025-10-10 16:56:55] ... see more
[2025-10-10 16:56:55] 
[2025-10-10 16:56:55] @laverde_fbf won over jordan at the end of the game!
[2025-10-10 16:56:55] 
[2025-10-10 16:56:55] =e
[2025-10-10 16:56:55] 
[2025-10-10 16:56:55] translated from spanish
[2025-10-10 16:56:55] 
[2025-10-10 16:56:55] @
[2025-10-10 16:56:55] 
[2025-10-10 16:56:55] atras adelante pestafhas inicio
[2025-10-10 16:56:55] 
[2025-10-10 16:56:55] 
[2025-10-10 16:56:55] [OCR] (4.18s): 16:55 ¢ @ nro full
[2025-10-10 16:56:55] 
[2025-10-10 16:56:55] i ! foleo k ia ewe
[2025-10-10 16:56:55] gy reels *.. ae to o@.
[2025-10-10 16:56:55] ac ee. al rrs ¢ 4 saw,
[2025-10-10 16:56:55] 
[2025-10-10 16:56:55] . + tap to unmute ,. ys
[2025-10-10 16:56:55] oy el gaye ' fe may i
[2025-10-10 16:56:55] ky
[2025-10-10 16:56:55] 
[2025-10-10 16:56:55] ie
[2025-10-10 16:56:55] =
[2025-10-10 16:56:55] ry
[2025-10-10 16:56:55] 
[2025-10-10 16:56:55] 77a laliaa & © follow
[2025-10-10 16:56:55] 
[2025-10-10 16:56:55] < > a a
[2025-10-10 16:56:55] 
[2025-10-10 16:56:55] atras adelante alva pestafhas inicio
[2025-10-10 16:56:55] 
[2025-10-10 16:56:55] [INFO] Cerrando pestañas abiertas (fin de iteración)...
[2025-10-10 16:56:55] [INFO] Pestañas cerradas correctamente.
[2025-10-10 16:56:55] [INFO] 'Clear all' (Samsung) pulsado para cerrar las apps recientes.
[2025-10-10 16:56:55] 
[2025-10-10 16:56:55] [ITERACION 65]
[2025-10-10 16:56:55] 
[2025-10-10 16:56:55] [TEST] Instagram Web - Feed loading
[2025-10-10 16:56:55] [OCR] (0.00s): whatsapp
[2025-10-10 16:56:55] 
[2025-10-10 16:56:55] 
[2025-10-10 16:56:55] 
[2025-10-10 16:56:55] [TEST] Instagram Web - Short video playback
[2025-10-10 16:56:55] [OCR] (0.00s): 1655 ¢ @ © ro ol
[2025-10-10 16:56:55] 
[2025-10-10 16:56:55] q
[2025-10-10 16:56:55] 
[2025-10-10 16:56:55] from
[2025-10-10 16:56:55] < > an @
[2025-10-10 16:56:55] atras adelante alva pestafhas inicio
[2025-10-10 16:56:55] 
[2025-10-10 16:56:55] il o <
[2025-10-10 16:56:55] 
[2025-10-10 16:56:55] [OCR] (3.21s): 1655 ¢ @@ ro full
[2025-10-10 16:56:55] 
[2025-10-10 16:56:55] q :
[2025-10-10 16:56:55] 
[2025-10-10 16:56:55] 
[2025-10-10 16:56:55] [OCR] (6.11s): 16:56 ¢ @ © nro sul
[2025-10-10 16:56:55] 
[2025-10-10 16:56:55] q }
[2025-10-10 16:56:55] 
[2025-10-10 16:56:55] 
[2025-10-10 16:56:55] 
[2025-10-10 16:56:55] [TEST] Facebook Web - Feed loading
[2025-10-10 16:56:55] [OCR] (0.00s): 16:56 ¢ @ © ro ol
[2025-10-10 16:56:55] 
[2025-10-10 16:56:55] q :
[2025-10-10 16:56:55] 
[2025-10-10 16:56:55] tu eres esa persona de la cual no
[2025-10-10 16:56:55] me arrepentiré de haber conocido y
[2025-10-10 16:56:55] de haber dejado entrar a mi vida,
[2025-10-10 16:56:55] gracias por tanto, perd6on por tan
[2025-10-10 16:56:55] . _—= ei poco. 9) me «
[2025-10-10 16:56:55] 
[2025-10-10 16:56:55] —
[2025-10-10 16:56:55] a 7]
[2025-10-10 16:56:55] 
[2025-10-10 16:56:55] ly { 17,3 mil
[2025-10-10 16:56:55] 
[2025-10-10 16:56:55] =: sn © i ==) ive
[2025-10-10 16:56:55] > ll “<7 . 7
[2025-10-10 16:56:55] ex jor anrobles_* § %
[2025-10-10 16:56:55] 
[2025-10-10 16:56:55] eguir
[2025-10-10 16:56:55] 
[2025-10-10 16:56:55] vp ly ztamigos #foryou #viralreels #1... mds
[2025-10-10 16:56:55] 
[2025-10-10 16:56:55] < > an @
[2025-10-10 16:56:55] atras
[2025-10-10 16:56:55] 
[2025-10-10 16:56:55] adelante alva
[2025-10-10 16:56:55] 
[2025-10-10 16:56:55] fa _jordanrobles_- audio original
[2025-10-10 16:56:55] 
[2025-10-10 16:56:55] pestanhas inicio
[2025-10-10 16:56:55] 
[2025-10-10 16:56:55] il o <
[2025-10-10 16:56:55] 
[2025-10-10 16:56:55] [OCR] (6.99s): 16:56 ¢ @
[2025-10-10 16:56:55] 
[2025-10-10 16:56:55] no full
[2025-10-10 16:56:55] 
[2025-10-10 16:56:55] facebook q=
[2025-10-10 16:56:55] ra] & oh ww yy 8b
[2025-10-10 16:56:55] 
[2025-10-10 16:56:55] @ what's on your mind? 2
[2025-10-10 16:56:55] @e photo
[2025-10-10 16:56:55] 
[2025-10-10 16:56:55] create story
[2025-10-10 16:56:55] 
[2025-10-10 16:56:55] ae mich &@ + follow coo x
[2025-10-10 16:56:55] 3h-@®
[2025-10-10 16:56:55] jla final que todos queremos! sas
[2025-10-10 16:56:55] 
[2025-10-10 16:56:55] absolutamente todos los amantes del futbo... see more
[2025-10-10 16:56:55] the end we all want! £3
[2025-10-10 16:56:55] 
[2025-10-10 16:56:55] absolutely all football lovers want to see brazil face ...
[2025-10-10 16:56:55] translated from spanish
[2025-10-10 16:56:55] 
[2025-10-10 16:56:55] >
[2025-10-10 16:56:55] 
[2025-10-10 16:56:55] atras adelante
[2025-10-10 16:56:55] 
[2025-10-10 16:56:55] pestafhas inicio
[2025-10-10 16:56:55] 
[2025-10-10 16:56:55] 
[2025-10-10 16:56:55] [TEST] Facebook Web - Short video playback
[2025-10-10 16:56:55] [OCR] (0.00s): 16:56 ¢ @
[2025-10-10 16:56:55] 
[2025-10-10 16:56:55] no full
[2025-10-10 16:56:55] 
[2025-10-10 16:56:55] facebook q=
[2025-10-10 16:56:55] ra] & oh ww yy 8b
[2025-10-10 16:56:55] 
[2025-10-10 16:56:55] @ what's on your mind? 2
[2025-10-10 16:56:55] @e photo
[2025-10-10 16:56:55] 
[2025-10-10 16:56:55] create story
[2025-10-10 16:56:55] 
[2025-10-10 16:56:55] ae mich &@ + follow coo x
[2025-10-10 16:56:55] 3h-@®
[2025-10-10 16:56:55] jla final que todos queremos! sas
[2025-10-10 16:56:55] 
[2025-10-10 16:56:55] absolutamente todos los amantes del futbo... see more
[2025-10-10 16:56:55] the end we all want! £3
[2025-10-10 16:56:55] 
[2025-10-10 16:56:55] absolutely all football lovers want to see brazil face ...
[2025-10-10 16:56:55] translated from spanish
[2025-10-10 16:56:55] 
[2025-10-10 16:56:55] >
[2025-10-10 16:56:55] 
[2025-10-10 16:56:55] atras adelante
[2025-10-10 16:56:55] 
[2025-10-10 16:56:55] pestafhas inicio
[2025-10-10 16:56:55] 
[2025-10-10 16:56:55] [INFO] Cerrando pestañas abiertas (fin de iteración)...
[2025-10-10 16:56:55] [INFO] Pestañas cerradas correctamente.
[2025-10-10 16:56:55] [INFO] 'Clear all' (Samsung) pulsado para cerrar las apps recientes.
[2025-10-10 16:56:55] 
[2025-10-10 16:56:55] [ITERACION 66]
[2025-10-10 16:56:55] 
[2025-10-10 16:56:55] [TEST] Instagram Web - Feed loading
[2025-10-10 16:56:55] [OCR] (0.00s): 16:56 ¢ @ © nro full
[2025-10-10 16:56:55] 
[2025-10-10 16:56:55] @ buscar o escribir url
[2025-10-10 16:56:55] 
[2025-10-10 16:56:55] a a rn (0) oo
[2025-10-10 16:56:55] 
[2025-10-10 16:56:55] perfil alva pestanas apps
[2025-10-10 16:56:55] 
[2025-10-10 16:56:55] iii o <
[2025-10-10 16:56:55] 
[2025-10-10 16:56:55] [OCR] (5.34s): no full
[2025-10-10 16:56:55] 
[2025-10-10 16:56:55] < > a
[2025-10-10 16:56:55] 
[2025-10-10 16:56:55] atras adelante pestafhas inicio
[2025-10-10 16:56:55] 
[2025-10-10 16:56:55] 
[2025-10-10 16:56:55] 
[2025-10-10 16:56:55] [TEST] Instagram Web - Short video playback
[2025-10-10 16:56:55] [OCR] (0.00s): 16:56 ¢ @ © ro ol
[2025-10-10 16:56:55] 
[2025-10-10 16:56:55] q
[2025-10-10 16:56:55] 
[2025-10-10 16:56:55] from
[2025-10-10 16:56:55] < > an @
[2025-10-10 16:56:55] atras adelante alva pestafhas inicio
[2025-10-10 16:56:55] 
[2025-10-10 16:56:55] il o <
[2025-10-10 16:56:55] 
[2025-10-10 16:56:55] [OCR] (3.21s): 16:56 ¢ @ © nro sul
[2025-10-10 16:56:55] 
[2025-10-10 16:56:55] q :
[2025-10-10 16:56:55] 
[2025-10-10 16:56:55] 
[2025-10-10 16:56:55] [OCR] (6.29s): 16:56 ¢ @ © ro full
[2025-10-10 16:56:55] 
[2025-10-10 16:56:55] q :
[2025-10-10 16:56:55] 
[2025-10-10 16:56:55] 
[2025-10-10 16:56:55] 
[2025-10-10 16:56:55] [TEST] Facebook Web - Feed loading
[2025-10-10 16:56:55] [OCR] (0.00s): 16:56 ¢ @ © nro full
[2025-10-10 16:56:55] 
[2025-10-10 16:56:55] q
[2025-10-10 16:56:55] 
[2025-10-10 16:56:55] 9600
[2025-10-10 16:56:55] 8
[2025-10-10 16:56:55] javier_m_20 + seguir
[2025-10-10 16:56:55] @checa2616._
[2025-10-10 16:56:55] £2 avier_m_20 - audio origir & checa2616._ [|
[2025-10-10 16:56:55] < > an im
[2025-10-10 16:56:55] atras adelante alva pestafhas inicio
[2025-10-10 16:56:55] 
[2025-10-10 16:56:55] il o <
[2025-10-10 16:56:55] 
[2025-10-10 16:56:55] [OCR] (3.66s): ko eoull @
[2025-10-10 16:56:55] 
[2025-10-10 16:56:55] qe=
[2025-10-10 16:56:55] a s&s © @ @ b
[2025-10-10 16:56:55] 
[2025-10-10 16:56:55] what's on your mind?
[2025-10-10 16:56:55] photo
[2025-10-10 16:56:55] 
[2025-10-10 16:56:55] ' a
[2025-10-10 16:56:55] 
[2025-10-10 16:56:55] pestanas inicio
[2025-10-10 16:56:55] 
[2025-10-10 16:56:55] <
[2025-10-10 16:56:55] 
[2025-10-10 16:56:55] atras adelante
[2025-10-10 16:56:55] 
[2025-10-10 16:56:55] 
[2025-10-10 16:56:55] 
[2025-10-10 16:56:55] [TEST] Facebook Web - Short video playback
[2025-10-10 16:59:07] [OCR] (0.00s): no full
[2025-10-10 16:59:07] 
[2025-10-10 16:59:07] facebook q=
[2025-10-10 16:59:07] a s&s © @ @ b
[2025-10-10 16:59:07] 
[2025-10-10 16:59:07] @ what's on your mind? 2
[2025-10-10 16:59:07] @e photo
[2025-10-10 16:59:07] 
[2025-10-10 16:59:07] < > a
[2025-10-10 16:59:07] 
[2025-10-10 16:59:07] atras adelante pestafhas inicio
[2025-10-10 16:59:07] 
[2025-10-10 16:59:07] 
[2025-10-10 16:59:07] [OCR] (3.36s): 16:56 ¢ @ © nro full
[2025-10-10 16:59:07] 
[2025-10-10 16:59:07] q
[2025-10-10 16:59:07] 
[2025-10-10 16:59:07] < > nr im
[2025-10-10 16:59:07] 
[2025-10-10 16:59:07] atras adelante alva pestafhas inicio
[2025-10-10 16:59:07] 
[2025-10-10 16:59:07] il o <
[2025-10-10 16:59:07] 
[2025-10-10 16:59:07] [INFO] Cerrando pestañas abiertas (fin de iteración)...
[2025-10-10 16:59:07] [INFO] Pestañas cerradas correctamente.
[2025-10-10 16:59:07] [INFO] 'Clear all' (Samsung) pulsado para cerrar las apps recientes.
[2025-10-10 16:59:07] 
[2025-10-10 16:59:07] [ITERACION 67]
[2025-10-10 16:59:07] 
[2025-10-10 16:59:07] [TEST] Instagram Web - Feed loading
[2025-10-10 16:59:07] [OCR] (0.00s): whatsapp
[2025-10-10 16:59:07] 
[2025-10-10 16:59:07] 
[2025-10-10 16:59:07] 
[2025-10-10 16:59:07] [TEST] Instagram Web - Short video playback
[2025-10-10 16:59:07] [OCR] (0.00s): 
[2025-10-10 16:59:07] [OCR] (6.76s): 1657 ¢ @ © ro hall
[2025-10-10 16:59:07] 
[2025-10-10 16:59:07] q :
[2025-10-10 16:59:07] 
[2025-10-10 16:59:07] 
[2025-10-10 16:59:07] 
[2025-10-10 16:59:07] [TEST] Facebook Web - Feed loading
[2025-10-10 16:59:07] [OCR] (0.00s): 1657 ¢ @ © ro ol
[2025-10-10 16:59:07] 
[2025-10-10 16:59:07] q
[2025-10-10 16:59:07] 
[2025-10-10 16:59:07] sé que las personas van y
[2025-10-10 16:59:07] vienen pero por favor, ftuno
[2025-10-10 16:59:07] te vayas, tu no.
[2025-10-10 16:59:07] 
[2025-10-10 16:59:07] q tile ve i ms
[2025-10-10 16:59:07] 
[2025-10-10 16:59:07] | iy
[2025-10-10 16:59:07] 3 1878
[2025-10-10 16:59:07] 
[2025-10-10 16:59:07] \ z edison_santi7 - seguir
[2025-10-10 16:59:07] 
[2025-10-10 16:59:07] ya se fue ... mas
[2025-10-10 16:59:07] 
[2025-10-10 16:59:07] fi edison_santi7 - audio original
[2025-10-10 16:59:07] < > nw im
[2025-10-10 16:59:07] 
[2025-10-10 16:59:07] atras adelante alva pestafhas inicio
[2025-10-10 16:59:07] 
[2025-10-10 16:59:07] il o <
[2025-10-10 16:59:07] 
[2025-10-10 16:59:07] [OCR] (4.79s): no full
[2025-10-10 16:59:07] 
[2025-10-10 16:59:07] q
[2025-10-10 16:59:07] facebook qe=
[2025-10-10 16:59:07] as © © @ 8
[2025-10-10 16:59:07] @ what's on your mind? 2
[2025-10-10 16:59:07] 
[2025-10-10 16:59:07] create story
[2025-10-10 16:59:07] 
[2025-10-10 16:59:07] opinion bolivia + follow ooo x
[2025-10-10 16:59:07] 2h: ©
[2025-10-10 16:59:07] 
[2025-10-10 16:59:07] golazo de robson matheus la verde vencio a
[2025-10-10 16:59:07] la mundialista jordania (1-0).
[2025-10-10 16:59:07] 
[2025-10-10 16:59:07] goal by robson matheus, the verde beat the
[2025-10-10 16:59:07] world team jordan (1-0).
[2025-10-10 16:59:07] translated from spanish
[2025-10-10 16:59:07] 
[2025-10-10 16:59:07] el lider de los deportes
[2025-10-10 16:59:07] 2h: ©
[2025-10-10 16:59:07] 
[2025-10-10 16:59:07] s29 #laultima | jiijgano bolivia!!! con
[2025-10-10 16:59:07] 
[2025-10-10 16:59:07] <
[2025-10-10 16:59:07] 
[2025-10-10 16:59:07] atras adelante pestafhas inicio
[2025-10-10 16:59:07] 
[2025-10-10 16:59:07] 
[2025-10-10 16:59:07] 
[2025-10-10 16:59:07] [TEST] Facebook Web - Short video playback
[2025-10-10 16:59:07] [OCR] (0.00s): 16:57 ¢ @ © nro full
[2025-10-10 16:59:07] 
[2025-10-10 16:59:07] q
[2025-10-10 16:59:07] 
[2025-10-10 16:59:07] < > nr im
[2025-10-10 16:59:07] 
[2025-10-10 16:59:07] atras adelante alva pestafhas inicio
[2025-10-10 16:59:07] 
[2025-10-10 16:59:07] [OCR] (3.22s): 16:57 ¢ @ nro full
[2025-10-10 16:59:07] 
[2025-10-10 16:59:07] < reels q @
[2025-10-10 16:59:07] 
[2025-10-10 16:59:07] @« tap to unmute
[2025-10-10 16:59:07] 
[2025-10-10 16:59:07] aya luis vanez_ & © | follow
[2025-10-10 16:59:07] 
[2025-10-10 16:59:07] < > nr im
[2025-10-10 16:59:07] 
[2025-10-10 16:59:07] atras adelante alva pestafhas inicio
[2025-10-10 16:59:07] 
[2025-10-10 16:59:07] [INFO] Cerrando pestañas abiertas (fin de iteración)...
[2025-10-10 16:59:07] [INFO] Pestañas cerradas correctamente.
[2025-10-10 16:59:07] [INFO] 'Clear all' (Samsung) pulsado para cerrar las apps recientes.
[2025-10-10 16:59:07] 
[2025-10-10 16:59:07] [ITERACION 68]
[2025-10-10 16:59:07] 
[2025-10-10 16:59:07] [TEST] Instagram Web - Feed loading
[2025-10-10 16:59:07] [OCR] (0.00s): whatsapp
[2025-10-10 16:59:07] 
[2025-10-10 16:59:07] 
[2025-10-10 16:59:07] 
[2025-10-10 16:59:07] [TEST] Instagram Web - Short video playback
[2025-10-10 16:59:07] [OCR] (0.00s): 16:58 ¢ @ © nro sul
[2025-10-10 16:59:07] 
[2025-10-10 16:59:07] q :
[2025-10-10 16:59:07] 
[2025-10-10 16:59:07] 
[2025-10-10 16:59:07] [OCR] (3.07s): 16:58 ¢ @ © roe ull
[2025-10-10 16:59:07] 
[2025-10-10 16:59:07] q :
[2025-10-10 16:59:07] 
[2025-10-10 16:59:07] 
[2025-10-10 16:59:07] [OCR] (5.95s): <
[2025-10-10 16:59:07] 
[2025-10-10 16:59:07] o
[2025-10-10 16:59:07] 
[2025-10-10 16:59:07] 
[2025-10-10 16:59:07] [TEST] Facebook Web - Feed loading
[2025-10-10 16:59:07] [OCR] (0.00s): 16:58 ¢ @ © nro full
[2025-10-10 16:59:07] 
[2025-10-10 16:59:07] q
[2025-10-10 16:59:07] 
[2025-10-10 16:59:07] < > nr im
[2025-10-10 16:59:07] 
[2025-10-10 16:59:07] atras adelante alva pestafhas inicio
[2025-10-10 16:59:07] 
[2025-10-10 16:59:07] il o <
[2025-10-10 16:59:07] 
[2025-10-10 16:59:07] [OCR] (3.53s): no full
[2025-10-10 16:59:07] 
[2025-10-10 16:59:07] facebook q=
[2025-10-10 16:59:07] a sg © @ @ b
[2025-10-10 16:59:07] 
[2025-10-10 16:59:07] what's on your mind? 2
[2025-10-10 16:59:07] photo
[2025-10-10 16:59:07] 
[2025-10-10 16:59:07] create story
[2025-10-10 16:59:07] 
[2025-10-10 16:59:07] < > a
[2025-10-10 16:59:07] 
[2025-10-10 16:59:07] atras adelante pestafhas inicio
[2025-10-10 16:59:07] 
[2025-10-10 16:59:07] 
[2025-10-10 16:59:07] 
[2025-10-10 16:59:07] [TEST] Facebook Web - Short video playback
[2025-10-10 16:59:07] [OCR] (0.00s): no full
[2025-10-10 16:59:07] 
[2025-10-10 16:59:07] facebook q=
[2025-10-10 16:59:07] a sg © @ @ b
[2025-10-10 16:59:07] 
[2025-10-10 16:59:07] @ what's on your mind? 2
[2025-10-10 16:59:07] @e photo
[2025-10-10 16:59:07] 
[2025-10-10 16:59:07] create story
[2025-10-10 16:59:07] 
[2025-10-10 16:59:07] casas de campo y mas. * follow ooo x
[2025-10-10 16:59:07] 1d-®
[2025-10-10 16:59:07] 
[2025-10-10 16:59:07] eb “la casa de los suefios: elegancia natural entre
[2025-10-10 16:59:07] flores y encanto” £3
[2025-10-10 16:59:07] 
[2025-10-10 16:59:07] eb "the house of dreams: natural elegance between
[2025-10-10 16:59:07] flowers and charm" 43
[2025-10-10 16:59:07] translated from spanish
[2025-10-10 16:59:07] 
[2025-10-10 16:59:07] < > a
[2025-10-10 16:59:07] 
[2025-10-10 16:59:07] atras adelante
[2025-10-10 16:59:07] 
[2025-10-10 16:59:07] pestafhas inicio
[2025-10-10 16:59:07] 
[2025-10-10 16:59:07] [INFO] Cerrando pestañas abiertas (fin de iteración)...
[2025-10-10 16:59:07] [INFO] Pestañas cerradas correctamente.
[2025-10-10 16:59:07] [INFO] 'Clear all' (Samsung) pulsado para cerrar las apps recientes.
[2025-10-10 16:59:07] 
[2025-10-10 16:59:07] [ITERACION 69]
[2025-10-10 16:59:07] 
[2025-10-10 16:59:07] [TEST] Instagram Web - Feed loading
[2025-10-10 16:59:07] [OCR] (0.00s): 16:58 ¢ @ © nro full
[2025-10-10 16:59:07] 
[2025-10-10 16:59:07] @ buscar o escribir url
[2025-10-10 16:59:07] 
[2025-10-10 16:59:07] a a rn (0) oo
[2025-10-10 16:59:07] 
[2025-10-10 16:59:07] perfil alva pestanas apps
[2025-10-10 16:59:07] 
[2025-10-10 16:59:07] iii o <
[2025-10-10 16:59:07] 
[2025-10-10 16:59:07] [OCR] (5.38s): no full
[2025-10-10 16:59:07] 
[2025-10-10 16:59:07] < > a
[2025-10-10 16:59:07] 
[2025-10-10 16:59:07] atras adelante pestafhas inicio
[2025-10-10 16:59:07] 
[2025-10-10 16:59:07] 
[2025-10-10 16:59:07] 
[2025-10-10 16:59:07] [TEST] Instagram Web - Short video playback
[2025-10-10 16:59:07] [OCR] (0.00s): 16:58 ¢ @ © nro sul
[2025-10-10 16:59:07] 
[2025-10-10 16:59:07] q :
[2025-10-10 16:59:07] 
[2025-10-10 16:59:07] 
[2025-10-10 16:59:07] [OCR] (3.04s): 16:58 ¢ @ © roe ull
[2025-10-10 16:59:07] 
[2025-10-10 16:59:07] q :
[2025-10-10 16:59:07] 
[2025-10-10 16:59:07] 
[2025-10-10 16:59:07] [OCR] (6.01s): 16:58 ¢ @ © nro full
[2025-10-10 16:59:07] 
[2025-10-10 16:59:07] q
[2025-10-10 16:59:07] 
[2025-10-10 16:59:07] 10,7 mil
[2025-10-10 16:59:07] 35
[2025-10-10 16:59:07] fp cristhian_melendres_oficial + seguir
[2025-10-10 16:59:07] e& .. mas
[2025-10-10 16:59:07] fi tweets.deprimido - audio original 9
[2025-10-10 16:59:07] < > an @
[2025-10-10 16:59:07] atras adelante alva pestanas inicio
[2025-10-10 16:59:07] 
[2025-10-10 16:59:07] il o <
[2025-10-10 16:59:07] 
[2025-10-10 16:59:07] 
[2025-10-10 16:59:07] [TEST] Facebook Web - Feed loading
[2025-10-10 16:59:07] [OCR] (0.00s): 16:58 ¢ @ © nro full
[2025-10-10 16:59:07] 
[2025-10-10 16:59:07] q
[2025-10-10 16:59:07] 
[2025-10-10 16:59:07] < > nr im
[2025-10-10 16:59:07] 
[2025-10-10 16:59:07] atras adelante alva pestafhas inicio
[2025-10-10 16:59:07] 
[2025-10-10 16:59:07] il o <
[2025-10-10 16:59:07] 
[2025-10-10 16:59:07] [OCR] (3.61s): no full
[2025-10-10 16:59:07] 
[2025-10-10 16:59:07] facebook q=
[2025-10-10 16:59:07] a s&s © @ @ b
[2025-10-10 16:59:07] 
[2025-10-10 16:59:07] @ what's on your mind? 2
[2025-10-10 16:59:07] @e photo
[2025-10-10 16:59:07] 
[2025-10-10 16:59:07] < > a
[2025-10-10 16:59:07] 
[2025-10-10 16:59:07] atras adelante pestafhas inicio
[2025-10-10 16:59:07] 
[2025-10-10 16:59:07] 
[2025-10-10 16:59:07] 
[2025-10-10 16:59:07] [TEST] Facebook Web - Short video playback
[2025-10-10 16:59:07] [OCR] (0.00s): 16:59 ¢ € no full
[2025-10-10 16:59:07] 
[2025-10-10 16:59:07] q
[2025-10-10 16:59:07] 
[2025-10-10 16:59:07] facebook q=
[2025-10-10 16:59:07] a sg © @ @ b
[2025-10-10 16:59:07] 
[2025-10-10 16:59:07] @ what's on your mind? 2
[2025-10-10 16:59:07] @e
[2025-10-10 16:59:07] 
[2025-10-10 16:59:07] photo
[2025-10-10 16:59:07] 
[2025-10-10 16:59:07] create story
[2025-10-10 16:59:07] 
[2025-10-10 16:59:07] casas de campo y mas. * follow ooo x
[2025-10-10 16:59:07] 3d°-@
[2025-10-10 16:59:07] 
[2025-10-10 16:59:07] e3“un rincon tropical donde los suefios florecen bajo
[2025-10-10 16:59:07] el sol "45 jla casa perfecta para vivir rodeado de
[2025-10-10 16:59:07] naturaleza y color!” a3&@
[2025-10-10 16:59:07] 
[2025-10-10 16:59:07] —3a tropical corner where dreams bloom under the
[2025-10-10 17:00:56] sun "is the perfect house to live surrounded by
[2025-10-10 17:00:56] nature and color!” ag&.
[2025-10-10 17:00:56] 
[2025-10-10 17:00:56] translated from spanish
[2025-10-10 17:00:56] 
[2025-10-10 17:00:56] atras adelante
[2025-10-10 17:00:56] 
[2025-10-10 17:00:56] inicio
[2025-10-10 17:00:56] 
[2025-10-10 17:00:56] [INFO] Cerrando pestañas abiertas (fin de iteración)...
[2025-10-10 17:00:56] [INFO] Pestañas cerradas correctamente.
[2025-10-10 17:00:56] [INFO] 'Clear all' (Samsung) pulsado para cerrar las apps recientes.
[2025-10-10 17:00:56] 
[2025-10-10 17:00:56] [ITERACION 70]
[2025-10-10 17:00:56] 
[2025-10-10 17:00:56] [TEST] Instagram Web - Feed loading
[2025-10-10 17:00:56] [OCR] (0.00s): 1659 ¢ @@ nro full
[2025-10-10 17:00:56] 
[2025-10-10 17:00:56] @ buscar o escribir url
[2025-10-10 17:00:56] 
[2025-10-10 17:00:56] a a rn (0) oo
[2025-10-10 17:00:56] 
[2025-10-10 17:00:56] perfil alva pestanas apps
[2025-10-10 17:00:56] 
[2025-10-10 17:00:56] iii o <
[2025-10-10 17:00:56] 
[2025-10-10 17:00:56] [OCR] (5.51s): no full
[2025-10-10 17:00:56] 
[2025-10-10 17:00:56] < > a
[2025-10-10 17:00:56] 
[2025-10-10 17:00:56] atras adelante pestafhas inicio
[2025-10-10 17:00:56] 
[2025-10-10 17:00:56] 
[2025-10-10 17:00:56] 
[2025-10-10 17:00:56] [TEST] Instagram Web - Short video playback
[2025-10-10 17:00:56] [OCR] (0.00s): 1659 ¢ @@ nro sul
[2025-10-10 17:00:56] 
[2025-10-10 17:00:56] q :
[2025-10-10 17:00:56] 
[2025-10-10 17:00:56] 
[2025-10-10 17:00:56] [OCR] (3.02s): 1659 ¢ @ © ro hall
[2025-10-10 17:00:56] 
[2025-10-10 17:00:56] q :
[2025-10-10 17:00:56] 
[2025-10-10 17:00:56] 
[2025-10-10 17:00:56] [OCR] (6.15s): 1659 ¢ @ © ro i ul
[2025-10-10 17:00:56] 
[2025-10-10 17:00:56] q :
[2025-10-10 17:00:56] 
[2025-10-10 17:00:56] cade romero gist p60 cong,
[2025-10-10 17:00:56]  cortwterte on un tesoro que
[2025-10-10 17:00:56] @rerdore of pow vem on
[2025-10-10 17:00:56] 
[2025-10-10 17:00:56] —- ru coranern
[2025-10-10 17:00:56] 
[2025-10-10 17:00:56] 10
[2025-10-10 17:00:56] 
[2025-10-10 17:00:56] (s) jhondop_ + seguir
[2025-10-10 17:00:56] 
[2025-10-10 17:00:56] sigueme ® ... mas
[2025-10-10 17:00:56] 
[2025-10-10 17:00:56] fa jnondop_- audio original
[2025-10-10 17:00:56] < > rn @
[2025-10-10 17:00:56] 
[2025-10-10 17:00:56] atras adelante alva pestafhas inicio
[2025-10-10 17:00:56] 
[2025-10-10 17:00:56] eco
[2025-10-10 17:00:56] 
[2025-10-10 17:00:56] il o <
[2025-10-10 17:00:56] 
[2025-10-10 17:00:56] 
[2025-10-10 17:00:56] [TEST] Facebook Web - Feed loading
[2025-10-10 17:00:56] [OCR] (0.00s): 1659 ¢ @@ nro full
[2025-10-10 17:00:56] 
[2025-10-10 17:00:56] q
[2025-10-10 17:00:56] 
[2025-10-10 17:00:56] cada momento que paso contigo,
[2025-10-10 17:00:56] se convierte en un tesoro que
[2025-10-10 17:00:56] guardaré de por vida en
[2025-10-10 17:00:56] mi corazon.
[2025-10-10 17:00:56] 
[2025-10-10 17:00:56] 9944
[2025-10-10 17:00:56] 10
[2025-10-10 17:00:56] ( 7) jhondop_- seguir
[2025-10-10 17:00:56] sigueme ® ... mas
[2025-10-10 17:00:56] ff jhondop_- audio original si
[2025-10-10 17:00:56] < > an @
[2025-10-10 17:00:56] atras adelante alva pestanas inicio
[2025-10-10 17:00:56] 
[2025-10-10 17:00:56] il o <
[2025-10-10 17:00:56] 
[2025-10-10 17:00:56] [OCR] (4.17s): no full
[2025-10-10 17:00:56] 
[2025-10-10 17:00:56] q
[2025-10-10 17:00:56] 
[2025-10-10 17:00:56] facebook q=
[2025-10-10 17:00:56] a sg © @ @ b
[2025-10-10 17:00:56] 
[2025-10-10 17:00:56] @ what's on your mind? 2
[2025-10-10 17:00:56] @e photo
[2025-10-10 17:00:56] 
[2025-10-10 17:00:56] create story
[2025-10-10 17:00:56] 
[2025-10-10 17:00:56] casas de campo y mas. * follow ooo x
[2025-10-10 17:00:56] 3d°-@
[2025-10-10 17:00:56] 
[2025-10-10 17:00:56] e3“un rincon tropical donde los suefios florecen bajo
[2025-10-10 17:00:56] 
[2025-10-10 17:00:56] el sol "45 jla casa perfecta para vivir rodeado de
[2025-10-10 17:00:56] naturaleza y color!” a3&@
[2025-10-10 17:00:56] 
[2025-10-10 17:00:56] —3a tropical corner where dreams bloom under the
[2025-10-10 17:00:56] sun "4.5 the perfect house to live surrounded by
[2025-10-10 17:00:56] nature and color!” ag&.
[2025-10-10 17:00:56] 
[2025-10-10 17:00:56] translated from spanish
[2025-10-10 17:00:56] 
[2025-10-10 17:00:56] < > a
[2025-10-10 17:00:56] 
[2025-10-10 17:00:56] atras adelante pestafhas inicio
[2025-10-10 17:00:56] 
[2025-10-10 17:00:56] 
[2025-10-10 17:00:56] [TEST] Facebook Web - Short video playback
[2025-10-10 17:00:56] [OCR] (0.00s): 16:59 ¢ € no full
[2025-10-10 17:00:56] 
[2025-10-10 17:00:56] q
[2025-10-10 17:00:56] 
[2025-10-10 17:00:56] facebook q=
[2025-10-10 17:00:56] a sg © @ @ b
[2025-10-10 17:00:56] 
[2025-10-10 17:00:56] @ what's on your mind? 2
[2025-10-10 17:00:56] @e
[2025-10-10 17:00:56] 
[2025-10-10 17:00:56] photo
[2025-10-10 17:00:56] 
[2025-10-10 17:00:56] create story
[2025-10-10 17:00:56] 
[2025-10-10 17:00:56] casas de campo y mas. * follow ooo x
[2025-10-10 17:00:56] 3d°-@
[2025-10-10 17:00:56] 
[2025-10-10 17:00:56] e3“un rincon tropical donde los suefios florecen bajo
[2025-10-10 17:00:56] el sol "45 jla casa perfecta para vivir rodeado de
[2025-10-10 17:00:56] naturaleza y color!” a3&@
[2025-10-10 17:00:56] 
[2025-10-10 17:00:56] —3a tropical corner where dreams bloom under the
[2025-10-10 17:00:56] sun "is the perfect house to live surrounded by
[2025-10-10 17:00:56] nature and color!” ag&.
[2025-10-10 17:00:56] 
[2025-10-10 17:00:56] translated from spanish
[2025-10-10 17:00:56] 
[2025-10-10 17:00:56] atras adelante
[2025-10-10 17:00:56] 
[2025-10-10 17:00:56] inicio
[2025-10-10 17:00:56] 
[2025-10-10 17:00:56] [INFO] Cerrando pestañas abiertas (fin de iteración)...
[2025-10-10 17:00:56] [INFO] Pestañas cerradas correctamente.
[2025-10-10 17:00:56] [INFO] 'Clear all' (Samsung) pulsado para cerrar las apps recientes.
[2025-10-10 17:00:56] 
[2025-10-10 17:00:56] [ITERACION 71]
[2025-10-10 17:00:56] 
[2025-10-10 17:00:56] [TEST] Instagram Web - Feed loading
[2025-10-10 17:00:56] [OCR] (0.00s): whatsapp
[2025-10-10 17:00:56] 
[2025-10-10 17:00:56] 
[2025-10-10 17:00:56] 
[2025-10-10 17:00:56] [TEST] Instagram Web - Short video playback
[2025-10-10 17:00:56] [OCR] (0.00s): 1700 ¢ @@ ro full
[2025-10-10 17:00:56] 
[2025-10-10 17:00:56] q :
[2025-10-10 17:00:56] 
[2025-10-10 17:00:56] 
[2025-10-10 17:00:56] [OCR] (3.03s): 1700 ¢ @@ ro hall
[2025-10-10 17:00:56] 
[2025-10-10 17:00:56] q :
[2025-10-10 17:00:56] 
[2025-10-10 17:00:56] 
[2025-10-10 17:00:56] [OCR] (5.95s): 1700 ¢ @@ ro full
[2025-10-10 17:00:56] 
[2025-10-10 17:00:56] q
[2025-10-10 17:00:56] 
[2025-10-10 17:00:56] o
[2025-10-10 17:00:56] ras
[2025-10-10 17:00:56] bsbe&eases b
[2025-10-10 17:00:56] 
[2025-10-10 17:00:56] 
[2025-10-10 17:00:56] [TEST] Facebook Web - Feed loading
[2025-10-10 17:00:56] [OCR] (0.00s): 17:00 ¢ @ ©
[2025-10-10 17:00:56] 
[2025-10-10 17:00:56] ni sigiuiera las palabras mas
[2025-10-10 17:00:56] +lindas; los textos mas largos
[2025-10-10 17:00:56] o las sonrisas mas tontas
[2025-10-10 17:00:56] mostrarfan lo mucho
[2025-10-10 17:00:56] que siento por ti.
[2025-10-10 17:00:56] 
[2025-10-10 17:00:56] ( ®) jhondop_ + seguir
[2025-10-10 17:00:56] etiqueta a tu persona favorita ® ... mas
[2025-10-10 17:00:56] 
[2025-10-10 17:00:56] fa jnondop_- audio original
[2025-10-10 17:00:56] 
[2025-10-10 17:00:56] < > nk
[2025-10-10 17:00:56] 
[2025-10-10 17:00:56] atras adelante alva pestanhas
[2025-10-10 17:00:56] 
[2025-10-10 17:00:56] nro full
[2025-10-10 17:00:56] 
[2025-10-10 17:00:56] q
[2025-10-10 17:00:56] 
[2025-10-10 17:00:56] il o <
[2025-10-10 17:00:56] 
[2025-10-10 17:00:56] [OCR] (4.76s): 17:00 ¢ @ no full
[2025-10-10 17:00:56] 
[2025-10-10 17:00:56] q
[2025-10-10 17:00:56] facebook q=
[2025-10-10 17:00:56] ae ss © @ ® gs
[2025-10-10 17:00:56] 
[2025-10-10 17:00:56] @ what's on your mind?
[2025-10-10 17:00:56] photo
[2025-10-10 17:00:56] 
[2025-10-10 17:00:56] create story
[2025-10-10 17:00:56] 
[2025-10-10 17:00:56] .» natur curiosities + follow coo x
[2025-10-10 17:00:56] 19h @
[2025-10-10 17:00:56] 
[2025-10-10 17:00:56] "en lo que pienso todo el dia" & @l}w
[2025-10-10 17:00:56] 
[2025-10-10 17:00:56] "what | think about all day" & @ jw
[2025-10-10 17:00:56] translated from spanish
[2025-10-10 17:00:56] 
[2025-10-10 17:00:56] atras adelante
[2025-10-10 17:00:56] 
[2025-10-10 17:00:56] pestanas ttaltette)
[2025-10-10 17:00:56] 
[2025-10-10 17:00:56] 
[2025-10-10 17:00:56] [TEST] Facebook Web - Short video playback
[2025-10-10 17:00:56] [OCR] (0.00s): 17:00 ¢ @ no full
[2025-10-10 17:00:56] 
[2025-10-10 17:00:56] q
[2025-10-10 17:00:56] facebook q=
[2025-10-10 17:00:56] ae ss © @ ® gs
[2025-10-10 17:00:56] 
[2025-10-10 17:00:56] @ what's on your mind?
[2025-10-10 17:00:56] photo
[2025-10-10 17:00:56] 
[2025-10-10 17:00:56] create story
[2025-10-10 17:00:56] 
[2025-10-10 17:00:56] .» natur curiosities + follow coo x
[2025-10-10 17:00:56] 19h @
[2025-10-10 17:00:56] 
[2025-10-10 17:00:56] "en lo que pienso todo el dia" & @l}w
[2025-10-10 17:00:56] 
[2025-10-10 17:00:56] "what | think about all day" & @ jw
[2025-10-10 17:00:56] translated from spanish
[2025-10-10 17:00:56] 
[2025-10-10 17:00:56] atras adelante
[2025-10-10 17:00:56] 
[2025-10-10 17:00:56] pestanas ttaltette)
[2025-10-10 17:00:56] 
[2025-10-10 17:00:56] [INFO] Cerrando pestañas abiertas (fin de iteración)...
[2025-10-10 17:00:56] [INFO] Pestañas cerradas correctamente.
[2025-10-10 17:00:56] [INFO] 'Clear all' (Samsung) pulsado para cerrar las apps recientes.
[2025-10-10 17:00:56] 
[2025-10-10 17:00:56] [ITERACION 72]
[2025-10-10 17:00:56] 
[2025-10-10 17:00:56] [TEST] Instagram Web - Feed loading
[2025-10-10 17:00:56] [OCR] (0.00s): 17:00 ¢ @ © nro full
[2025-10-10 17:00:56] 
[2025-10-10 17:00:56] @ buscar o escribir url
[2025-10-10 17:00:56] 
[2025-10-10 17:00:56] a a rn (0) oo
[2025-10-10 17:00:56] 
[2025-10-10 17:00:56] perfil alva pestanas apps
[2025-10-10 17:00:56] 
[2025-10-10 17:00:56] iii o <
[2025-10-10 17:00:56] 
[2025-10-10 17:00:56] [OCR] (5.96s): no full
[2025-10-10 17:00:56] 
[2025-10-10 17:00:56] < > a
[2025-10-10 17:00:56] 
[2025-10-10 17:00:56] atras adelante pestafhas inicio
[2025-10-10 17:00:56] 
[2025-10-10 17:00:56] 
[2025-10-10 17:00:56] 
[2025-10-10 17:00:56] [TEST] Instagram Web - Short video playback
[2025-10-10 17:03:09] [OCR] (0.00s): 17:00 ¢ @ ©
[2025-10-10 17:03:09] 
[2025-10-10 17:03:09] tu historia cuartetode...
[2025-10-10 17:03:09] 
[2025-10-10 17:03:09] < >
[2025-10-10 17:03:09] 
[2025-10-10 17:03:09] atras adelante
[2025-10-10 17:03:09] 
[2025-10-10 17:03:09] alva
[2025-10-10 17:03:09] 
[2025-10-10 17:03:09] pestanhas
[2025-10-10 17:03:09] 
[2025-10-10 17:03:09] nro full
[2025-10-10 17:03:09] 
[2025-10-10 17:03:09] a
[2025-10-10 17:03:09] 
[2025-10-10 17:03:09] inicio
[2025-10-10 17:03:09] 
[2025-10-10 17:03:09] <
[2025-10-10 17:03:09] 
[2025-10-10 17:03:09] [OCR] (3.38s): 1700 ¢ @@ ro hall
[2025-10-10 17:03:09] 
[2025-10-10 17:03:09] q :
[2025-10-10 17:03:09] 
[2025-10-10 17:03:09] 
[2025-10-10 17:03:09] [OCR] (6.59s): 1701 ¢ @@ nro full
[2025-10-10 17:03:09] 
[2025-10-10 17:03:09] q :
[2025-10-10 17:03:09] 
[2025-10-10 17:03:09] podria sentarme contigo por horas
[2025-10-10 17:03:09] 
[2025-10-10 17:03:09] sin hacer nada y aun asi disfrutario,
[2025-10-10 17:03:09] 
[2025-10-10 17:03:09] simplemente porque me encanta tu
[2025-10-10 17:03:09] presencia
[2025-10-10 17:03:09] 
[2025-10-10 17:03:09] » eo. ‘
[2025-10-10 17:03:09] . 9d: < et + ee p 29,8 mil
[2025-10-10 17:03:09] 
[2025-10-10 17:03:09] 80
[2025-10-10 17:03:09] ry leodazaguivin + seguir
[2025-10-10 17:03:09] fa eodazaguivin - mezcla: _jordanrobles_ + audio original le |
[2025-10-10 17:03:09] < > an @
[2025-10-10 17:03:09] atras adelante alva pestanas inicio
[2025-10-10 17:03:09] 
[2025-10-10 17:03:09] il o <
[2025-10-10 17:03:09] 
[2025-10-10 17:03:09] 
[2025-10-10 17:03:09] [TEST] Facebook Web - Feed loading
[2025-10-10 17:03:09] [OCR] (0.00s): 1701 ¢ @@
[2025-10-10 17:03:09] 
[2025-10-10 17:03:09] no full
[2025-10-10 17:03:09] 
[2025-10-10 17:03:09] q
[2025-10-10 17:03:09] 
[2025-10-10 17:03:09] podria sentarme contigo por horas
[2025-10-10 17:03:09] sin hacer nada y aun asi disfrutarlo,
[2025-10-10 17:03:09] simplemente porque me encanta tu
[2025-10-10 17:03:09] 
[2025-10-10 17:03:09] presencia
[2025-10-10 17:03:09] > 7's a
[2025-10-10 17:03:09] wr eae °
[2025-10-10 17:03:09] € leodazaguivin * seguir
[2025-10-10 17:03:09] 
[2025-10-10 17:03:09] ff :aguivin - mezcla: _jordanrobles_ + audio original leoda
[2025-10-10 17:03:09] 
[2025-10-10 17:03:09] < >
[2025-10-10 17:03:09] 
[2025-10-10 17:03:09] atras adelante
[2025-10-10 17:03:09] 
[2025-10-10 17:03:09] an
[2025-10-10 17:03:09] 
[2025-10-10 17:03:09] alva
[2025-10-10 17:03:09] 
[2025-10-10 17:03:09] o
[2025-10-10 17:03:09] 
[2025-10-10 17:03:09] pestanhas
[2025-10-10 17:03:09] 
[2025-10-10 17:03:09] coe
[2025-10-10 17:03:09] 
[2025-10-10 17:03:09] inicio
[2025-10-10 17:03:09] 
[2025-10-10 17:03:09] <
[2025-10-10 17:03:09] 
[2025-10-10 17:03:09] [OCR] (5.37s): 1701 ¢ @@ nro full
[2025-10-10 17:03:09] 
[2025-10-10 17:03:09] q
[2025-10-10 17:03:09] 
[2025-10-10 17:03:09] < > nr im
[2025-10-10 17:03:09] 
[2025-10-10 17:03:09] atras adelante alva pestafhas inicio
[2025-10-10 17:03:09] 
[2025-10-10 17:03:09] il o <
[2025-10-10 17:03:09] 
[2025-10-10 17:03:09] 
[2025-10-10 17:03:09] [TEST] Facebook Web - Short video playback
[2025-10-10 17:03:09] [OCR] (0.00s): no full
[2025-10-10 17:03:09] 
[2025-10-10 17:03:09] facebook q=
[2025-10-10 17:03:09] ® ss ©® @ a b
[2025-10-10 17:03:09] 
[2025-10-10 17:03:09] @ what's on your mind? 2
[2025-10-10 17:03:09] @e photo
[2025-10-10 17:03:09] 
[2025-10-10 17:03:09] < > a
[2025-10-10 17:03:09] 
[2025-10-10 17:03:09] atras adelante pestafhas inicio
[2025-10-10 17:03:09] 
[2025-10-10 17:03:09] 
[2025-10-10 17:03:09] [OCR] (3.33s): 17:1 ¢ @ nro full
[2025-10-10 17:03:09] 
[2025-10-10 17:03:09] < reels q @
[2025-10-10 17:03:09] 
[2025-10-10 17:03:09] @« tap to unmute
[2025-10-10 17:03:09] 
[2025-10-10 17:03:09] fy golivianos jpsl. © follow
[2025-10-10 17:03:09] 
[2025-10-10 17:03:09] < > nr im
[2025-10-10 17:03:09] 
[2025-10-10 17:03:09] atras adelante alva pestafhas inicio
[2025-10-10 17:03:09] 
[2025-10-10 17:03:09] [INFO] Cerrando pestañas abiertas (fin de iteración)...
[2025-10-10 17:03:09] [INFO] Pestañas cerradas correctamente.
[2025-10-10 17:03:09] [INFO] 'Clear all' (Samsung) pulsado para cerrar las apps recientes.
[2025-10-10 17:03:09] 
[2025-10-10 17:03:09] [ITERACION 73]
[2025-10-10 17:03:09] 
[2025-10-10 17:03:09] [TEST] Instagram Web - Feed loading
[2025-10-10 17:03:09] [OCR] (0.00s): 1701 ¢ @@ nro full
[2025-10-10 17:03:09] 
[2025-10-10 17:03:09] @ buscar o escribir url
[2025-10-10 17:03:09] 
[2025-10-10 17:03:09] a a rn (0) oo
[2025-10-10 17:03:09] 
[2025-10-10 17:03:09] perfil alva pestanas apps
[2025-10-10 17:03:09] 
[2025-10-10 17:03:09] iii o <
[2025-10-10 17:03:09] 
[2025-10-10 17:03:09] [OCR] (5.73s): no full
[2025-10-10 17:03:09] 
[2025-10-10 17:03:09] < > a
[2025-10-10 17:03:09] 
[2025-10-10 17:03:09] atras adelante pestafhas inicio
[2025-10-10 17:03:09] 
[2025-10-10 17:03:09] 
[2025-10-10 17:03:09] 
[2025-10-10 17:03:09] [TEST] Instagram Web - Short video playback
[2025-10-10 17:03:09] [OCR] (0.00s): 1701 ¢@@ ro full
[2025-10-10 17:03:09] 
[2025-10-10 17:03:09] q :
[2025-10-10 17:03:09] 
[2025-10-10 17:03:09] 
[2025-10-10 17:03:09] [OCR] (3.04s): 1701 ¢ @ © ro hall
[2025-10-10 17:03:09] 
[2025-10-10 17:03:09] q :
[2025-10-10 17:03:09] 
[2025-10-10 17:03:09] 
[2025-10-10 17:03:09] [OCR] (6.21s): 1701 ¢@@ ro full
[2025-10-10 17:03:09] 
[2025-10-10 17:03:09] q }
[2025-10-10 17:03:09] 
[2025-10-10 17:03:09] 
[2025-10-10 17:03:09] 
[2025-10-10 17:03:09] [TEST] Facebook Web - Feed loading
[2025-10-10 17:03:09] [OCR] (0.00s): 1701 ¢ @@ nro full
[2025-10-10 17:03:09] 
[2025-10-10 17:03:09] q
[2025-10-10 17:03:09] 
[2025-10-10 17:03:09] haberte encontrado mientras
[2025-10-10 17:03:09] no buscaba nada, fue lo mas
[2025-10-10 17:03:09] lindo que me pudo pasar!
[2025-10-10 17:03:09] vv
[2025-10-10 17:03:09] 
[2025-10-10 17:03:09] ?
[2025-10-10 17:03:09] 2 la
[2025-10-10 17:03:09] 
[2025-10-10 17:03:09] ee ("x
[2025-10-10 17:03:09] inne
[2025-10-10 17:03:09] 
[2025-10-10 17:03:09] @ viral an
[2025-10-10 17:03:09] 
[2025-10-10 17:03:09] adelante pestafhas inicio
[2025-10-10 17:03:09] 
[2025-10-10 17:03:09] il <
[2025-10-10 17:03:09] 
[2025-10-10 17:03:09] 
[2025-10-10 17:03:09] [OCR] (6.92s): no full
[2025-10-10 17:03:09] 
[2025-10-10 17:03:09] facebook q=
[2025-10-10 17:03:09] a s&s © @ @ b
[2025-10-10 17:03:09] 
[2025-10-10 17:03:09] @ what's on your mind? 2
[2025-10-10 17:03:09] @e photo
[2025-10-10 17:03:09] 
[2025-10-10 17:03:09] < > a
[2025-10-10 17:03:09] 
[2025-10-10 17:03:09] atras adelante pestafhas inicio
[2025-10-10 17:03:09] 
[2025-10-10 17:03:09] 
[2025-10-10 17:03:09] 
[2025-10-10 17:03:09] [TEST] Facebook Web - Short video playback
[2025-10-10 17:03:09] [OCR] (0.00s): no full
[2025-10-10 17:03:09] 
[2025-10-10 17:03:09] facebook q=
[2025-10-10 17:03:09] a s&s © @ @ b
[2025-10-10 17:03:09] 
[2025-10-10 17:03:09] @ what's on your mind? 2
[2025-10-10 17:03:09] @e photo
[2025-10-10 17:03:09] 
[2025-10-10 17:03:09] < > a
[2025-10-10 17:03:09] 
[2025-10-10 17:03:09] atras adelante pestafhas inicio
[2025-10-10 17:03:09] 
[2025-10-10 17:03:09] 
[2025-10-10 17:03:09] [OCR] (3.31s): 1702 ¢ @ © nro full
[2025-10-10 17:03:09] 
[2025-10-10 17:03:09] q
[2025-10-10 17:03:09] 
[2025-10-10 17:03:09] < > nr im
[2025-10-10 17:03:09] 
[2025-10-10 17:03:09] atras adelante alva pestafhas inicio
[2025-10-10 17:03:09] 
[2025-10-10 17:03:09] il o <
[2025-10-10 17:03:09] 
[2025-10-10 17:03:09] [OCR] (6.42s): 17:02 ¢ @ nro full
[2025-10-10 17:03:09] 
[2025-10-10 17:03:09] < reels q @
[2025-10-10 17:03:09] 
[2025-10-10 17:03:09] @« tap to unmute
[2025-10-10 17:03:09] 
[2025-10-10 17:03:09] th
[2025-10-10 17:03:09] q
[2025-10-10 17:03:09] 
[2025-10-10 17:03:09] 2
[2025-10-10 17:03:09] 
[2025-10-10 17:03:09] nexo) nexo snorts © follow 8
[2025-10-10 17:03:09] 
[2025-10-10 17:03:09] < > nr im
[2025-10-10 17:03:09] 
[2025-10-10 17:03:09] atras adelante alva pestafhas inicio
[2025-10-10 17:03:09] 
[2025-10-10 17:03:09] w
[2025-10-10 17:03:09] =
[2025-10-10 17:03:09] wo
[2025-10-10 17:03:09] 
[2025-10-10 17:03:09] 
[2025-10-10 17:03:09] [INFO] Cerrando pestañas abiertas (fin de iteración)...
[2025-10-10 17:03:09] [INFO] Pestañas cerradas correctamente.
[2025-10-10 17:03:09] [INFO] 'Clear all' (Samsung) pulsado para cerrar las apps recientes.
[2025-10-10 17:03:09] 
[2025-10-10 17:03:09] [ITERACION 74]
[2025-10-10 17:03:09] 
[2025-10-10 17:03:09] [TEST] Instagram Web - Feed loading
[2025-10-10 17:03:09] [OCR] (0.00s): whatsapp
[2025-10-10 17:03:09] 
[2025-10-10 17:03:09] 
[2025-10-10 17:03:09] 
[2025-10-10 17:03:09] [TEST] Instagram Web - Short video playback
[2025-10-10 17:03:09] [OCR] (0.00s): 1702 ¢@@ ro ff ull
[2025-10-10 17:03:09] 
[2025-10-10 17:03:09] q :
[2025-10-10 17:03:09] 
[2025-10-10 17:03:09] 
[2025-10-10 17:03:09] [OCR] (3.06s): 1702 ¢ @ © ro ye ull
[2025-10-10 17:03:09] 
[2025-10-10 17:03:09] q :
[2025-10-10 17:03:09] 
[2025-10-10 17:03:09] 
[2025-10-10 17:03:09] [OCR] (6.09s): 1702 ¢@@ ro ff ull
[2025-10-10 17:03:09] 
[2025-10-10 17:03:09] q
[2025-10-10 17:03:09] 
[2025-10-10 17:03:09] o
[2025-10-10 17:03:09] ras
[2025-10-10 17:03:09] bsbe&eases b
[2025-10-10 17:03:09] 
[2025-10-10 17:03:09] 
[2025-10-10 17:03:09] [TEST] Facebook Web - Feed loading
[2025-10-10 17:03:09] [OCR] (0.00s): 1702 ¢@@ no ff ull
[2025-10-10 17:03:09] 
[2025-10-10 17:03:09] q
[2025-10-10 17:03:09] 
[2025-10-10 17:03:09] y como no quererte, si mi
[2025-10-10 17:03:09] corazoncito volvi6é a
[2025-10-10 17:03:09] sentirse feliz desde que tu
[2025-10-10 17:03:09] llegaste a mi vida y
[2025-10-10 17:03:09] 
[2025-10-10 17:03:09] )
[2025-10-10 17:03:09] 
[2025-10-10 17:03:09] 112 mil
[2025-10-10 17:03:09] 
[2025-10-10 17:03:09] -— at
[2025-10-10 17:03:09] ge chirila004 + seguir 7
[2025-10-10 17:03:09] 
[2025-10-10 17:03:09] feliz. #parati #foryou #work #fyp #viral #peru : ... mas
[2025-10-10 17:03:09] 
[2025-10-10 17:03:09] £1 chirila004 - audio original
[2025-10-10 17:03:09] 
[2025-10-10 17:03:09] < > ay im
[2025-10-10 17:03:09] 
[2025-10-10 17:03:09] atras adelante alva pestafhas inicio
[2025-10-10 17:03:09] 
[2025-10-10 17:03:09] il o <
[2025-10-10 17:03:09] 
[2025-10-10 17:03:09] [OCR] (5.15s): 17:02 ¢ €
[2025-10-10 17:03:09] 
[2025-10-10 17:03:09] ro ge ll i
[2025-10-10 17:03:09] 
[2025-10-10 17:03:09] qe=
[2025-10-10 17:03:09] s © @®© @ 8
[2025-10-10 17:03:09] 
[2025-10-10 17:03:09] @ what's on your mind? 2
[2025-10-10 17:03:09] @e photo
[2025-10-10 17:03:09] 
[2025-10-10 17:03:09] create story
[2025-10-10 17:03:09] 
[2025-10-10 17:03:09] &
[2025-10-10 17:03:09] 
[2025-10-10 17:03:09] engineering information - ooo x
[2025-10-10 17:03:09] y 3m - ©
[2025-10-10 17:03:09] 
[2025-10-10 17:03:09] atras adelante
[2025-10-10 17:03:09] 
[2025-10-10 17:03:09] pestafhas inicio
[2025-10-10 17:03:09] 
[2025-10-10 17:03:09] 
[2025-10-10 17:03:09] 
[2025-10-10 17:03:09] [TEST] Facebook Web - Short video playback
[2025-10-10 17:03:09] [OCR] (0.00s): 17:02 ¢ €
[2025-10-10 17:03:09] 
[2025-10-10 17:03:09] ro ge ll i
[2025-10-10 17:03:09] 
[2025-10-10 17:03:09] qe=
[2025-10-10 17:03:09] s © @®© @ 8
[2025-10-10 17:03:09] 
[2025-10-10 17:03:09] @ what's on your mind? 2
[2025-10-10 17:03:09] @e photo
[2025-10-10 17:03:09] 
[2025-10-10 17:03:09] create story
[2025-10-10 17:03:09] 
[2025-10-10 17:03:09] &
[2025-10-10 17:03:09] 
[2025-10-10 17:03:09] engineering information - ooo x
[2025-10-10 17:03:09] y 3m - ©
[2025-10-10 17:03:09] 
[2025-10-10 17:03:09] atras adelante
[2025-10-10 17:03:09] 
[2025-10-10 17:03:09] pestafhas inicio
[2025-10-10 17:03:09] 
[2025-10-10 17:03:09] 
[2025-10-10 17:03:09] [OCR] (5.08s): 17:02 ¢ @ © no ff ull
[2025-10-10 17:03:09] 
[2025-10-10 17:03:09] | « tap to unmute
[2025-10-10 17:03:09] 
[2025-10-10 17:03:09] adelante
[2025-10-10 17:03:09] 
[2025-10-10 17:03:09] 
[2025-10-10 17:03:09] [INFO] Cerrando pestañas abiertas (fin de iteración)...
[2025-10-10 17:03:09] [INFO] Pestañas cerradas correctamente.
[2025-10-10 17:05:39] [INFO] 'Clear all' (Samsung) pulsado para cerrar las apps recientes.
[2025-10-10 17:05:39] 
[2025-10-10 17:05:39] [ITERACION 75]
[2025-10-10 17:05:39] 
[2025-10-10 17:05:39] [TEST] Instagram Web - Feed loading
[2025-10-10 17:05:39] [OCR] (0.00s): whatsapp
[2025-10-10 17:05:39] 
[2025-10-10 17:05:39] 
[2025-10-10 17:05:39] 
[2025-10-10 17:05:39] [TEST] Instagram Web - Short video playback
[2025-10-10 17:05:39] [OCR] (0.00s): 17:03 ¢ @@ ro full
[2025-10-10 17:05:39] 
[2025-10-10 17:05:39] q :
[2025-10-10 17:05:39] 
[2025-10-10 17:05:39] 
[2025-10-10 17:05:39] [OCR] (3.10s): 1703 ¢ @@ ro ye ull
[2025-10-10 17:05:39] 
[2025-10-10 17:05:39] q :
[2025-10-10 17:05:39] 
[2025-10-10 17:05:39] 
[2025-10-10 17:05:39] [OCR] (6.03s): <
[2025-10-10 17:05:39] 
[2025-10-10 17:05:39] o
[2025-10-10 17:05:39] 
[2025-10-10 17:05:39] 
[2025-10-10 17:05:39] [TEST] Facebook Web - Feed loading
[2025-10-10 17:05:39] [OCR] (0.00s): 17:3 ¢ @ © ro gf ull
[2025-10-10 17:05:39] 
[2025-10-10 17:05:39] vt al
[2025-10-10 17:05:39] 
[2025-10-10 17:05:39] q
[2025-10-10 17:05:39] 
[2025-10-10 17:05:39] te podria decir miles de
[2025-10-10 17:05:39] cosas, pero solo quiero
[2025-10-10 17:05:39] recordarte que te quiero,
[2025-10-10 17:05:39] que te adoro y que en mi
[2025-10-10 17:05:39] vida lo eres todo. ¥
[2025-10-10 17:05:39] 
[2025-10-10 17:05:39] 30,4 mil
[2025-10-10 17:05:39] 52
[2025-10-10 17:05:39] @ quinteros_1° seguir
[2025-10-10 17:05:39] #reels #girl #fyp #parati #reelsinstagram #vire .. mas
[2025-10-10 17:05:39] fa 0s_1- audio original qu & quinteros_.1
[2025-10-10 17:05:39] < > an a
[2025-10-10 17:05:39] atras adelante alva pestanas inicio
[2025-10-10 17:05:39] 
[2025-10-10 17:05:39] il o <
[2025-10-10 17:05:39] 
[2025-10-10 17:05:39] [OCR] (5.51s): ro fe ull i
[2025-10-10 17:05:39] 
[2025-10-10 17:05:39] q
[2025-10-10 17:05:39] facebook q=
[2025-10-10 17:05:39] 6 & ) ce he ir
[2025-10-10 17:05:39] 
[2025-10-10 17:05:39] @ what's on your mind? 2
[2025-10-10 17:05:39] @e photo
[2025-10-10 17:05:39] 
[2025-10-10 17:05:39] create story
[2025-10-10 17:05:39] 
[2025-10-10 17:05:39] as dream house story : gav.. ° follow sss x
[2025-10-10 17:05:39] sy reels > aug21° &
[2025-10-10 17:05:39] 
[2025-10-10 17:05:39] cozy wooden house
[2025-10-10 17:05:39] 
[2025-10-10 17:05:39] atras adelante
[2025-10-10 17:05:39] 
[2025-10-10 17:05:39] pestafhas inicio
[2025-10-10 17:05:39] 
[2025-10-10 17:05:39] 
[2025-10-10 17:05:39] 
[2025-10-10 17:05:39] [TEST] Facebook Web - Short video playback
[2025-10-10 17:05:39] [OCR] (0.00s): 17:03 ¢ €
[2025-10-10 17:05:39] 
[2025-10-10 17:05:39] @ 4 what's on your mind?
[2025-10-10 17:05:39] 
[2025-10-10 17:05:39] create story
[2025-10-10 17:05:39] 
[2025-10-10 17:05:39] > } dream house story : 300...
[2025-10-10 17:05:39] 
[2025-10-10 17:05:39] reels > aug21°- &
[2025-10-10 17:05:39] 
[2025-10-10 17:05:39] cozy wooden house
[2025-10-10 17:05:39] 
[2025-10-10 17:05:39] atras adelante
[2025-10-10 17:05:39] 
[2025-10-10 17:05:39] pestanhas
[2025-10-10 17:05:39] 
[2025-10-10 17:05:39] ro ge ll i
[2025-10-10 17:05:39] 
[2025-10-10 17:05:39] q
[2025-10-10 17:05:39] 
[2025-10-10 17:05:39] photo
[2025-10-10 17:05:39] 
[2025-10-10 17:05:39] a
[2025-10-10 17:05:39] 
[2025-10-10 17:05:39] inicio
[2025-10-10 17:05:39] 
[2025-10-10 17:05:39] 
[2025-10-10 17:05:39] [INFO] Cerrando pestañas abiertas (fin de iteración)...
[2025-10-10 17:05:39] [INFO] Pestañas cerradas correctamente.
[2025-10-10 17:05:39] [INFO] 'Clear all' (Samsung) pulsado para cerrar las apps recientes.
[2025-10-10 17:05:39] 
[2025-10-10 17:05:39] [ITERACION 76]
[2025-10-10 17:05:39] 
[2025-10-10 17:05:39] [TEST] Instagram Web - Feed loading
[2025-10-10 17:05:39] [OCR] (0.00s): whatsapp
[2025-10-10 17:05:39] 
[2025-10-10 17:05:39] 
[2025-10-10 17:05:39] 
[2025-10-10 17:05:39] [TEST] Instagram Web - Short video playback
[2025-10-10 17:05:39] [OCR] (0.00s): 1704 ¢@o ro ff ull
[2025-10-10 17:05:39] 
[2025-10-10 17:05:39] q :
[2025-10-10 17:05:39] 
[2025-10-10 17:05:39] 
[2025-10-10 17:05:39] [OCR] (2.99s): 17:04 ¢ qo ro ye ull
[2025-10-10 17:05:39] 
[2025-10-10 17:05:39] q :
[2025-10-10 17:05:39] 
[2025-10-10 17:05:39] 
[2025-10-10 17:05:39] [OCR] (6.01s): 1704 ¢@o ro ff ull
[2025-10-10 17:05:39] 
[2025-10-10 17:05:39] q :
[2025-10-10 17:05:39] 
[2025-10-10 17:05:39] 
[2025-10-10 17:05:39] 
[2025-10-10 17:05:39] [TEST] Facebook Web - Feed loading
[2025-10-10 17:05:39] [OCR] (0.00s): 1704 ¢@@ no ff ull
[2025-10-10 17:05:39] 
[2025-10-10 17:05:39] q
[2025-10-10 17:05:39] 
[2025-10-10 17:05:39] eres la forma mas bonita
[2025-10-10 17:05:39] que tuvo la vida de decirme
[2025-10-10 17:05:39] que atin puedo ser feliz.
[2025-10-10 17:05:39] 
[2025-10-10 17:05:39] i 15,9 mil
[2025-10-10 17:05:39] 58
[2025-10-10 17:05:39] ( ®) jhondop_ + seguir
[2025-10-10 17:05:39] sigueme para mejorar tu algoritmo ® ... mas
[2025-10-10 17:05:39] fa jhondop_- audio original isl
[2025-10-10 17:05:39] < > zn a
[2025-10-10 17:05:39] atras adelante alva pestanas inicio
[2025-10-10 17:05:39] 
[2025-10-10 17:05:39] il o <
[2025-10-10 17:05:39] 
[2025-10-10 17:05:39] [OCR] (4.49s): ro ge ll i
[2025-10-10 17:05:39] 
[2025-10-10 17:05:39] facebook q=
[2025-10-10 17:05:39] a sg © @ @ b
[2025-10-10 17:05:39] 
[2025-10-10 17:05:39] @ what's on your mind? 2
[2025-10-10 17:05:39] @e photo
[2025-10-10 17:05:39] 
[2025-10-10 17:05:39] create story
[2025-10-10 17:05:39] 
[2025-10-10 17:05:39] < > a
[2025-10-10 17:05:39] 
[2025-10-10 17:05:39] atras adelante pestafhas inicio
[2025-10-10 17:05:39] 
[2025-10-10 17:05:39] 
[2025-10-10 17:05:39] 
[2025-10-10 17:05:39] [TEST] Facebook Web - Short video playback
[2025-10-10 17:05:39] [OCR] (0.00s): 1704 ¢ @
[2025-10-10 17:05:39] 
[2025-10-10 17:05:39] q
[2025-10-10 17:05:39] facebook q=
[2025-10-10 17:05:39] eo 8s © @ ®@ bs
[2025-10-10 17:05:39] 
[2025-10-10 17:05:39] @ what's on your mind?
[2025-10-10 17:05:39] photo
[2025-10-10 17:05:39] 
[2025-10-10 17:05:39] create story
[2025-10-10 17:05:39] 
[2025-10-10 17:05:39] .» natur curiosities + follow coo x
[2025-10-10 17:05:39] 19h @
[2025-10-10 17:05:39] 
[2025-10-10 17:05:39] "en lo que pienso todo el dia" & @l}w
[2025-10-10 17:05:39] 
[2025-10-10 17:05:39] "what | think about all day" & @ jw
[2025-10-10 17:05:39] translated from spanish
[2025-10-10 17:05:39] 
[2025-10-10 17:05:39] atras adelante pestafhas inicio
[2025-10-10 17:05:39] 
[2025-10-10 17:05:39] 
[2025-10-10 17:05:39] [INFO] Cerrando pestañas abiertas (fin de iteración)...
[2025-10-10 17:05:39] [INFO] Pestañas cerradas correctamente.
[2025-10-10 17:05:39] [INFO] 'Clear all' (Samsung) pulsado para cerrar las apps recientes.
[2025-10-10 17:05:39] 
[2025-10-10 17:05:39] [ITERACION 77]
[2025-10-10 17:05:39] 
[2025-10-10 17:05:39] [TEST] Instagram Web - Feed loading
[2025-10-10 17:05:39] [OCR] (0.00s): whatsapp
[2025-10-10 17:05:39] 
[2025-10-10 17:05:39] 
[2025-10-10 17:05:39] 
[2025-10-10 17:05:39] [TEST] Instagram Web - Short video playback
[2025-10-10 17:05:39] [OCR] (0.00s): 1704 ¢@@ no ff ull
[2025-10-10 17:05:39] 
[2025-10-10 17:05:39] q
[2025-10-10 17:05:39] 
[2025-10-10 17:05:39] from
[2025-10-10 17:05:39] < > an @
[2025-10-10 17:05:39] atras adelante alva pestafhas inicio
[2025-10-10 17:05:39] 
[2025-10-10 17:05:39] il o <
[2025-10-10 17:05:39] 
[2025-10-10 17:05:39] [OCR] (3.19s): 1704 ¢@@ no ff ull
[2025-10-10 17:05:39] 
[2025-10-10 17:05:39] q
[2025-10-10 17:05:39] 
[2025-10-10 17:05:39] < > nr im
[2025-10-10 17:05:39] 
[2025-10-10 17:05:39] atras adelante alva pestafhas inicio
[2025-10-10 17:05:39] 
[2025-10-10 17:05:39] il o <
[2025-10-10 17:05:39] 
[2025-10-10 17:05:39] [OCR] (6.18s): 17:04 ¢ qo ro ye ull
[2025-10-10 17:05:39] 
[2025-10-10 17:05:39] q :
[2025-10-10 17:05:39] 
[2025-10-10 17:05:39] 
[2025-10-10 17:05:39] 
[2025-10-10 17:05:39] [TEST] Facebook Web - Feed loading
[2025-10-10 17:05:39] [OCR] (0.00s): ro ge ll i
[2025-10-10 17:05:39] 
[2025-10-10 17:05:39] 1704 ¢@@
[2025-10-10 17:05:39] 
[2025-10-10 17:05:39] para mi vasa ser especial
[2025-10-10 17:05:39] toda la vida. ¥
[2025-10-10 17:05:39] 
[2025-10-10 17:05:39] / /
[2025-10-10 17:05:39] 
[2025-10-10 17:05:39] 71,8 mil
[2025-10-10 17:05:39] 
[2025-10-10 17:05:39] ‘
[2025-10-10 17:05:39] is) _jordanrobles_+ seguir
[2025-10-10 17:05:39] 
[2025-10-10 17:05:39] toda mi vida... w#amigos #foryou #viralreels i ... mas
[2025-10-10 17:05:39] 
[2025-10-10 17:05:39] eco
[2025-10-10 17:05:39] 
[2025-10-10 17:05:39] £2 _jordanrobles_- audio original
[2025-10-10 17:05:39] < > an @
[2025-10-10 17:05:39] atras adelante alva pestafhas inicio
[2025-10-10 17:05:39] 
[2025-10-10 17:05:39] il o <
[2025-10-10 17:05:39] 
[2025-10-10 17:05:39] [OCR] (5.47s): 17:05 ¢ @@ no ff ull
[2025-10-10 17:05:39] 
[2025-10-10 17:05:39] q
[2025-10-10 17:05:39] 
[2025-10-10 17:05:39] < > nr im
[2025-10-10 17:05:39] 
[2025-10-10 17:05:39] atras adelante alva pestafhas inicio
[2025-10-10 17:05:39] 
[2025-10-10 17:05:39] il o <
[2025-10-10 17:05:39] 
[2025-10-10 17:05:39] 
[2025-10-10 17:05:39] [TEST] Facebook Web - Short video playback
[2025-10-10 17:05:39] [OCR] (0.00s): 17:05 ¢ @ no ff ull
[2025-10-10 17:05:39] 
[2025-10-10 17:05:39] q :
[2025-10-10 17:05:39] 
[2025-10-10 17:05:39] < > nr im
[2025-10-10 17:05:39] 
[2025-10-10 17:05:39] atras adelante alva pestafhas inicio
[2025-10-10 17:05:39] 
[2025-10-10 17:05:39] [OCR] (3.44s): 17:05 ¢ @ no ff ull
[2025-10-10 17:05:39] 
[2025-10-10 17:05:39] < reels q @
[2025-10-10 17:05:39] 
[2025-10-10 17:05:39] @« tap to unmute
[2025-10-10 17:05:39] 
[2025-10-10 17:05:39] casas riisticas © follow
[2025-10-10 17:05:39] 
[2025-10-10 17:05:39] < > nr im
[2025-10-10 17:05:39] 
[2025-10-10 17:05:39] atras adelante alva pestafhas inicio
[2025-10-10 17:05:39] 
[2025-10-10 17:05:39] [INFO] Cerrando pestañas abiertas (fin de iteración)...
[2025-10-10 17:05:39] [INFO] Pestañas cerradas correctamente.
[2025-10-10 17:05:39] [INFO] 'Clear all' (Samsung) pulsado para cerrar las apps recientes.
[2025-10-10 17:05:39] 
[2025-10-10 17:05:39] [ITERACION 78]
[2025-10-10 17:05:39] 
[2025-10-10 17:05:39] [TEST] Instagram Web - Feed loading
[2025-10-10 17:05:39] [OCR] (0.00s): whatsapp
[2025-10-10 17:05:39] 
[2025-10-10 17:05:39] 
[2025-10-10 17:05:39] 
[2025-10-10 17:05:39] [TEST] Instagram Web - Short video playback
[2025-10-10 17:05:39] [OCR] (0.00s): 17:05 ¢@¢ no ff ull
[2025-10-10 17:05:39] 
[2025-10-10 17:05:39] q
[2025-10-10 17:05:39] 
[2025-10-10 17:05:39] from
[2025-10-10 17:05:39] < > an @
[2025-10-10 17:05:39] atras adelante alva pestafhas inicio
[2025-10-10 17:05:39] 
[2025-10-10 17:05:39] il o <
[2025-10-10 17:05:39] 
[2025-10-10 17:05:39] [OCR] (3.10s): 17:05 ¢ @@ no ff ull
[2025-10-10 17:05:39] 
[2025-10-10 17:05:39] q
[2025-10-10 17:05:39] 
[2025-10-10 17:05:39] < > nr im
[2025-10-10 17:05:39] 
[2025-10-10 17:05:39] atras adelante alva pestafhas inicio
[2025-10-10 17:05:39] 
[2025-10-10 17:05:39] il o <
[2025-10-10 17:05:39] 
[2025-10-10 17:07:54] [OCR] (6.48s): 17:05 ¢ @@ no ff ull
[2025-10-10 17:07:54] 
[2025-10-10 17:07:54] q
[2025-10-10 17:07:54] 
[2025-10-10 17:07:54] < > nr im
[2025-10-10 17:07:54] 
[2025-10-10 17:07:54] atras adelante alva pestafhas inicio
[2025-10-10 17:07:54] 
[2025-10-10 17:07:54] il o <
[2025-10-10 17:07:54] 
[2025-10-10 17:07:54] 
[2025-10-10 17:07:54] [TEST] Facebook Web - Feed loading
[2025-10-10 17:07:54] [OCR] (0.00s): 17:05 ¢ @@ ro tf ll ia
[2025-10-10 17:07:54] 
[2025-10-10 17:07:54] q
[2025-10-10 17:07:54] 
[2025-10-10 17:07:54] < > nr im
[2025-10-10 17:07:54] 
[2025-10-10 17:07:54] atras adelante alva pestafhas inicio
[2025-10-10 17:07:54] 
[2025-10-10 17:07:54] il o <
[2025-10-10 17:07:54] 
[2025-10-10 17:07:54] [OCR] (3.34s): 17:05 ¢ @@ no ff ull
[2025-10-10 17:07:54] 
[2025-10-10 17:07:54] q
[2025-10-10 17:07:54] 
[2025-10-10 17:07:54] < > nr im
[2025-10-10 17:07:54] 
[2025-10-10 17:07:54] atras adelante alva pestafhas inicio
[2025-10-10 17:07:54] 
[2025-10-10 17:07:54] il o <
[2025-10-10 17:07:54] 
[2025-10-10 17:07:54] [OCR] (6.62s): ro fe ull i
[2025-10-10 17:07:54] 
[2025-10-10 17:07:54] facebook q=
[2025-10-10 17:07:54] a s&s © @ @ b
[2025-10-10 17:07:54] 
[2025-10-10 17:07:54] ar
[2025-10-10 17:07:54] 
[2025-10-10 17:07:54] what's on your mind? 2
[2025-10-10 17:07:54] photo
[2025-10-10 17:07:54] 
[2025-10-10 17:07:54] < > a
[2025-10-10 17:07:54] 
[2025-10-10 17:07:54] atras adelante pestafhas inicio
[2025-10-10 17:07:54] 
[2025-10-10 17:07:54] 
[2025-10-10 17:07:54] 
[2025-10-10 17:07:54] [TEST] Facebook Web - Short video playback
[2025-10-10 17:07:54] [OCR] (0.00s): ro fe ull i
[2025-10-10 17:07:54] 
[2025-10-10 17:07:54] facebook q=
[2025-10-10 17:07:54] a sg © @ @ b
[2025-10-10 17:07:54] 
[2025-10-10 17:07:54] @ what's on your mind? 2
[2025-10-10 17:07:54] @e photo
[2025-10-10 17:07:54] 
[2025-10-10 17:07:54] create story
[2025-10-10 17:07:54] 
[2025-10-10 17:07:54] casas de campo y mas. * follow ooo x
[2025-10-10 17:07:54] 1d-®
[2025-10-10 17:07:54] 
[2025-10-10 17:07:54] eb “la casa de los suefios: elegancia natural entre
[2025-10-10 17:07:54] flores y encanto” £3
[2025-10-10 17:07:54] 
[2025-10-10 17:07:54] eb "the house of dreams: natural elegance between
[2025-10-10 17:07:54] flowers and charm" 43
[2025-10-10 17:07:54] translated from spanish
[2025-10-10 17:07:54] 
[2025-10-10 17:07:54] < > a
[2025-10-10 17:07:54] 
[2025-10-10 17:07:54] atras adelante pestafhas inicio
[2025-10-10 17:07:54] 
[2025-10-10 17:07:54] 
[2025-10-10 17:07:54] [INFO] Cerrando pestañas abiertas (fin de iteración)...
[2025-10-10 17:07:54] [INFO] Pestañas cerradas correctamente.
[2025-10-10 17:07:54] [INFO] 'Clear all' (Samsung) pulsado para cerrar las apps recientes.
[2025-10-10 17:07:54] 
[2025-10-10 17:07:54] [ITERACION 79]
[2025-10-10 17:07:54] 
[2025-10-10 17:07:54] [TEST] Instagram Web - Feed loading
[2025-10-10 17:07:54] [OCR] (0.00s): 17:6 ¢ @ © no ff ull
[2025-10-10 17:07:54] 
[2025-10-10 17:07:54] @ buscar o escribir url
[2025-10-10 17:07:54] 
[2025-10-10 17:07:54] a a rn (0) oo
[2025-10-10 17:07:54] 
[2025-10-10 17:07:54] perfil alva pestanas apps
[2025-10-10 17:07:54] 
[2025-10-10 17:07:54] iii o <
[2025-10-10 17:07:54] 
[2025-10-10 17:07:54] [OCR] (5.57s): ro fe ull i
[2025-10-10 17:07:54] 
[2025-10-10 17:07:54] < > a
[2025-10-10 17:07:54] 
[2025-10-10 17:07:54] atras adelante pestafhas inicio
[2025-10-10 17:07:54] 
[2025-10-10 17:07:54] 
[2025-10-10 17:07:54] 
[2025-10-10 17:07:54] [TEST] Instagram Web - Short video playback
[2025-10-10 17:07:54] [OCR] (0.00s): 17:6 ¢@@ no ff ull
[2025-10-10 17:07:54] 
[2025-10-10 17:07:54] q
[2025-10-10 17:07:54] 
[2025-10-10 17:07:54] from
[2025-10-10 17:07:54] < > an @
[2025-10-10 17:07:54] atras adelante alva pestafhas inicio
[2025-10-10 17:07:54] 
[2025-10-10 17:07:54] il o <
[2025-10-10 17:07:54] 
[2025-10-10 17:07:54] [OCR] (3.26s): 17:6 ¢ @ © no ff ull
[2025-10-10 17:07:54] 
[2025-10-10 17:07:54] q
[2025-10-10 17:07:54] 
[2025-10-10 17:07:54] < > nr im
[2025-10-10 17:07:54] 
[2025-10-10 17:07:54] atras adelante alva pestafhas inicio
[2025-10-10 17:07:54] 
[2025-10-10 17:07:54] il o <
[2025-10-10 17:07:54] 
[2025-10-10 17:07:54] [OCR] (6.35s): 17:6 ¢ @ © no ff ull
[2025-10-10 17:07:54] 
[2025-10-10 17:07:54] q
[2025-10-10 17:07:54] 
[2025-10-10 17:07:54] < > nr im
[2025-10-10 17:07:54] 
[2025-10-10 17:07:54] atras adelante alva pestafhas inicio
[2025-10-10 17:07:54] 
[2025-10-10 17:07:54] il o <
[2025-10-10 17:07:54] 
[2025-10-10 17:07:54] 
[2025-10-10 17:07:54] [TEST] Facebook Web - Feed loading
[2025-10-10 17:07:54] [OCR] (0.00s): 17:6 ¢ @@ ro full
[2025-10-10 17:07:54] 
[2025-10-10 17:07:54] q :
[2025-10-10 17:07:54] 
[2025-10-10 17:07:54] 
[2025-10-10 17:07:54] [OCR] (3.11s): ro fe ull i
[2025-10-10 17:07:54] 
[2025-10-10 17:07:54] facebook q=
[2025-10-10 17:07:54] a s&s © @ @ b
[2025-10-10 17:07:54] 
[2025-10-10 17:07:54] @ what's on your mind? 2
[2025-10-10 17:07:54] @e photo
[2025-10-10 17:07:54] 
[2025-10-10 17:07:54] < > a
[2025-10-10 17:07:54] 
[2025-10-10 17:07:54] atras adelante pestafhas inicio
[2025-10-10 17:07:54] 
[2025-10-10 17:07:54] 
[2025-10-10 17:07:54] 
[2025-10-10 17:07:54] [TEST] Facebook Web - Short video playback
[2025-10-10 17:07:54] [OCR] (0.00s): ro fe ull i
[2025-10-10 17:07:54] 
[2025-10-10 17:07:54] facebook q=
[2025-10-10 17:07:54] a sg © @ @ b
[2025-10-10 17:07:54] 
[2025-10-10 17:07:54] @ what's on your mind? 2
[2025-10-10 17:07:54] @e photo
[2025-10-10 17:07:54] 
[2025-10-10 17:07:54] create story
[2025-10-10 17:07:54] 
[2025-10-10 17:07:54] < > a
[2025-10-10 17:07:54] 
[2025-10-10 17:07:54] atras adelante pestafhas inicio
[2025-10-10 17:07:54] 
[2025-10-10 17:07:54] 
[2025-10-10 17:07:54] [OCR] (3.41s): ro fe ull i
[2025-10-10 17:07:54] 
[2025-10-10 17:07:54] < > a
[2025-10-10 17:07:54] 
[2025-10-10 17:07:54] atras adelante pestafhas inicio
[2025-10-10 17:07:54] 
[2025-10-10 17:07:54] 
[2025-10-10 17:07:54] [OCR] (6.47s): ro fe ull i
[2025-10-10 17:07:54] 
[2025-10-10 17:07:54] < > a
[2025-10-10 17:07:54] 
[2025-10-10 17:07:54] atras adelante pestafhas inicio
[2025-10-10 17:07:54] 
[2025-10-10 17:07:54] 
[2025-10-10 17:07:54] [INFO] Cerrando pestañas abiertas (fin de iteración)...
[2025-10-10 17:07:54] [INFO] Pestañas cerradas correctamente.
[2025-10-10 17:07:54] [INFO] 'Clear all' (Samsung) pulsado para cerrar las apps recientes.
[2025-10-10 17:07:54] 
[2025-10-10 17:07:54] [ITERACION 80]
[2025-10-10 17:07:54] 
[2025-10-10 17:07:54] [TEST] Instagram Web - Feed loading
[2025-10-10 17:07:54] [OCR] (0.00s): 17:6 ¢ @ © no ff ull
[2025-10-10 17:07:54] 
[2025-10-10 17:07:54] @ buscar o escribir url
[2025-10-10 17:07:54] 
[2025-10-10 17:07:54] a a rn (0) oo
[2025-10-10 17:07:54] 
[2025-10-10 17:07:54] perfil alva pestanas apps
[2025-10-10 17:07:54] 
[2025-10-10 17:07:54] iii o <
[2025-10-10 17:07:54] 
[2025-10-10 17:07:54] [OCR] (5.35s): ro fe ull i
[2025-10-10 17:07:54] 
[2025-10-10 17:07:54] < > a
[2025-10-10 17:07:54] 
[2025-10-10 17:07:54] atras adelante pestafhas inicio
[2025-10-10 17:07:54] 
[2025-10-10 17:07:54] 
[2025-10-10 17:07:54] 
[2025-10-10 17:07:54] [TEST] Instagram Web - Short video playback
[2025-10-10 17:07:54] [OCR] (0.00s): 17:07 ¢ @ © no ff ull
[2025-10-10 17:07:54] 
[2025-10-10 17:07:54] q
[2025-10-10 17:07:54] 
[2025-10-10 17:07:54] from
[2025-10-10 17:07:54] < > an @
[2025-10-10 17:07:54] atras adelante alva pestafhas inicio
[2025-10-10 17:07:54] 
[2025-10-10 17:07:54] il o <
[2025-10-10 17:07:54] 
[2025-10-10 17:07:54] [OCR] (3.25s): 17:07 ¢ @ © no ff ull
[2025-10-10 17:07:54] 
[2025-10-10 17:07:54] q
[2025-10-10 17:07:54] 
[2025-10-10 17:07:54] < > nr im
[2025-10-10 17:07:54] 
[2025-10-10 17:07:54] atras adelante alva pestafhas inicio
[2025-10-10 17:07:54] 
[2025-10-10 17:07:54] il o <
[2025-10-10 17:07:54] 
[2025-10-10 17:07:54] 
[2025-10-10 17:07:54] [TEST] Facebook Web - Feed loading
[2025-10-10 17:07:54] [OCR] (0.00s): 17:07 ¢ @ © no ff ull
[2025-10-10 17:07:54] 
[2025-10-10 17:07:54] q
[2025-10-10 17:07:54] 
[2025-10-10 17:07:54] < > nr im
[2025-10-10 17:07:54] 
[2025-10-10 17:07:54] atras adelante alva pestafhas inicio
[2025-10-10 17:07:54] 
[2025-10-10 17:07:54] il o <
[2025-10-10 17:07:54] 
[2025-10-10 17:07:54] [OCR] (3.26s): ro ge ll i
[2025-10-10 17:07:54] 
[2025-10-10 17:07:54] facebook q=
[2025-10-10 17:07:54] a s&s © @ @ b
[2025-10-10 17:07:54] 
[2025-10-10 17:07:54] @ what's on your mind? 2
[2025-10-10 17:07:54] @e photo
[2025-10-10 17:07:54] 
[2025-10-10 17:07:54] < > a
[2025-10-10 17:07:54] 
[2025-10-10 17:07:54] atras adelante pestafhas inicio
[2025-10-10 17:07:54] 
[2025-10-10 17:07:54] 
[2025-10-10 17:07:54] 
[2025-10-10 17:07:54] [TEST] Facebook Web - Short video playback
[2025-10-10 17:07:54] [OCR] (0.00s): ro ge ll i
[2025-10-10 17:07:54] 
[2025-10-10 17:07:54] facebook q=
[2025-10-10 17:07:54] a sg © @ @ b
[2025-10-10 17:07:54] 
[2025-10-10 17:07:54] @ what's on your mind? 2
[2025-10-10 17:07:54] @e photo
[2025-10-10 17:07:54] 
[2025-10-10 17:07:54] create story
[2025-10-10 17:07:54] 
[2025-10-10 17:07:54] < > a
[2025-10-10 17:07:54] 
[2025-10-10 17:07:54] atras adelante pestafhas inicio
[2025-10-10 17:07:54] 
[2025-10-10 17:07:54] 
[2025-10-10 17:07:54] [OCR] (3.37s): ro ge ll i
[2025-10-10 17:07:54] 
[2025-10-10 17:07:54] < > a
[2025-10-10 17:07:54] 
[2025-10-10 17:07:54] atras adelante pestafhas inicio
[2025-10-10 17:07:54] 
[2025-10-10 17:07:54] 
[2025-10-10 17:07:54] [OCR] (6.41s): 17:07 ¢ @ no ff ull
[2025-10-10 17:07:54] 
[2025-10-10 17:07:54] < reels q @
[2025-10-10 17:07:54] 
[2025-10-10 17:07:54] < > nr im
[2025-10-10 17:07:54] 
[2025-10-10 17:07:54] atras adelante alva pestafhas inicio
[2025-10-10 17:07:54] 
[2025-10-10 17:07:54] [INFO] Cerrando pestañas abiertas (fin de iteración)...
[2025-10-10 17:07:54] [INFO] Pestañas cerradas correctamente.
[2025-10-10 17:07:54] [INFO] 'Clear all' (Samsung) pulsado para cerrar las apps recientes.
[2025-10-10 17:07:54] 
[2025-10-10 17:07:54] [ITERACION 81]
[2025-10-10 17:07:54] 
[2025-10-10 17:07:54] [TEST] Instagram Web - Feed loading
[2025-10-10 17:07:54] [OCR] (0.00s): whatsapp
[2025-10-10 17:07:54] 
[2025-10-10 17:07:54] 
[2025-10-10 17:07:54] 
[2025-10-10 17:07:54] [TEST] Instagram Web - Short video playback
[2025-10-10 17:07:54] [OCR] (0.00s): 17:07 ¢ @ © no ff ull
[2025-10-10 17:07:54] 
[2025-10-10 17:07:54] q
[2025-10-10 17:07:54] 
[2025-10-10 17:07:54] from
[2025-10-10 17:07:54] < > an @
[2025-10-10 17:07:54] atras adelante alva pestafhas inicio
[2025-10-10 17:07:54] 
[2025-10-10 17:07:54] il o <
[2025-10-10 17:07:54] 
[2025-10-10 17:07:54] [OCR] (3.15s): 17:07 ¢ @ © no ff ull
[2025-10-10 17:07:54] 
[2025-10-10 17:07:54] q
[2025-10-10 17:07:54] 
[2025-10-10 17:07:54] < > nr im
[2025-10-10 17:07:54] 
[2025-10-10 17:07:54] atras adelante alva pestafhas inicio
[2025-10-10 17:07:54] 
[2025-10-10 17:07:54] il o <
[2025-10-10 17:07:54] 
[2025-10-10 17:07:54] [OCR] (6.57s): 17:07 ¢ @ © no ff ull
[2025-10-10 17:07:54] 
[2025-10-10 17:07:54] q
[2025-10-10 17:07:54] 
[2025-10-10 17:07:54] < > nr im
[2025-10-10 17:07:54] 
[2025-10-10 17:07:54] atras adelante alva pestafhas inicio
[2025-10-10 17:07:54] 
[2025-10-10 17:07:54] il o <
[2025-10-10 17:07:54] 
[2025-10-10 17:07:54] 
[2025-10-10 17:07:54] [TEST] Facebook Web - Feed loading
[2025-10-10 17:07:54] [OCR] (0.00s): 1707 ¢@@ ro ff ull
[2025-10-10 17:10:06] 
[2025-10-10 17:10:06] q :
[2025-10-10 17:10:06] 
[2025-10-10 17:10:06] 
[2025-10-10 17:10:06] [OCR] (2.99s): ro ge ll i
[2025-10-10 17:10:06] 
[2025-10-10 17:10:06] facebook q=
[2025-10-10 17:10:06] a s&s © @ @ b
[2025-10-10 17:10:06] 
[2025-10-10 17:10:06] @ what's on your mind? 2
[2025-10-10 17:10:06] @e photo
[2025-10-10 17:10:06] 
[2025-10-10 17:10:06] < > a
[2025-10-10 17:10:06] 
[2025-10-10 17:10:06] atras adelante pestafhas inicio
[2025-10-10 17:10:06] 
[2025-10-10 17:10:06] 
[2025-10-10 17:10:06] 
[2025-10-10 17:10:06] [TEST] Facebook Web - Short video playback
[2025-10-10 17:10:06] [OCR] (0.00s): ro ge ll i
[2025-10-10 17:10:06] 
[2025-10-10 17:10:06] facebook q=
[2025-10-10 17:10:06] a s&s © @ @ b
[2025-10-10 17:10:06] 
[2025-10-10 17:10:06] @ what's on your mind? 2
[2025-10-10 17:10:06] @e photo
[2025-10-10 17:10:06] 
[2025-10-10 17:10:06] < > a
[2025-10-10 17:10:06] 
[2025-10-10 17:10:06] atras adelante pestafhas inicio
[2025-10-10 17:10:06] 
[2025-10-10 17:10:06] 
[2025-10-10 17:10:06] [OCR] (3.20s): 17:08 ¢ @ © no ff ull
[2025-10-10 17:10:06] 
[2025-10-10 17:10:06] q
[2025-10-10 17:10:06] 
[2025-10-10 17:10:06] < > nr im
[2025-10-10 17:10:06] 
[2025-10-10 17:10:06] atras adelante alva pestafhas inicio
[2025-10-10 17:10:06] 
[2025-10-10 17:10:06] il o <
[2025-10-10 17:10:06] 
[2025-10-10 17:10:06] [OCR] (6.29s): 17:08 ¢ @ © no ff ull
[2025-10-10 17:10:06] 
[2025-10-10 17:10:06] q
[2025-10-10 17:10:06] 
[2025-10-10 17:10:06] < > nr im
[2025-10-10 17:10:06] 
[2025-10-10 17:10:06] atras adelante alva pestafhas inicio
[2025-10-10 17:10:06] 
[2025-10-10 17:10:06] il o <
[2025-10-10 17:10:06] 
[2025-10-10 17:10:06] [INFO] Cerrando pestañas abiertas (fin de iteración)...
[2025-10-10 17:10:06] [INFO] Pestañas cerradas correctamente.
[2025-10-10 17:10:06] [INFO] 'Clear all' (Samsung) pulsado para cerrar las apps recientes.
[2025-10-10 17:10:06] 
[2025-10-10 17:10:06] [ITERACION 82]
[2025-10-10 17:10:06] 
[2025-10-10 17:10:06] [TEST] Instagram Web - Feed loading
[2025-10-10 17:10:06] [OCR] (0.00s): whatsapp
[2025-10-10 17:10:06] 
[2025-10-10 17:10:06] 
[2025-10-10 17:10:06] 
[2025-10-10 17:10:06] [TEST] Instagram Web - Short video playback
[2025-10-10 17:10:06] [OCR] (0.00s): ro ge ll i
[2025-10-10 17:10:06] 
[2025-10-10 17:10:06] < > a
[2025-10-10 17:10:06] 
[2025-10-10 17:10:06] atras adelante pestafhas inicio
[2025-10-10 17:10:06] 
[2025-10-10 17:10:06] 
[2025-10-10 17:10:06] [OCR] (2.99s): 17:08 ¢ @ © no ff ull
[2025-10-10 17:10:06] 
[2025-10-10 17:10:06] q
[2025-10-10 17:10:06] 
[2025-10-10 17:10:06] < > nr im
[2025-10-10 17:10:06] 
[2025-10-10 17:10:06] atras adelante alva pestafhas inicio
[2025-10-10 17:10:06] 
[2025-10-10 17:10:06] il o <
[2025-10-10 17:10:06] 
[2025-10-10 17:10:06] [OCR] (6.06s): 17:08 ¢ @ © no ff ull
[2025-10-10 17:10:06] 
[2025-10-10 17:10:06] q
[2025-10-10 17:10:06] 
[2025-10-10 17:10:06] < > nr im
[2025-10-10 17:10:06] 
[2025-10-10 17:10:06] atras adelante alva pestafhas inicio
[2025-10-10 17:10:06] 
[2025-10-10 17:10:06] il o <
[2025-10-10 17:10:06] 
[2025-10-10 17:10:06] 
[2025-10-10 17:10:06] [TEST] Facebook Web - Feed loading
[2025-10-10 17:10:06] [OCR] (0.00s): 17:08 ¢ @ © no ff ull
[2025-10-10 17:10:06] 
[2025-10-10 17:10:06] q
[2025-10-10 17:10:06] 
[2025-10-10 17:10:06] < > nr im
[2025-10-10 17:10:06] 
[2025-10-10 17:10:06] atras adelante alva pestafhas inicio
[2025-10-10 17:10:06] 
[2025-10-10 17:10:06] il o <
[2025-10-10 17:10:06] 
[2025-10-10 17:10:06] [OCR] (3.20s): 17:08 ¢ @ © no ff ull
[2025-10-10 17:10:06] 
[2025-10-10 17:10:06] q
[2025-10-10 17:10:06] 
[2025-10-10 17:10:06] < > nr im
[2025-10-10 17:10:06] 
[2025-10-10 17:10:06] atras adelante alva pestafhas inicio
[2025-10-10 17:10:06] 
[2025-10-10 17:10:06] il o <
[2025-10-10 17:10:06] 
[2025-10-10 17:10:06] [OCR] (6.39s): 17:08 ¢ @ © no ff ull
[2025-10-10 17:10:06] 
[2025-10-10 17:10:06] q
[2025-10-10 17:10:06] 
[2025-10-10 17:10:06] < > nr im
[2025-10-10 17:10:06] 
[2025-10-10 17:10:06] atras adelante alva pestafhas inicio
[2025-10-10 17:10:06] 
[2025-10-10 17:10:06] il o <
[2025-10-10 17:10:06] 
[2025-10-10 17:10:06] 
[2025-10-10 17:10:06] [TEST] Facebook Web - Short video playback
[2025-10-10 17:10:06] [OCR] (0.00s): ro ge ll i
[2025-10-10 17:10:06] 
[2025-10-10 17:10:06] facebook q=
[2025-10-10 17:10:06] ® ss ©® @ a b
[2025-10-10 17:10:06] 
[2025-10-10 17:10:06] @ what's on your mind? 2
[2025-10-10 17:10:06] @e photo
[2025-10-10 17:10:06] 
[2025-10-10 17:10:06] < > a
[2025-10-10 17:10:06] 
[2025-10-10 17:10:06] atras adelante pestafhas inicio
[2025-10-10 17:10:06] 
[2025-10-10 17:10:06] 
[2025-10-10 17:10:06] [OCR] (3.45s): @ facebook noe ull
[2025-10-10 17:10:06] 
[2025-10-10 17:10:06] © facebook + 10 oct. 17:08
[2025-10-10 17:10:06] 
[2025-10-10 17:10:06] a drive test
[2025-10-10 17:10:06] iw bh tienes 34 notificaciones nuevas.
[2025-10-10 17:10:06] 
[2025-10-10 17:10:06] < > nr im
[2025-10-10 17:10:06] 
[2025-10-10 17:10:06] atras adelante alva pestafhas inicio
[2025-10-10 17:10:06] 
[2025-10-10 17:10:06] il o <
[2025-10-10 17:10:06] 
[2025-10-10 17:10:06] [INFO] Cerrando pestañas abiertas (fin de iteración)...
[2025-10-10 17:10:06] [INFO] Pestañas cerradas correctamente.
[2025-10-10 17:10:06] [INFO] 'Clear all' (Samsung) pulsado para cerrar las apps recientes.
[2025-10-10 17:10:06] 
[2025-10-10 17:10:06] [ITERACION 83]
[2025-10-10 17:10:06] 
[2025-10-10 17:10:06] [TEST] Instagram Web - Feed loading
[2025-10-10 17:10:06] [OCR] (0.00s): whatsapp
[2025-10-10 17:10:06] 
[2025-10-10 17:10:06] 
[2025-10-10 17:10:06] 
[2025-10-10 17:10:06] [TEST] Instagram Web - Short video playback
[2025-10-10 17:10:06] [OCR] (0.00s): 17099 ¢@-> no ff ull
[2025-10-10 17:10:06] 
[2025-10-10 17:10:06] q
[2025-10-10 17:10:06] 
[2025-10-10 17:10:06] from
[2025-10-10 17:10:06] < > an @
[2025-10-10 17:10:06] atras adelante alva pestafhas inicio
[2025-10-10 17:10:06] 
[2025-10-10 17:10:06] il o <
[2025-10-10 17:10:06] 
[2025-10-10 17:10:06] [OCR] (3.25s): 1709 @a¢@-> koe ull
[2025-10-10 17:10:06] 
[2025-10-10 17:10:06] q :
[2025-10-10 17:10:06] 
[2025-10-10 17:10:06] 
[2025-10-10 17:10:06] [OCR] (6.22s): 1709 9¢ @> nro ful
[2025-10-10 17:10:06] 
[2025-10-10 17:10:06] q
[2025-10-10 17:10:06] 
[2025-10-10 17:10:06] o
[2025-10-10 17:10:06] ras
[2025-10-10 17:10:06] be&easss b
[2025-10-10 17:10:06] 
[2025-10-10 17:10:06] 
[2025-10-10 17:10:06] [TEST] Facebook Web - Feed loading
[2025-10-10 17:10:06] [OCR] (0.00s): 1709 @a¢@-> nro full
[2025-10-10 17:10:06] 
[2025-10-10 17:10:06] q
[2025-10-10 17:10:06] 
[2025-10-10 17:10:06] unalpersonitaleomo tu’en
[2025-10-10 17:10:06] mi vida, me haces muy
[2025-10-10 17:10:06] feliiiiiiizzz<3
[2025-10-10 17:10:06] 
[2025-10-10 17:10:06] v
[2025-10-10 17:10:06] 
[2025-10-10 17:10:06] ee _venus_sam_+ seguir
[2025-10-10 17:10:06] 
[2025-10-10 17:10:06] #amor #amistad #lentejas #loveisreal #lovelif: ... mas
[2025-10-10 17:10:06] 
[2025-10-10 17:10:06] £1 joven_incomprendida - audio original
[2025-10-10 17:10:06] 
[2025-10-10 17:10:06] < > ay im
[2025-10-10 17:10:06] 
[2025-10-10 17:10:06] atras adelante alva pestanhas inicio
[2025-10-10 17:10:06] 
[2025-10-10 17:10:06] hi o <
[2025-10-10 17:10:06] 
[2025-10-10 17:10:06] [OCR] (5.87s): 17:09 @ d no ff ull
[2025-10-10 17:10:06] 
[2025-10-10 17:10:06] q
[2025-10-10 17:10:06] 
[2025-10-10 17:10:06] facebook q=
[2025-10-10 17:10:06] a sg © @ @ b
[2025-10-10 17:10:06] 
[2025-10-10 17:10:06] @ what's on your mind?
[2025-10-10 17:10:06] @ photo
[2025-10-10 17:10:06] 
[2025-10-10 17:10:06] create story
[2025-10-10 17:10:06] 
[2025-10-10 17:10:06] sana usando tus manos ° follow eee
[2025-10-10 17:10:06] 1d-@
[2025-10-10 17:10:06] 
[2025-10-10 17:10:06] eb reflejos energéticos en dedos de manos y pies
[2025-10-10 17:10:06] 
[2025-10-10 17:10:06] x
[2025-10-10 17:10:06] 
[2025-10-10 17:10:06] <<, conexion entre extremidades y organos ... see more
[2025-10-10 17:10:06] 
[2025-10-10 17:10:06] eb energy reflections on fingers and toes
[2025-10-10 17:10:06] 
[2025-10-10 17:10:06] <=; connection between limbs and internal organs...
[2025-10-10 17:10:06] translated from spanish
[2025-10-10 17:10:06] corazén _ intestino delgado
[2025-10-10 17:10:06] 
[2025-10-10 17:10:06] re as :
[2025-10-10 17:10:06] a” -7* "eee triple calentador
[2025-10-10 17:10:06] » pericardio
[2025-10-10 17:10:06] 
[2025-10-10 17:10:06] (3) a)
[2025-10-10 17:10:06] 
[2025-10-10 17:10:06] atras adelante pestafhas inicio
[2025-10-10 17:10:06] 
[2025-10-10 17:10:06] 
[2025-10-10 17:10:06] 
[2025-10-10 17:10:06] [TEST] Facebook Web - Short video playback
[2025-10-10 17:10:06] [OCR] (0.00s): 17:09 @ d no ff ull
[2025-10-10 17:10:06] 
[2025-10-10 17:10:06] q
[2025-10-10 17:10:06] 
[2025-10-10 17:10:06] facebook q=
[2025-10-10 17:10:06] a sg © @ @ b
[2025-10-10 17:10:06] 
[2025-10-10 17:10:06] @ what's on your mind?
[2025-10-10 17:10:06] @ photo
[2025-10-10 17:10:06] 
[2025-10-10 17:10:06] create story
[2025-10-10 17:10:06] 
[2025-10-10 17:10:06] sana usando tus manos ° follow eco x
[2025-10-10 17:10:06] 1d-@
[2025-10-10 17:10:06] 
[2025-10-10 17:10:06] eb reflejos energéticos en dedos de manos y pies
[2025-10-10 17:10:06] 
[2025-10-10 17:10:06] <<, conexion entre extremidades y organos ... see more
[2025-10-10 17:10:06] 
[2025-10-10 17:10:06] eb energy reflections on fingers and toes
[2025-10-10 17:10:06] 
[2025-10-10 17:10:06] <=; connection between limbs and internal organs...
[2025-10-10 17:10:06] translated from spanish
[2025-10-10 17:10:06] corazén _ intestino delgado
[2025-10-10 17:10:06] 
[2025-10-10 17:10:06] re as :
[2025-10-10 17:10:06] a” -7* "eee triple calentador
[2025-10-10 17:10:06] » pericardio
[2025-10-10 17:10:06] 
[2025-10-10 17:10:06] (3) a)
[2025-10-10 17:10:06] 
[2025-10-10 17:10:06] atras adelante pestafhas inicio
[2025-10-10 17:10:06] 
[2025-10-10 17:10:06] 
[2025-10-10 17:10:06] [INFO] Cerrando pestañas abiertas (fin de iteración)...
[2025-10-10 17:10:06] [INFO] Pestañas cerradas correctamente.
[2025-10-10 17:10:06] [INFO] 'Clear all' (Samsung) pulsado para cerrar las apps recientes.
[2025-10-10 17:10:06] 
[2025-10-10 17:10:06] [ITERACION 84]
[2025-10-10 17:10:06] 
[2025-10-10 17:10:06] [TEST] Instagram Web - Feed loading
[2025-10-10 17:10:06] [OCR] (0.00s): whatsapp
[2025-10-10 17:10:06] 
[2025-10-10 17:10:06] 
[2025-10-10 17:10:06] 
[2025-10-10 17:10:06] [TEST] Instagram Web - Short video playback
[2025-10-10 17:10:06] [OCR] (0.00s): 1710 @¢@-> no ff ull
[2025-10-10 17:10:06] 
[2025-10-10 17:10:06] q
[2025-10-10 17:10:06] 
[2025-10-10 17:10:06] < > nr im
[2025-10-10 17:10:06] 
[2025-10-10 17:10:06] atras adelante alva pestafhas inicio
[2025-10-10 17:10:06] 
[2025-10-10 17:10:06] il o <
[2025-10-10 17:10:06] 
[2025-10-10 17:10:06] [OCR] (4.02s): 17:10 0 d no ff ull
[2025-10-10 17:10:06] 
[2025-10-10 17:10:06] < > a
[2025-10-10 17:10:06] 
[2025-10-10 17:12:18] atras adelante pestafhas inicio
[2025-10-10 17:12:18] 
[2025-10-10 17:12:18] 
[2025-10-10 17:12:18] 
[2025-10-10 17:12:18] [TEST] Facebook Web - Feed loading
[2025-10-10 17:12:18] [OCR] (0.00s): 7100¢@> nro ful
[2025-10-10 17:12:18] 
[2025-10-10 17:12:18] q :
[2025-10-10 17:12:18] 
[2025-10-10 17:12:18] 
[2025-10-10 17:12:18] [OCR] (3.11s): 17:10 0 d 0 no ff ull
[2025-10-10 17:12:18] 
[2025-10-10 17:12:18] facebook q=
[2025-10-10 17:12:18] a s&s © @ @ b
[2025-10-10 17:12:18] 
[2025-10-10 17:12:18] @ what's on your mind? 2
[2025-10-10 17:12:18] @e photo
[2025-10-10 17:12:18] 
[2025-10-10 17:12:18] < > a
[2025-10-10 17:12:18] 
[2025-10-10 17:12:18] atras adelante pestafhas inicio
[2025-10-10 17:12:18] 
[2025-10-10 17:12:18] 
[2025-10-10 17:12:18] 
[2025-10-10 17:12:18] [TEST] Facebook Web - Short video playback
[2025-10-10 17:12:18] [OCR] (0.00s): 7100¢@-> xo uf
[2025-10-10 17:12:18] 
[2025-10-10 17:12:18] ve ll ia
[2025-10-10 17:12:18] 
[2025-10-10 17:12:18] facebook q=
[2025-10-10 17:12:18] ra] & oh ww yy 8b
[2025-10-10 17:12:18] 
[2025-10-10 17:12:18] @ what's on your mind? 2
[2025-10-10 17:12:18] @e photo
[2025-10-10 17:12:18] 
[2025-10-10 17:12:18] create story
[2025-10-10 17:12:18] 
[2025-10-10 17:12:18] ae mich &@ + follow coo x
[2025-10-10 17:12:18] 3h-@®
[2025-10-10 17:12:18] jla final que todos queremos! sas
[2025-10-10 17:12:18] 
[2025-10-10 17:12:18] absolutamente todos los amantes del futbo... see more
[2025-10-10 17:12:18] the end we all want! £3
[2025-10-10 17:12:18] 
[2025-10-10 17:12:18] absolutely all football lovers want to see brazil face ...
[2025-10-10 17:12:18] translated from spanish
[2025-10-10 17:12:18] 
[2025-10-10 17:12:18] >
[2025-10-10 17:12:18] 
[2025-10-10 17:12:18] atras adelante
[2025-10-10 17:12:18] 
[2025-10-10 17:12:18] pestafhas inicio
[2025-10-10 17:12:18] 
[2025-10-10 17:12:18] [INFO] Cerrando pestañas abiertas (fin de iteración)...
[2025-10-10 17:12:18] [INFO] Pestañas cerradas correctamente.
[2025-10-10 17:12:18] [INFO] 'Clear all' (Samsung) pulsado para cerrar las apps recientes.
[2025-10-10 17:12:18] 
[2025-10-10 17:12:18] [ITERACION 85]
[2025-10-10 17:12:18] 
[2025-10-10 17:12:18] [TEST] Instagram Web - Feed loading
[2025-10-10 17:12:18] [OCR] (0.00s): 1710 @¢@-> no ff ull
[2025-10-10 17:12:18] 
[2025-10-10 17:12:18] @ buscar o escribir url
[2025-10-10 17:12:18] 
[2025-10-10 17:12:18] a a rn (0) oo
[2025-10-10 17:12:18] 
[2025-10-10 17:12:18] perfil alva pestanas apps
[2025-10-10 17:12:18] 
[2025-10-10 17:12:18] iii o <
[2025-10-10 17:12:18] 
[2025-10-10 17:12:18] [OCR] (5.38s): 17:10 0 d no ff ull
[2025-10-10 17:12:18] 
[2025-10-10 17:12:18] < > a
[2025-10-10 17:12:18] 
[2025-10-10 17:12:18] atras adelante pestafhas inicio
[2025-10-10 17:12:18] 
[2025-10-10 17:12:18] 
[2025-10-10 17:12:18] 
[2025-10-10 17:12:18] [TEST] Instagram Web - Short video playback
[2025-10-10 17:12:18] [OCR] (0.00s): 7100¢@> nro ful
[2025-10-10 17:12:18] 
[2025-10-10 17:12:18] q :
[2025-10-10 17:12:18] 
[2025-10-10 17:12:18] 
[2025-10-10 17:12:18] [OCR] (2.98s): 7100¢@> nro ful
[2025-10-10 17:12:18] 
[2025-10-10 17:12:18] q :
[2025-10-10 17:12:18] 
[2025-10-10 17:12:18] 
[2025-10-10 17:12:18] [OCR] (6.22s): 1710 @¢@-> no ff ull
[2025-10-10 17:12:18] 
[2025-10-10 17:12:18] q
[2025-10-10 17:12:18] 
[2025-10-10 17:12:18] 2466
[2025-10-10 17:12:18] 
[2025-10-10 17:12:18] gan
[2025-10-10 17:12:18] iy angel_mantilla17 + seguir
[2025-10-10 17:12:18] 
[2025-10-10 17:12:18] te quiero!® ... mas
[2025-10-10 17:12:18] 
[2025-10-10 17:12:18] £1 dayglow - can | call you tonight?
[2025-10-10 17:12:18] 
[2025-10-10 17:12:18] < > nr im
[2025-10-10 17:12:18] 
[2025-10-10 17:12:18] atras adelante alva pestafhas inicio
[2025-10-10 17:12:18] 
[2025-10-10 17:12:18] il o <
[2025-10-10 17:12:18] 
[2025-10-10 17:12:18] 
[2025-10-10 17:12:18] [TEST] Facebook Web - Feed loading
[2025-10-10 17:12:18] [OCR] (0.00s): 1710 @¢@-> no ff ull
[2025-10-10 17:12:18] 
[2025-10-10 17:12:18] q :
[2025-10-10 17:12:18] 
[2025-10-10 17:12:18] gracias por ser como eres,
[2025-10-10 17:12:18] por tu amistad y por
[2025-10-10 17:12:18] demostrarme que en este
[2025-10-10 17:12:18] mundo alin hay personas
[2025-10-10 17:12:18] bonitas en las que podemos
[2025-10-10 17:12:18] confiar, te quiero.
[2025-10-10 17:12:18] 
[2025-10-10 17:12:18] v
[2025-10-10 17:12:18] 
[2025-10-10 17:12:18] 2466
[2025-10-10 17:12:18] 
[2025-10-10 17:12:18] 15
[2025-10-10 17:12:18] 
[2025-10-10 17:12:18] ty angel_mantilla17 - seguir
[2025-10-10 17:12:18] te quiero! ... mas
[2025-10-10 17:12:18] 
[2025-10-10 17:12:18] fi dayglow - can | call you tonight? a
[2025-10-10 17:12:18] 
[2025-10-10 17:12:18] te)
[2025-10-10 17:12:18] 
[2025-10-10 17:12:18] < > a a
[2025-10-10 17:12:18] 
[2025-10-10 17:12:18] atras adelante alva pestafhas inicio
[2025-10-10 17:12:18] 
[2025-10-10 17:12:18] iii o <
[2025-10-10 17:12:18] 
[2025-10-10 17:12:18] [OCR] (4.84s): 17:10 0 d 0 no ff ull
[2025-10-10 17:12:18] 
[2025-10-10 17:12:18] facebook q=
[2025-10-10 17:12:18] a s&s © @ @ b
[2025-10-10 17:12:18] 
[2025-10-10 17:12:18] @ what's on your mind? 2
[2025-10-10 17:12:18] @e photo
[2025-10-10 17:12:18] 
[2025-10-10 17:12:18] < > a
[2025-10-10 17:12:18] 
[2025-10-10 17:12:18] atras adelante pestafhas inicio
[2025-10-10 17:12:18] 
[2025-10-10 17:12:18] 
[2025-10-10 17:12:18] 
[2025-10-10 17:12:18] [TEST] Facebook Web - Short video playback
[2025-10-10 17:12:18] [OCR] (0.00s): 17:10 0 d 0 no ff ull
[2025-10-10 17:12:18] 
[2025-10-10 17:12:18] facebook q=
[2025-10-10 17:12:18] a sg © @ @ b
[2025-10-10 17:12:18] 
[2025-10-10 17:12:18] @ what's on your mind? 2
[2025-10-10 17:12:18] @e photo
[2025-10-10 17:12:18] 
[2025-10-10 17:12:18] create story
[2025-10-10 17:12:18] 
[2025-10-10 17:12:18] < > a
[2025-10-10 17:12:18] 
[2025-10-10 17:12:18] atras adelante pestafhas inicio
[2025-10-10 17:12:18] 
[2025-10-10 17:12:18] 
[2025-10-10 17:12:18] [OCR] (3.45s): 17110 ¢ no ff ull
[2025-10-10 17:12:18] 
[2025-10-10 17:12:18] < > a
[2025-10-10 17:12:18] 
[2025-10-10 17:12:18] atras adelante pestafhas inicio
[2025-10-10 17:12:18] 
[2025-10-10 17:12:18] 
[2025-10-10 17:12:18] [INFO] Cerrando pestañas abiertas (fin de iteración)...
[2025-10-10 17:12:18] [INFO] Pestañas cerradas correctamente.
[2025-10-10 17:12:18] [INFO] 'Clear all' (Samsung) pulsado para cerrar las apps recientes.
[2025-10-10 17:12:18] 
[2025-10-10 17:12:18] [ITERACION 86]
[2025-10-10 17:12:18] 
[2025-10-10 17:12:18] [TEST] Instagram Web - Feed loading
[2025-10-10 17:12:18] [OCR] (0.00s): whatsapp
[2025-10-10 17:12:18] 
[2025-10-10 17:12:18] 
[2025-10-10 17:12:18] 
[2025-10-10 17:12:18] [TEST] Instagram Web - Short video playback
[2025-10-10 17:12:18] [OCR] (0.00s): 17110¢@-> ro full
[2025-10-10 17:12:18] 
[2025-10-10 17:12:18] q :
[2025-10-10 17:12:18] 
[2025-10-10 17:12:18] 
[2025-10-10 17:12:18] [OCR] (3.12s): 17110¢@-> ro full
[2025-10-10 17:12:18] 
[2025-10-10 17:12:18] q :
[2025-10-10 17:12:18] 
[2025-10-10 17:12:18] 
[2025-10-10 17:12:18] [OCR] (6.38s): ey
[2025-10-10 17:12:18] 
[2025-10-10 17:12:18] 17110¢@->.
[2025-10-10 17:12:18] 
[2025-10-10 17:12:18] ro fe ull i
[2025-10-10 17:12:18] 
[2025-10-10 17:12:18] q
[2025-10-10 17:12:18] 
[2025-10-10 17:12:18] tal vez no puedo verte todos
[2025-10-10 17:12:18] 
[2025-10-10 17:12:18] los dias, abrazarte, mirarte
[2025-10-10 17:12:18] 
[2025-10-10 17:12:18] traete 9 frente pero seet pre
[2025-10-10 17:12:18] 
[2025-10-10 17:12:18] te (evo on ins percwsreentos
[2025-10-10 17:12:18] e1proairene enim
[2025-10-10 17:12:18] 
[2025-10-10 17:12:18] corazon. ¥
[2025-10-10 17:12:18] 
[2025-10-10 17:12:18] ~~
[2025-10-10 17:12:18] -
[2025-10-10 17:12:18] 
[2025-10-10 17:12:18] billymendoza04 + seguir
[2025-10-10 17:12:18] 
[2025-10-10 17:12:18] #parati #fyp #billymendoza #fyp
[2025-10-10 17:12:18] 
[2025-10-10 17:12:18] £2 billymendoza04 - audio original
[2025-10-10 17:12:18] 
[2025-10-10 17:12:18] < > nk
[2025-10-10 17:12:18] 
[2025-10-10 17:12:18] atras adelante alva
[2025-10-10 17:12:18] 
[2025-10-10 17:12:18] il o
[2025-10-10 17:12:18] 
[2025-10-10 17:12:18] pestanhas
[2025-10-10 17:12:18] 
[2025-10-10 17:12:18] <
[2025-10-10 17:12:18] 
[2025-10-10 17:12:18] 
[2025-10-10 17:12:18] [TEST] Facebook Web - Feed loading
[2025-10-10 17:12:18] [OCR] (0.00s): 17110¢@-> no gf ull id
[2025-10-10 17:12:18] ‘s tal vez no puedo verte todos
[2025-10-10 17:12:18] los dias, abrazarte, mirarte
[2025-10-10 17:12:18] frente a frente, pero siempre
[2025-10-10 17:12:18] te llevo en mis pensamientos
[2025-10-10 17:12:18] especialmente en mi
[2025-10-10 17:12:18] corazon...%
[2025-10-10 17:12:18] —_—
[2025-10-10 17:12:18] wt
[2025-10-10 17:12:18] : com
[2025-10-10 17:12:18] -~
[2025-10-10 17:12:18] = y)
[2025-10-10 17:12:18] : ; 93,7 mil
[2025-10-10 17:12:18] _ *, al -
[2025-10-10 17:12:18] - ? 0 0
[2025-10-10 17:12:18] e t * 232
[2025-10-10 17:12:18] “u sep,
[2025-10-10 17:12:18] oo billymendoza04 - seguir
[2025-10-10 17:12:18] #parati #fyp #billymendoza #fyp
[2025-10-10 17:12:18] £2 billymendoza04 - audio original a
[2025-10-10 17:12:18] < > an @
[2025-10-10 17:12:18] atras adelante alva pestanhas inicio
[2025-10-10 17:12:18] li o <
[2025-10-10 17:12:18] 
[2025-10-10 17:12:18] [OCR] (6.17s): 17110 ¢ no ff ull
[2025-10-10 17:12:18] 
[2025-10-10 17:12:18] < > a
[2025-10-10 17:12:18] 
[2025-10-10 17:12:18] atras adelante pestafhas inicio
[2025-10-10 17:12:18] 
[2025-10-10 17:12:18] 
[2025-10-10 17:12:18] 
[2025-10-10 17:12:18] [TEST] Facebook Web - Short video playback
[2025-10-10 17:12:18] [OCR] (0.00s): 17110 ¢ 0 ro tf ull ia
[2025-10-10 17:12:18] 
[2025-10-10 17:12:18] facebook q=
[2025-10-10 17:12:18] a s&s © @ @ b
[2025-10-10 17:12:18] 
[2025-10-10 17:12:18] @ what's on your mind? 2
[2025-10-10 17:12:18] @e photo
[2025-10-10 17:12:18] 
[2025-10-10 17:12:18] < > a
[2025-10-10 17:12:18] 
[2025-10-10 17:12:18] atras adelante pestafhas inicio
[2025-10-10 17:12:18] 
[2025-10-10 17:12:18] 
[2025-10-10 17:12:18] [OCR] (3.48s): 17110¢@-> ro oh ll ia
[2025-10-10 17:12:18] 
[2025-10-10 17:12:18] q
[2025-10-10 17:12:18] 
[2025-10-10 17:12:18] < > nr im
[2025-10-10 17:12:18] 
[2025-10-10 17:12:18] atras adelante alva pestafhas inicio
[2025-10-10 17:12:18] 
[2025-10-10 17:12:18] il o <
[2025-10-10 17:12:18] 
[2025-10-10 17:12:18] [OCR] (6.60s): 17110 ¢ nro full
[2025-10-10 17:12:18] 
[2025-10-10 17:12:18] < > a
[2025-10-10 17:12:18] 
[2025-10-10 17:12:18] atras adelante pestafhas inicio
[2025-10-10 17:12:18] 
[2025-10-10 17:12:18] 
[2025-10-10 17:12:18] [INFO] Cerrando pestañas abiertas (fin de iteración)...
[2025-10-10 17:12:18] [INFO] Pestañas cerradas correctamente.
[2025-10-10 17:12:18] [INFO] 'Clear all' (Samsung) pulsado para cerrar las apps recientes.
[2025-10-10 17:12:18] 
[2025-10-10 17:12:18] [ITERACION 87]
[2025-10-10 17:12:18] 
[2025-10-10 17:12:18] [TEST] Instagram Web - Feed loading
[2025-10-10 17:12:18] [OCR] (0.00s): whatsapp
[2025-10-10 17:12:18] 
[2025-10-10 17:12:18] 
[2025-10-10 17:12:18] 
[2025-10-10 17:14:10] [TEST] Instagram Web - Short video playback
[2025-10-10 17:14:10] [OCR] (0.00s): 17120¢@-> nro full
[2025-10-10 17:14:10] 
[2025-10-10 17:14:10] q
[2025-10-10 17:14:10] 
[2025-10-10 17:14:10] from
[2025-10-10 17:14:10] < > an @
[2025-10-10 17:14:10] atras adelante alva pestafhas inicio
[2025-10-10 17:14:10] 
[2025-10-10 17:14:10] il o <
[2025-10-10 17:14:10] 
[2025-10-10 17:14:10] [OCR] (3.35s): 7w120@¢@-> ro full
[2025-10-10 17:14:10] 
[2025-10-10 17:14:10] q :
[2025-10-10 17:14:10] 
[2025-10-10 17:14:10] 
[2025-10-10 17:14:10] [OCR] (6.30s): 7w120@¢@-> nro sul
[2025-10-10 17:14:10] 
[2025-10-10 17:14:10] q
[2025-10-10 17:14:10] 
[2025-10-10 17:14:10] o
[2025-10-10 17:14:10] ras
[2025-10-10 17:14:10] bsbe&eases b
[2025-10-10 17:14:10] 
[2025-10-10 17:14:10] 
[2025-10-10 17:14:10] [TEST] Facebook Web - Feed loading
[2025-10-10 17:14:10] [OCR] (0.00s): 7w120@¢@-> nro sul
[2025-10-10 17:14:10] 
[2025-10-10 17:14:10] q
[2025-10-10 17:14:10] 
[2025-10-10 17:14:10] 2 . ver an
[2025-10-10 17:14:10] @ leodazaguivin * seguir ” :
[2025-10-10 17:14:10] ff javiervalencia2023 - audio original by:
[2025-10-10 17:14:10] < > aw im
[2025-10-10 17:14:10] atras adelante alva pestanas inicio
[2025-10-10 17:14:10] 
[2025-10-10 17:14:10] hi o <
[2025-10-10 17:14:10] 
[2025-10-10 17:14:10] [OCR] (5.09s): 1712@0¢@-°- no full
[2025-10-10 17:14:10] 
[2025-10-10 17:14:10] q
[2025-10-10 17:14:10] 
[2025-10-10 17:14:10] s © @®© @®@ 8
[2025-10-10 17:14:10] 
[2025-10-10 17:14:10] @ what's on your mind? 2
[2025-10-10 17:14:10] @e photo
[2025-10-10 17:14:10] 
[2025-10-10 17:14:10] create story
[2025-10-10 17:14:10] 
[2025-10-10 17:14:10] 4. \ planos de casas * coo x
[2025-10-10 17:14:10] ii) reels + sep 29° £9 -®@
[2025-10-10 17:14:10] 
[2025-10-10 17:14:10] atras adelante pestafhas inicio
[2025-10-10 17:14:10] 
[2025-10-10 17:14:10] 
[2025-10-10 17:14:10] 
[2025-10-10 17:14:10] [TEST] Facebook Web - Short video playback
[2025-10-10 17:14:10] [OCR] (0.00s): 1712@0¢@-°- no full
[2025-10-10 17:14:10] 
[2025-10-10 17:14:10] q
[2025-10-10 17:14:10] 
[2025-10-10 17:14:10] s © @®© @ 8
[2025-10-10 17:14:10] 
[2025-10-10 17:14:10] @ what's on your mind? 2
[2025-10-10 17:14:10] @e photo
[2025-10-10 17:14:10] 
[2025-10-10 17:14:10] create story
[2025-10-10 17:14:10] 
[2025-10-10 17:14:10] 4. \ planos de casas * coo x
[2025-10-10 17:14:10] ii) reels + sep 29° £9 -®@
[2025-10-10 17:14:10] 
[2025-10-10 17:14:10] <
[2025-10-10 17:14:10] 
[2025-10-10 17:14:10] atras adelante alva pestafhas inicio
[2025-10-10 17:14:10] 
[2025-10-10 17:14:10] 
[2025-10-10 17:14:10] [INFO] Cerrando pestañas abiertas (fin de iteración)...
[2025-10-10 17:14:10] [INFO] Pestañas cerradas correctamente.
[2025-10-10 17:14:10] [INFO] 'Clear all' (Samsung) pulsado para cerrar las apps recientes.
[2025-10-10 17:14:10] 
[2025-10-10 17:14:10] [ITERACION 88]
[2025-10-10 17:14:10] 
[2025-10-10 17:14:10] [TEST] Instagram Web - Feed loading
[2025-10-10 17:14:10] [OCR] (0.00s): whatsapp
[2025-10-10 17:14:10] 
[2025-10-10 17:14:10] 
[2025-10-10 17:14:10] 
[2025-10-10 17:14:10] [TEST] Instagram Web - Short video playback
[2025-10-10 17:14:10] [OCR] (0.00s): 713 @¢ @> roe ull
[2025-10-10 17:14:10] 
[2025-10-10 17:14:10] q :
[2025-10-10 17:14:10] 
[2025-10-10 17:14:10] 
[2025-10-10 17:14:10] [OCR] (3.43s): 713 @¢ @> roe ull
[2025-10-10 17:14:10] 
[2025-10-10 17:14:10] q :
[2025-10-10 17:14:10] 
[2025-10-10 17:14:10] 
[2025-10-10 17:14:10] [OCR] (6.39s): 713 @¢@->
[2025-10-10 17:14:10] 
[2025-10-10 17:14:10] no full
[2025-10-10 17:14:10] 
[2025-10-10 17:14:10] q
[2025-10-10 17:14:10] 
[2025-10-10 17:14:10] hablemos 0 no, novios 0 no,
[2025-10-10 17:14:10] amigos 0 no, siempre va a ser
[2025-10-10 17:14:10] tuya una parte de mi corazon
[2025-10-10 17:14:10] 
[2025-10-10 17:14:10] &y chava_garcid + seguir
[2025-10-10 17:14:10] 
[2025-10-10 17:14:10] #fpy #paratii #fyp #viral
[2025-10-10 17:14:10] 
[2025-10-10 17:14:10] £1 salyfls - audio original
[2025-10-10 17:14:10] 
[2025-10-10 17:14:10] < > a
[2025-10-10 17:14:10] 
[2025-10-10 17:14:10] atras adelante alva
[2025-10-10 17:14:10] 
[2025-10-10 17:14:10] il o
[2025-10-10 17:14:10] 
[2025-10-10 17:14:10] @
[2025-10-10 17:14:10] 
[2025-10-10 17:14:10] pestanhas inicio
[2025-10-10 17:14:10] 
[2025-10-10 17:14:10] <
[2025-10-10 17:14:10] 
[2025-10-10 17:14:10] 
[2025-10-10 17:14:10] [TEST] Facebook Web - Feed loading
[2025-10-10 17:14:10] [OCR] (0.00s): 713 @¢@-> ro i ul
[2025-10-10 17:14:10] 
[2025-10-10 17:14:10] q
[2025-10-10 17:14:10] 
[2025-10-10 17:14:10] hablemos 0 no, novibs ono,
[2025-10-10 17:14:10] amigos 0 no, siempre wa a ser
[2025-10-10 17:14:10] tuya una parte de mi corazon
[2025-10-10 17:14:10] 
[2025-10-10 17:14:10] que tu creaste y nunca
[2025-10-10 17:14:10] 
[2025-10-10 17:14:10] podra quitartela.
[2025-10-10 17:14:10] 
[2025-10-10 17:14:10] #fpy #paratii #fyp #viral
[2025-10-10 17:14:10] 
[2025-10-10 17:14:10] £1 salyfls - audio original poh
[2025-10-10 17:14:10] < > an @
[2025-10-10 17:14:10] atras adelante alva pestanas inicio
[2025-10-10 17:14:10] 
[2025-10-10 17:14:10] il o <
[2025-10-10 17:14:10] 
[2025-10-10 17:14:10] [OCR] (5.45s): 17:13 @ d nro full
[2025-10-10 17:14:10] 
[2025-10-10 17:14:10] q
[2025-10-10 17:14:10] facebook q=
[2025-10-10 17:14:10] a sg © @ @ b
[2025-10-10 17:14:10] 
[2025-10-10 17:14:10] @ what's on your mind?
[2025-10-10 17:14:10] 
[2025-10-10 17:14:10] create story
[2025-10-10 17:14:10] 
[2025-10-10 17:14:10] opinion bolivia + follow ooo x
[2025-10-10 17:14:10] 3h: ©
[2025-10-10 17:14:10] 
[2025-10-10 17:14:10] golazo de robson matheus la verde vencio a
[2025-10-10 17:14:10] la mundialista jordania (1-0).
[2025-10-10 17:14:10] 
[2025-10-10 17:14:10] goal by robson matheus, the verde beat the
[2025-10-10 17:14:10] world team jordan (1-0).
[2025-10-10 17:14:10] translated from spanish
[2025-10-10 17:14:10] 
[2025-10-10 17:14:10] el lider de los deportes
[2025-10-10 17:14:10] 3h- @
[2025-10-10 17:14:10] 
[2025-10-10 17:14:10] s29 #laultima | jiijgano bolivia!!! con
[2025-10-10 17:14:10] 
[2025-10-10 17:14:10] <
[2025-10-10 17:14:10] 
[2025-10-10 17:14:10] atras adelante pestafhas inicio
[2025-10-10 17:14:10] 
[2025-10-10 17:14:10] 
[2025-10-10 17:14:10] 
[2025-10-10 17:14:10] [TEST] Facebook Web - Short video playback
[2025-10-10 17:14:10] [OCR] (0.00s): 17:13 @ d nro full
[2025-10-10 17:14:10] 
[2025-10-10 17:14:10] q
[2025-10-10 17:14:10] facebook q=
[2025-10-10 17:14:10] a sg © @ @ b
[2025-10-10 17:14:10] 
[2025-10-10 17:14:10] @ what's on your mind?
[2025-10-10 17:14:10] 
[2025-10-10 17:14:10] create story
[2025-10-10 17:14:10] 
[2025-10-10 17:14:10] opinion bolivia + follow ooo x
[2025-10-10 17:14:10] 3h: ©
[2025-10-10 17:14:10] 
[2025-10-10 17:14:10] golazo de robson matheus la verde vencio a
[2025-10-10 17:14:10] la mundialista jordania (1-0).
[2025-10-10 17:14:10] 
[2025-10-10 17:14:10] goal by robson matheus, the verde beat the
[2025-10-10 17:14:10] world team jordan (1-0).
[2025-10-10 17:14:10] translated from spanish
[2025-10-10 17:14:10] 
[2025-10-10 17:14:10] el lider de los deportes
[2025-10-10 17:14:10] 3h- @
[2025-10-10 17:14:10] 
[2025-10-10 17:14:10] s29 #laultima | jiijgano bolivia!!! con
[2025-10-10 17:14:10] 
[2025-10-10 17:14:10] <
[2025-10-10 17:14:10] 
[2025-10-10 17:14:10] atras adelante pestafhas inicio
[2025-10-10 17:14:10] 
[2025-10-10 17:14:10] 
[2025-10-10 17:14:10] [INFO] Cerrando pestañas abiertas (fin de iteración)...
[2025-10-10 17:14:10] [INFO] Pestañas cerradas correctamente.
[2025-10-10 17:14:10] [INFO] 'Clear all' (Samsung) pulsado para cerrar las apps recientes.
[2025-10-10 17:14:10] 
[2025-10-10 17:14:10] [ITERACION 89]
[2025-10-10 17:14:10] 
[2025-10-10 17:14:10] [TEST] Instagram Web - Feed loading
[2025-10-10 17:14:10] [OCR] (0.00s): whatsapp
[2025-10-10 17:14:10] 
[2025-10-10 17:14:10] 
[2025-10-10 17:14:10] 
[2025-10-10 17:14:10] [TEST] Instagram Web - Short video playback
[2025-10-10 17:14:10] [OCR] (0.00s): 713 @¢ @> roe ull
[2025-10-10 17:14:10] 
[2025-10-10 17:14:10] q :
[2025-10-10 17:14:10] 
[2025-10-10 17:14:10] 
[2025-10-10 17:14:10] [OCR] (3.04s): 713 @¢ @> roe ull
[2025-10-10 17:14:10] 
[2025-10-10 17:14:10] q :
[2025-10-10 17:14:10] 
[2025-10-10 17:14:10] 
[2025-10-10 17:14:10] [OCR] (6.07s): 1713 @¢ @> ko ful
[2025-10-10 17:14:10] 
[2025-10-10 17:14:10] q
[2025-10-10 17:14:10] 
[2025-10-10 17:14:10] o
[2025-10-10 17:14:10] ras
[2025-10-10 17:14:10] bsbe&eases b
[2025-10-10 17:14:10] 
[2025-10-10 17:14:10] 
[2025-10-10 17:14:10] [TEST] Facebook Web - Feed loading
[2025-10-10 17:14:10] [OCR] (0.00s): 713 @¢@-> nro full
[2025-10-10 17:14:10] 
[2025-10-10 17:14:10] q :
[2025-10-10 17:14:10] 
[2025-10-10 17:14:10] vo
[2025-10-10 17:14:10] 
[2025-10-10 17:14:10] por favor nunca tiengas
[2025-10-10 17:14:10] miedo de hablar de tus
[2025-10-10 17:14:10] problemas conmigo, no
[2025-10-10 17:14:10] me aburriria ni mucho
[2025-10-10 17:14:10] menos me vas a molestar,
[2025-10-10 17:14:10] 
[2025-10-10 17:14:10] 7 yo siempre v ra
[2025-10-10 17:14:10] = “ ticua es.
[2025-10-10 17:14:10] < e* »
[2025-10-10 17:14:10] 
[2025-10-10 17:14:10] 439 mil
[2025-10-10 17:14:10] 
[2025-10-10 17:14:10] coe
[2025-10-10 17:14:10] 
[2025-10-10 17:14:10] []
[2025-10-10 17:14:10] < > nr im
[2025-10-10 17:14:10] 
[2025-10-10 17:14:10] atras adelante alva
[2025-10-10 17:14:10] 
[2025-10-10 17:14:10] £1 jose_guox - audio original
[2025-10-10 17:14:10] 
[2025-10-10 17:14:10] pestanhas inicio
[2025-10-10 17:14:10] 
[2025-10-10 17:14:10] il o <
[2025-10-10 17:14:10] 
[2025-10-10 17:14:10] [OCR] (6.35s): 1714@0¢@- no full
[2025-10-10 17:14:10] 
[2025-10-10 17:14:10] @ what's on your mind? 2
[2025-10-10 17:14:10] @e photo
[2025-10-10 17:14:10] 
[2025-10-10 17:14:10] create story
[2025-10-10 17:14:10] 
[2025-10-10 17:14:10] an. \ planos de casas ° eco x
[2025-10-10 17:14:10] ill reels * sep 24° {@bryan todd > ©
[2025-10-10 17:14:10] mi meta es tener una casita lejos de todo apa
[2025-10-10 17:14:10] my goal is to have a little house away from everything
[2025-10-10 17:14:10] 
[2025-10-10 17:14:10] rea
[2025-10-10 17:14:10] 
[2025-10-10 17:14:10] translated from spanish
[2025-10-10 17:14:10] 
[2025-10-10 17:14:10] > im
[2025-10-10 17:14:10] 
[2025-10-10 17:14:10] atras adelante pestafhas inicio
[2025-10-10 17:14:10] 
[2025-10-10 17:14:10] 
[2025-10-10 17:14:10] 
[2025-10-10 17:14:10] [TEST] Facebook Web - Short video playback
[2025-10-10 17:14:10] [OCR] (0.00s): 1714@0¢@- no full
[2025-10-10 17:14:10] 
[2025-10-10 17:14:10] @ what's on your mind? 2
[2025-10-10 17:14:10] @e photo
[2025-10-10 17:14:10] 
[2025-10-10 17:14:10] create story
[2025-10-10 17:14:10] 
[2025-10-10 17:14:10] an. \ planos de casas ° eco x
[2025-10-10 17:14:10] ill reels * sep 24° {@bryan todd > ©
[2025-10-10 17:15:37] mi meta es tener una casita lejos de todo apa
[2025-10-10 17:15:37] my goal is to have a little house away from everything
[2025-10-10 17:15:37] 
[2025-10-10 17:15:37] rea
[2025-10-10 17:15:37] 
[2025-10-10 17:15:37] translated from spanish
[2025-10-10 17:15:37] 
[2025-10-10 17:15:37] > im
[2025-10-10 17:15:37] 
[2025-10-10 17:15:37] atras adelante pestafhas inicio
[2025-10-10 17:15:37] 
[2025-10-10 17:15:37] 
[2025-10-10 17:15:37] [INFO] Cerrando pestañas abiertas (fin de iteración)...
[2025-10-10 17:15:37] [INFO] Pestañas cerradas correctamente.
[2025-10-10 17:15:37] [INFO] 'Clear all' (Samsung) pulsado para cerrar las apps recientes.
[2025-10-10 17:15:37] 
[2025-10-10 17:15:37] [ITERACION 90]
[2025-10-10 17:15:37] 
[2025-10-10 17:15:37] [TEST] Instagram Web - Feed loading
[2025-10-10 17:15:37] [OCR] (0.00s): whatsapp
[2025-10-10 17:15:37] 
[2025-10-10 17:15:37] 
[2025-10-10 17:15:37] 
[2025-10-10 17:15:37] [TEST] Instagram Web - Short video playback
[2025-10-10 17:15:37] [OCR] (0.00s): 7140¢@-> ro full
[2025-10-10 17:15:37] 
[2025-10-10 17:15:37] q :
[2025-10-10 17:15:37] 
[2025-10-10 17:15:37] 
[2025-10-10 17:15:37] [OCR] (3.25s): 7140¢@-> ro full
[2025-10-10 17:15:37] 
[2025-10-10 17:15:37] q :
[2025-10-10 17:15:37] 
[2025-10-10 17:15:37] 
[2025-10-10 17:15:37] [OCR] (6.20s): 7140¢@-> nro full
[2025-10-10 17:15:37] 
[2025-10-10 17:15:37] rrr eee ee
[2025-10-10 17:15:37] 
[2025-10-10 17:15:37] ps)
[2025-10-10 17:15:37] 
[2025-10-10 17:15:37] @ .. mas
[2025-10-10 17:15:37] 
[2025-10-10 17:15:37] tantas cosas bonitas que
[2025-10-10 17:15:37] hay en el mundo pero nada
[2025-10-10 17:15:37] se compara con esos ojitos
[2025-10-10 17:15:37] 
[2025-10-10 17:15:37] y tu linda sonrisa que
[2025-10-10 17:15:37] tienes.
[2025-10-10 17:15:37] 
[2025-10-10 17:15:37] 70 mil
[2025-10-10 17:15:37] 
[2025-10-10 17:15:37] 149
[2025-10-10 17:15:37] 
[2025-10-10 17:15:37] dash._xavi + seguir
[2025-10-10 17:15:37] 
[2025-10-10 17:15:37] £2 billie eilish - wildflower
[2025-10-10 17:15:37] 
[2025-10-10 17:15:37] <
[2025-10-10 17:15:37] 
[2025-10-10 17:15:37] atras
[2025-10-10 17:15:37] 
[2025-10-10 17:15:37] > a a
[2025-10-10 17:15:37] 
[2025-10-10 17:15:37] adelante alva pestafhas inicio
[2025-10-10 17:15:37] 
[2025-10-10 17:15:37] o <
[2025-10-10 17:15:37] 
[2025-10-10 17:15:37] 
[2025-10-10 17:15:37] [TEST] Facebook Web - Feed loading
[2025-10-10 17:15:37] [OCR] (0.00s): 7140¢@->
[2025-10-10 17:15:37] 
[2025-10-10 17:15:37] rarer ee ee ee eo
[2025-10-10 17:15:37] 
[2025-10-10 17:15:37] @ .. mas
[2025-10-10 17:15:37] 
[2025-10-10 17:15:37] tantas cosas bonitas que
[2025-10-10 17:15:37] hay en el mundo pero nada
[2025-10-10 17:15:37] se compara con esos ojitos
[2025-10-10 17:15:37] 
[2025-10-10 17:15:37] y tu linda sonrisa que
[2025-10-10 17:15:37] 
[2025-10-10 17:15:37] dash._xavi °
[2025-10-10 17:15:37] 
[2025-10-10 17:15:37] tienes. 8
[2025-10-10 17:15:37] 
[2025-10-10 17:15:37] seguir
[2025-10-10 17:15:37] 
[2025-10-10 17:15:37] £2 billie eilish - wildflower
[2025-10-10 17:15:37] 
[2025-10-10 17:15:37] <
[2025-10-10 17:15:37] 
[2025-10-10 17:15:37] atras
[2025-10-10 17:15:37] 
[2025-10-10 17:15:37] >
[2025-10-10 17:15:37] 
[2025-10-10 17:15:37] adelante
[2025-10-10 17:15:37] 
[2025-10-10 17:15:37] alva
[2025-10-10 17:15:37] 
[2025-10-10 17:15:37] nos ull
[2025-10-10 17:15:37] q 3:
[2025-10-10 17:15:37] e
[2025-10-10 17:15:37] :
[2025-10-10 17:15:37] —
[2025-10-10 17:15:37] a)
[2025-10-10 17:15:37] *.
[2025-10-10 17:15:37] 70 mil
[2025-10-10 17:15:37] 149
[2025-10-10 17:15:37] 
[2025-10-10 17:15:37] @
[2025-10-10 17:15:37] 
[2025-10-10 17:15:37] pestanhas inicio
[2025-10-10 17:15:37] 
[2025-10-10 17:15:37] <
[2025-10-10 17:15:37] 
[2025-10-10 17:15:37] [OCR] (6.09s): no full
[2025-10-10 17:15:37] 
[2025-10-10 17:15:37] 17140¢@->.
[2025-10-10 17:15:37] 
[2025-10-10 17:15:37] facebook qe=
[2025-10-10 17:15:37] a sg © @ @ 8b
[2025-10-10 17:15:37] @ what's on your mind? 2
[2025-10-10 17:15:37] photo
[2025-10-10 17:15:37] 
[2025-10-10 17:15:37] create story
[2025-10-10 17:15:37] eco ><
[2025-10-10 17:15:37] 
[2025-10-10 17:15:37] 47m - ®
[2025-10-10 17:15:37] 
[2025-10-10 17:15:37] la cuadra sierra brava de oklahoma siempre
[2025-10-10 17:15:37] con caballos muy ligeros
[2025-10-10 17:15:37] the fourth sierra brava oklahoma always
[2025-10-10 17:15:37] 
[2025-10-10 17:15:37] light horses
[2025-10-10 17:15:37] translated from spanish
[2025-10-10 17:15:37] 
[2025-10-10 17:15:37] =
[2025-10-10 17:15:37] i
[2025-10-10 17:15:37] 
[2025-10-10 17:15:37] < > a
[2025-10-10 17:15:37] 
[2025-10-10 17:15:37] atras adelante pestafhas inicio
[2025-10-10 17:15:37] 
[2025-10-10 17:15:37] 
[2025-10-10 17:15:37] 
[2025-10-10 17:15:37] [TEST] Facebook Web - Short video playback
[2025-10-10 17:15:37] [OCR] (0.00s): 17140¢@->.
[2025-10-10 17:15:37] 
[2025-10-10 17:15:37] facebook qe=
[2025-10-10 17:15:37] a sg © @ @ 8b
[2025-10-10 17:15:37] @ what's on your mind? 2
[2025-10-10 17:15:37] photo
[2025-10-10 17:15:37] 
[2025-10-10 17:15:37] create story
[2025-10-10 17:15:37] eco ><
[2025-10-10 17:15:37] 
[2025-10-10 17:15:37] 47m - ®
[2025-10-10 17:15:37] 
[2025-10-10 17:15:37] la cuadra sierra brava de oklahoma siempre
[2025-10-10 17:15:37] con caballos muy ligeros
[2025-10-10 17:15:37] the fourth sierra brava oklahoma always
[2025-10-10 17:15:37] 
[2025-10-10 17:15:37] light horses
[2025-10-10 17:15:37] translated from spanish
[2025-10-10 17:15:37] 
[2025-10-10 17:15:37] =
[2025-10-10 17:15:37] i
[2025-10-10 17:15:37] 
[2025-10-10 17:15:37] < > a
[2025-10-10 17:15:37] 
[2025-10-10 17:15:37] atras adelante pestafhas inicio
[2025-10-10 17:15:37] 
[2025-10-10 17:15:37] 
[2025-10-10 17:15:37] [OCR] (5.07s): 17140¢@0> ro i ul
[2025-10-10 17:15:37] 
[2025-10-10 17:15:37] q :
[2025-10-10 17:15:37] te
[2025-10-10 17:15:37] 
[2025-10-10 17:15:37] \< reels)
[2025-10-10 17:15:37] 
[2025-10-10 17:15:37] 4 tap to unmute jy
[2025-10-10 17:15:37] oy &
[2025-10-10 17:15:37] 
[2025-10-10 17:15:37] | golivianos jpsi_ © af\ a
[2025-10-10 17:15:37] < > a a
[2025-10-10 17:15:37] 
[2025-10-10 17:15:37] atras adelante alva pestafhas inicio
[2025-10-10 17:15:37] 
[2025-10-10 17:15:37] [INFO] Cerrando pestañas abiertas (fin de iteración)...
[2025-10-10 17:15:37] [INFO] Pestañas cerradas correctamente.
[2025-10-10 17:15:37] [INFO] 'Clear all' (Samsung) pulsado para cerrar las apps recientes.
[2025-10-10 17:15:37] 
[2025-10-10 17:15:37] [ITERACION 91]
[2025-10-10 17:15:37] 
[2025-10-10 17:15:37] [TEST] Instagram Web - Feed loading
[2025-10-10 17:15:37] [OCR] (0.00s): 1715@0¢@-> nro full
[2025-10-10 17:15:37] 
[2025-10-10 17:15:37] @ buscar o escribir url
[2025-10-10 17:15:37] 
[2025-10-10 17:15:37] a a rn (0) oo
[2025-10-10 17:15:37] 
[2025-10-10 17:15:37] perfil alva pestanas apps
[2025-10-10 17:15:37] 
[2025-10-10 17:15:37] iii o <
[2025-10-10 17:15:37] 
[2025-10-10 17:15:37] [OCR] (5.40s): 17:15 @ ¢ nro full
[2025-10-10 17:15:37] 
[2025-10-10 17:15:37] < > a
[2025-10-10 17:15:37] 
[2025-10-10 17:15:37] atras adelante pestafhas inicio
[2025-10-10 17:15:37] 
[2025-10-10 17:15:37] 
[2025-10-10 17:15:37] 
[2025-10-10 17:15:37] [TEST] Instagram Web - Short video playback
[2025-10-10 17:15:37] [OCR] (0.00s): 7150¢@0>° nro sul
[2025-10-10 17:15:37] 
[2025-10-10 17:15:37] q :
[2025-10-10 17:15:37] 
[2025-10-10 17:15:37] 
[2025-10-10 17:15:37] [OCR] (3.02s): 1715@¢@> nro full
[2025-10-10 17:15:37] 
[2025-10-10 17:15:37] q
[2025-10-10 17:15:37] 
[2025-10-10 17:15:37] from
[2025-10-10 17:15:37] < > an @
[2025-10-10 17:15:37] atras adelante alva pestafhas inicio
[2025-10-10 17:15:37] 
[2025-10-10 17:15:37] il o <
[2025-10-10 17:15:37] 
[2025-10-10 17:15:37] [OCR] (6.18s): 715@0¢@> ko ful
[2025-10-10 17:15:37] 
[2025-10-10 17:15:37] q
[2025-10-10 17:15:37] 
[2025-10-10 17:15:37] o
[2025-10-10 17:15:37] ras
[2025-10-10 17:15:37] bsbe&eases b
[2025-10-10 17:15:37] 
[2025-10-10 17:15:37] 
[2025-10-10 17:15:37] [TEST] Facebook Web - Feed loading
[2025-10-10 17:15:37] [OCR] Error: Message: An unknown server-side error occurred while processing the command. Original error: Could not proxy command to the remote server. Original error: socket hang up
[2025-10-10 17:15:37] Stacktrace:
[2025-10-10 17:15:37] UnknownError: An unknown server-side error occurred while processing the command. Original error: Could not proxy command to the remote server. Original error: socket hang up
[2025-10-10 17:15:37]     at UIA2Proxy.command (/usr/local/lib/node_modules/appium/node_modules/@appium/base-driver/lib/jsonwp-proxy/proxy.js:359:13)
[2025-10-10 17:15:37]     at processTicksAndRejections (node:internal/process/task_queues:105:5)
[2025-10-10 17:15:37]     at AndroidUiautomator2Driver.getScreenshot (/home/pi/.appium/node_modules/appium-uiautomator2-driver/lib/commands/screenshot.js:42:5)
[2025-10-10 17:15:37] [OCR] Error: Message: A session is either terminated or not started; For documentation on this error, please visit: https://www.selenium.dev/documentation/webdriver/troubleshooting/errors#invalidsessionidexception
[2025-10-10 17:15:37] Stacktrace:
[2025-10-10 17:15:37] NoSuchDriverError: A session is either terminated or not started
[2025-10-10 17:15:37]     at asyncHandler (/usr/local/lib/node_modules/appium/node_modules/@appium/base-driver/lib/protocol/protocol.js:311:15)
[2025-10-10 17:15:37]     at /usr/local/lib/node_modules/appium/node_modules/@appium/base-driver/lib/protocol/protocol.js:514:15
[2025-10-10 17:15:37]     at Layer.handle [as handle_request] (/usr/local/lib/node_modules/appium/node_modules/express/lib/router/layer.js:95:5)
[2025-10-10 17:15:38]     at next (/usr/local/lib/node_modules/appium/node_modules/express/lib/router/route.js:149:13)
[2025-10-10 17:15:38]     at Route.dispatch (/usr/local/lib/node_modules/appium/node_modules/express/lib/router/route.js:119:3)
[2025-10-10 17:15:38]     at Layer.handle [as handle_request] (/usr/local/lib/node_modules/appium/node_modules/express/lib/router/layer.js:95:5)
[2025-10-10 17:15:38]     at /usr/local/lib/node_modules/appium/node_modules/express/lib/router/index.js:284:15
[2025-10-10 17:15:38]     at param (/usr/local/lib/node_modules/appium/node_modules/express/lib/router/index.js:365:14)
[2025-10-10 17:15:38]     at param (/usr/local/lib/node_modules/appium/node_modules/express/lib/router/index.js:376:14)
[2025-10-10 17:15:38]     at Function.process_params (/usr/local/lib/node_modules/appium/node_modules/express/lib/router/index.js:421:3)
[2025-10-10 17:15:38]     at next (/usr/local/lib/node_modules/appium/node_modules/express/lib/router/index.js:280:10)
[2025-10-10 17:15:38]     at logger (/usr/local/lib/node_modules/appium/node_modules/morgan/index.js:144:5)
[2025-10-10 17:15:38]     at Layer.handle [as handle_request] (/usr/local/lib/node_modules/appium/node_modules/express/lib/router/layer.js:95:5)
[2025-10-10 17:15:38]     at trim_prefix (/usr/local/lib/node_modules/appium/node_modules/express/lib/router/index.js:328:13)
[2025-10-10 17:15:38]     at /usr/local/lib/node_modules/appium/node_modules/express/lib/router/index.js:286:9
[2025-10-10 17:15:38]     at Function.process_params (/usr/local/lib/node_modules/appium/node_modules/express/lib/router/index.js:346:12)
[2025-10-10 17:15:38]     at next (/usr/local/lib/node_modules/appium/node_modules/express/lib/router/index.js:280:10)
[2025-10-10 17:15:38]     at jsonParser (/usr/local/lib/node_modules/appium/node_modules/body-parser/lib/types/json.js:113:7)
[2025-10-10 17:15:38]     at Layer.handle [as handle_request] (/usr/local/lib/node_modules/appium/node_modules/express/lib/router/layer.js:95:5)
[2025-10-10 17:15:38]     at trim_prefix (/usr/local/lib/node_modules/appium/node_modules/express/lib/router/index.js:328:13)
[2025-10-10 17:15:38]     at /usr/local/lib/node_modules/appium/node_modules/express/lib/router/index.js:286:9
[2025-10-10 17:15:38]     at Function.process_params (/usr/local/lib/node_modules/appium/node_modules/express/lib/router/index.js:346:12)
[2025-10-10 17:15:38] [OCR] Error: Message: A session is either terminated or not started; For documentation on this error, please visit: https://www.selenium.dev/documentation/webdriver/troubleshooting/errors#invalidsessionidexception
[2025-10-10 17:15:38] Stacktrace:
[2025-10-10 17:15:38] NoSuchDriverError: A session is either terminated or not started
[2025-10-10 17:15:38]     at asyncHandler (/usr/local/lib/node_modules/appium/node_modules/@appium/base-driver/lib/protocol/protocol.js:311:15)
[2025-10-10 17:15:38]     at /usr/local/lib/node_modules/appium/node_modules/@appium/base-driver/lib/protocol/protocol.js:514:15
[2025-10-10 17:15:38]     at Layer.handle [as handle_request] (/usr/local/lib/node_modules/appium/node_modules/express/lib/router/layer.js:95:5)
[2025-10-10 17:15:38]     at next (/usr/local/lib/node_modules/appium/node_modules/express/lib/router/route.js:149:13)
[2025-10-10 17:15:38]     at Route.dispatch (/usr/local/lib/node_modules/appium/node_modules/express/lib/router/route.js:119:3)
[2025-10-10 17:15:38]     at Layer.handle [as handle_request] (/usr/local/lib/node_modules/appium/node_modules/express/lib/router/layer.js:95:5)
[2025-10-10 17:15:38]     at /usr/local/lib/node_modules/appium/node_modules/express/lib/router/index.js:284:15
[2025-10-10 17:15:38]     at param (/usr/local/lib/node_modules/appium/node_modules/express/lib/router/index.js:365:14)
[2025-10-10 17:15:38]     at param (/usr/local/lib/node_modules/appium/node_modules/express/lib/router/index.js:376:14)
[2025-10-10 17:15:38]     at Function.process_params (/usr/local/lib/node_modules/appium/node_modules/express/lib/router/index.js:421:3)
[2025-10-10 17:15:38]     at next (/usr/local/lib/node_modules/appium/node_modules/express/lib/router/index.js:280:10)
[2025-10-10 17:15:38]     at logger (/usr/local/lib/node_modules/appium/node_modules/morgan/index.js:144:5)
[2025-10-10 17:15:38]     at Layer.handle [as handle_request] (/usr/local/lib/node_modules/appium/node_modules/express/lib/router/layer.js:95:5)
[2025-10-10 17:15:38]     at trim_prefix (/usr/local/lib/node_modules/appium/node_modules/express/lib/router/index.js:328:13)
[2025-10-10 17:15:38]     at /usr/local/lib/node_modules/appium/node_modules/express/lib/router/index.js:286:9
[2025-10-10 17:15:38]     at Function.process_params (/usr/local/lib/node_modules/appium/node_modules/express/lib/router/index.js:346:12)
[2025-10-10 17:15:38]     at next (/usr/local/lib/node_modules/appium/node_modules/express/lib/router/index.js:280:10)
